Time,Water Heating Electric Power (kW),Water Heating Mode,Water Heating Delivered (W),Water Heating COP (-),Water Heating Total Sensible Heat Gain (W),Water Heating Deadband Upper Limit (C),Water Heating Deadband Lower Limit (C),Water Heating Heat Pump Max Capacity (W),Water Heating Heat Pump On Fraction (-),Water Heating Heat Pump COP (-),Hot Water Unmet Demand (kW),Hot Water Outlet Temperature (C),Hot Water Delivered (L/min),Hot Water Delivered (W),Hot Water Heat Injected (W),Hot Water Heat Loss (W),Hot Water Average Temperature (C),Hot Water Maximum Temperature (C),Hot Water Minimum Temperature (C),Hot Water Mains Temperature (C)
2018-01-01 00:00:00,0.001,Off,0.0,0.0,50.29478708413695,51.0,45.44,2291.3904722222223,0,4.465457227777777,0.0,50.44444444444444,0.0,0.0,0.0,66.0597161121826,50.444444444444436,50.44444444444444,50.44444444444444,7.0
2018-01-01 00:01:00,0.001,Off,0.0,0.0,50.287696036983746,51.0,45.44,2291.476998893037,0,4.465787780040886,0.0,50.43737585299074,0.0,0.0,0.0,66.05026138264499,50.440654262310346,50.441310293894844,50.43737585299074,7.0
2018-01-01 00:02:00,0.001,Off,0.0,0.0,50.280607164885154,51.0,45.44,2291.5635289806796,0,4.466118371181074,0.0,50.430312395126904,0.0,0.0,0.0,66.04080955318021,50.436864622642204,50.438176465995234,50.430312395126904,7.0
2018-01-01 00:03:00,0.001,Off,0.0,0.0,50.273520465124406,51.0,45.44,2291.6500624347104,0,4.4664490010152225,0.0,50.42325406229174,0.0,0.0,0.0,66.03136062016587,50.43307552527362,50.435042960712394,50.42325406229174,7.0
2018-01-01 00:04:00,0.001,Off,0.0,0.0,50.26643593503887,51.0,45.44,2291.736599204821,0,4.466779669360656,0.0,50.41620084594321,0.0,0.0,0.0,66.02191458005183,50.42928697003843,50.431909778013114,50.41620084594321,7.0
2018-01-01 00:05:00,0.001,Off,0.0,0.0,50.25935357208208,51.0,45.44,2291.8231392408356,0,4.4671103760351505,0.0,50.4091527375584,0.0,0.0,0.0,66.01247142944277,50.42549895677062,50.428776917864184,50.4091527375584,7.0
2018-01-01 00:06:00,0.001,Off,0.0,0.0,50.25227337361465,51.0,45.44,2291.9096824927115,0,4.467441120856932,0.0,50.40210972863347,0.0,0.0,0.0,66.00303116481953,50.42171148530445,50.425644380232406,50.40210972863347,7.0
2018-01-01 00:07:00,0.001,Off,0.0,0.0,50.2451953369972,51.0,45.44,2291.9962289105347,0,4.4677719036446755,0.0,50.395071810683575,0.0,0.0,0.0,65.99359378266293,50.417924555474286,50.42251216508457,50.395071810683575,7.0
2018-01-01 00:08:00,0.001,Off,0.0,0.0,50.23811945970647,51.0,45.44,2292.0827784445273,0,4.468102724217499,0.0,50.388038975242864,0.0,0.0,0.0,65.98415927960862,50.41413816711476,50.41938027238748,50.388038975242864,7.0
2018-01-01 00:09:00,0.001,Off,0.0,0.0,50.231045739041136,51.0,45.44,2292.1693310450382,0,4.468433582394972,0.0,50.381011213864404,0.0,0.0,0.0,65.97472765205485,50.41035232006071,50.41624870210794,50.381011213864404,7.0
2018-01-01 00:10:00,0.001,Off,0.0,0.0,50.223974172477966,51.0,45.44,2292.2558866625463,0,4.468764477997104,0.0,50.373988518120136,0.0,0.0,0.0,65.9652988966373,50.406567014147136,50.41311745421277,50.373988518120136,7.0
2018-01-01 00:11:00,0.001,Off,0.0,0.0,50.216904757385294,51.0,45.44,2292.3424452476675,0,4.469095410844349,0.0,50.36697087960082,0.0,0.0,0.0,65.95587300984705,50.40278224920924,50.40998652866876,50.36697087960082,7.0
2018-01-01 00:12:00,0.001,Off,0.0,0.0,47.76679563952166,51.0,45.44,2292.4290067511397,0,4.4694263807576,0.0,50.35995828991601,9.286601799160707,28072.577777777813,0.0,62.68906085269555,50.398998025082456,50.40685592544274,50.35995828991601,7.0
2018-01-01 00:13:00,0.001,Off,0.0,0.0,45.31905235394214,51.0,45.44,2315.368642575685,0,4.55807108800024,0.0,50.37373314260754,0.0,0.0,0.0,59.425403138589516,48.78473456792938,50.40372564450129,31.035770644289123,7.0
2018-01-01 00:14:00,0.001,Off,0.0,0.0,45.315530493611476,51.0,45.44,2315.5472319023297,0,4.558768679372489,0.0,50.366707450784794,0.0,0.0,0.0,59.4207073248153,48.781325030096895,50.400595685811695,31.050381633778496,7.0
2018-01-01 00:15:00,0.001,Off,0.0,0.0,45.312004874709096,51.0,45.44,2315.725575345075,0,4.559465428293687,0.0,50.359686824874,0.0,0.0,0.0,59.41600649961213,48.777915761687154,50.397466049340544,31.064958263502707,7.0
2018-01-01 00:16:00,0.001,Off,0.0,0.0,45.308475507974435,51.0,45.44,2315.903673511567,0,4.560161336715205,0.0,50.3526712564636,0.0,0.0,0.0,59.41130067729925,48.774506762987684,50.39433673505467,31.079500614759425,7.0
2018-01-01 00:17:00,0.001,Off,0.0,0.0,45.30494240396497,51.0,45.44,2316.08152700767,0,4.56085640658325,0.0,50.34566073716083,0.0,0.0,0.0,59.406589871953294,48.77109803428518,50.39120774292091,31.09400876863612,7.0
2018-01-01 00:18:00,0.001,Off,0.0,0.0,45.301405573280796,51.0,45.44,2316.2591364374716,0,4.561550639838881,0.0,50.33865525859164,0.0,0.0,0.0,59.401874097707726,48.76768957586556,50.38807907290609,31.10848280601063,7.0
2018-01-01 00:19:00,0.001,Off,0.0,0.0,45.29786502646776,51.0,45.44,2316.436502403289,0,4.562244038418022,0.0,50.331654812400714,0.0,0.0,0.0,59.397153368623684,48.764281388013906,50.38495072497704,31.12292280755176,7.0
2018-01-01 00:20:00,0.001,Off,0.0,0.0,45.29432077409889,51.0,45.44,2316.6136255056736,0,4.562936604251478,0.0,50.324659390251334,0.0,0.0,0.0,59.39242769879853,48.760873471014506,50.38182269910061,31.137328853719833,7.0
2018-01-01 00:21:00,0.001,Off,0.0,0.0,45.290772826588494,51.0,45.44,2316.7905063434205,0,4.563628339264952,0.0,50.317668983825406,0.0,0.0,0.0,59.387697102118,48.75746582515085,50.378694995243634,31.15170102476728,7.0
2018-01-01 00:22:00,0.001,Off,0.0,0.0,45.287221194490186,51.0,45.44,2316.9671455135685,0,4.564319245379054,0.0,50.31068358482339,0.0,0.0,0.0,59.38296159265359,48.754058450705585,50.375567613372965,31.16603940073921,7.0
2018-01-01 00:23:00,0.001,Off,0.0,0.0,45.28366588821055,51.0,45.44,2317.1435436114116,0,4.5650093245093135,0.0,50.30370318496423,0.0,0.0,0.0,59.37822118428073,48.75065134796061,50.372440553455455,31.18034406147397,7.0
2018-01-01 00:24:00,0.001,Off,0.0,0.0,45.280106918156136,51.0,45.44,2317.3197012305,0,4.565698578566206,0.0,50.29672777598533,0.0,0.0,0.0,59.37347589087485,48.747244517197004,50.36931381545794,31.19461508660374,7.0
2018-01-01 00:25:00,0.001,Off,0.0,0.0,45.27654429478386,51.0,45.44,2317.495618962647,0,4.566387009455153,0.0,50.28975734964253,0.0,0.0,0.0,59.368725726378486,48.74383795869501,50.36618739934729,31.20885255555507,7.0
2018-01-01 00:26:00,0.001,Off,0.0,0.0,45.27297802833385,51.0,45.44,2317.671297397939,0,4.567074619076547,0.0,50.28279189771,0.0,0.0,0.0,59.36397070444514,48.74043167273415,50.36306130509035,31.22305654754946,7.0
2018-01-01 00:27:00,0.001,Off,0.0,0.0,45.26940812927462,51.0,45.44,2317.8467371247325,0,4.567761409325758,0.0,50.27583141198024,0.0,0.0,0.0,59.359210839032826,48.73702565959309,50.35993553265397,31.237227141603935,7.0
2018-01-01 00:28:00,0.001,Off,0.0,0.0,45.26583460785792,51.0,45.44,2318.0219387296684,0,4.568447382093154,0.0,50.26887588426403,0.0,0.0,0.0,59.354446143810556,48.73361991954971,50.356810082005026,31.251364416531576,7.0
2018-01-01 00:29:00,0.001,Off,0.0,0.0,45.26225747433939,51.0,45.44,2318.196902797673,0,4.5691325392641104,0.0,50.261925306390346,0.0,0.0,0.0,59.34967663245252,48.73021445288117,50.353684953110374,31.265468450942127,7.0
2018-01-01 00:30:00,0.001,Off,0.0,0.0,45.25867673902112,51.0,45.44,2318.371629911964,0,4.569816882719028,0.0,50.254979670206374,0.0,0.0,0.0,59.34490231869483,48.72680925986377,50.35056014593687,31.279539323242503,7.0
2018-01-01 00:31:00,0.001,Off,0.0,0.0,45.255092412065885,51.0,45.44,2318.546120654056,0,4.57050041433334,0.0,50.248038967577415,0.0,0.0,0.0,59.34012321608785,48.72340434077305,50.34743566045138,31.293577111637394,7.0
2018-01-01 00:32:00,0.001,Off,0.0,0.0,45.264510457527464,51.0,45.44,2318.720375603768,0,4.571183135977536,0.0,50.33353119856404,0.0,0.0,0.0,59.35268061003662,48.719999695883764,50.344311496620776,31.307581894129786,7.0
2018-01-01 00:33:00,0.001,Off,0.0,0.0,45.26089152914943,51.0,45.44,2318.8943953392254,0,4.5718650495171715,0.0,50.32641475500912,0.0,0.0,0.0,59.34785537219924,48.71659433051289,50.34118765441191,31.321553748521538,7.0
2018-01-01 00:34:00,0.001,Off,0.0,0.0,45.257269103695265,51.0,45.44,2319.0681804368683,0,4.572546156812872,0.0,50.31930365550987,0.0,0.0,0.0,59.343025471593684,48.713189241990456,50.33806413379163,31.33549275241393,7.0
2018-01-01 00:35:00,0.001,Off,0.0,0.0,45.25364319111102,51.0,45.44,2319.2417314714567,0,4.573226459720369,0.0,50.31219789087971,0.0,0.0,0.0,59.338190921481356,48.70978443058401,50.33494093472671,31.3493989832082,7.0
2018-01-01 00:36:00,0.001,Off,0.0,0.0,45.25001380134271,51.0,45.44,2319.4150490160755,0,4.573905960090494,0.0,50.30509745195303,0.0,0.0,0.0,59.333351735123614,48.70637989656031,50.331818057183874,31.36327251810611,7.0
2018-01-01 00:37:00,0.001,Off,0.0,0.0,43.39438376288581,51.0,45.44,2319.5881336421385,0,4.574584659769199,0.0,50.29800232958519,9.299890179726102,28072.57777777781,0.0,56.85917835051441,48.702975640185336,50.32869550112979,31.3771134341105,7.0
2018-01-01 00:38:00,0.001,Off,0.0,0.0,41.539466272582644,51.0,45.44,2388.052297812543,0,4.852550432715954,0.0,50.26316830183618,0.0,0.0,0.0,54.385955030110196,47.08904667306348,50.32557326593056,20.511531991105954,7.0
2018-01-01 00:39:00,0.001,Off,0.0,0.0,41.53690039602355,51.0,45.44,2388.208567733528,0,4.853208307043993,0.0,50.25615147096122,0.0,0.0,0.0,54.38253386136473,47.085926274018,50.322451352645544,20.530157891771026,7.0
2018-01-01 00:40:00,0.001,Off,0.0,0.0,41.53433089387161,51.0,45.44,2388.364633000817,0,4.853865434897566,0.0,50.24913976307099,0.0,0.0,0.0,54.37910785849549,47.082806071262375,50.3193297607337,20.548751026000577,7.0
2018-01-01 00:41:00,0.001,Off,0.0,0.0,41.53175777448618,51.0,45.44,2388.5204940663107,0,4.854521817792245,0.0,50.242133169542036,0.0,0.0,0.0,54.37567703264824,47.07968606507399,50.31620849015997,20.567311459259493,7.0
2018-01-01 00:42:00,0.001,Off,0.0,0.0,41.52918104621494,51.0,45.44,2388.676151380713,0,4.855177457240014,0.0,50.235131681770355,0.0,0.0,0.0,54.37224139495325,47.076566255729546,50.31308754088915,20.585839256863345,7.0
2018-01-01 00:43:00,0.001,Off,0.0,0.0,41.52660071742493,51.0,45.44,2388.831605393528,0,4.855832354749286,0.0,50.22813529117137,0.0,0.0,0.0,54.36880095656657,47.073446643505115,50.309966912885876,20.60433448397877,7.0
2018-01-01 00:44:00,0.001,Off,0.0,0.0,41.524016796421286,51.0,45.44,2388.986856553067,0,4.856486511824911,0.0,50.22114398917984,0.0,0.0,0.0,54.36535572856172,47.07032722867615,50.30684660611465,20.62279720562385,7.0
2018-01-01 00:45:00,0.001,Off,0.0,0.0,41.52142929147821,51.0,45.44,2389.1419053064515,0,4.8571399299681755,0.0,50.214157767249866,0.0,0.0,0.0,54.36190572197095,47.06720801151745,50.303726620539784,20.641227486668463,7.0
2018-01-01 00:46:00,0.001,Off,0.0,0.0,41.51883821089694,51.0,45.44,2389.296752099615,0,4.8577926106768325,0.0,50.20717661685478,0.0,0.0,0.0,54.358450947862586,47.064088992303176,50.30060695612548,20.659625391834673,7.0
2018-01-01 00:47:00,0.001,Off,0.0,0.0,41.51624356286266,51.0,45.44,2389.451397377312,0,4.85844455544509,0.0,50.20020052948714,0.0,0.0,0.0,54.35499141715022,47.060970171306884,50.29748761283573,20.677990985697086,7.0
2018-01-01 00:48:00,0.001,Off,0.0,0.0,41.51364535572304,51.0,45.44,2389.605841583112,0,4.859095765763623,0.0,50.19322949665868,0.0,0.0,0.0,54.35152714096405,47.05785154880147,50.2943685906344,20.696324332683226,7.0
2018-01-01 00:49:00,0.001,Off,0.0,0.0,41.51104359763615,51.0,45.44,2389.7600851594148,0,4.859746243119601,0.0,50.18626350990023,0.0,0.0,0.0,54.348058130181535,47.05473312505922,50.29124988948516,20.714625497073893,7.0
2018-01-01 00:50:00,0.001,Off,0.0,0.0,41.508438296794935,51.0,45.44,2389.9141285474443,0,4.860395988996671,0.0,50.1793025607617,0.0,0.0,0.0,54.34458439572658,47.05161490035179,50.288131509351516,20.73289454300354,7.0
2018-01-01 00:51:00,0.001,Off,0.0,0.0,41.50582946143483,51.0,45.44,2390.067972187255,0,4.861045004874985,0.0,50.172346640812,0.0,0.0,0.0,54.34110594857977,47.04849687495017,50.28501345019681,20.75113153446063,7.0
2018-01-01 00:52:00,0.001,Off,0.0,0.0,41.503217099644246,51.0,45.44,2390.221616517739,0,4.861693292231202,0.0,50.16539574163904,0.0,0.0,0.0,54.33762279952566,47.04537904912476,50.28189571198417,20.769336535287998,7.0
2018-01-01 00:53:00,0.001,Off,0.0,0.0,41.50060121961609,51.0,45.44,2390.375061976624,0,4.862340852538502,0.0,50.158449854849614,0.0,0.0,0.0,54.33413495948812,47.04226142314535,50.2787782946766,20.78750960918322,7.0
2018-01-01 00:54:00,0.001,Off,0.0,0.0,41.49798182946201,51.0,45.44,2390.5283090004814,0,4.862987687266581,0.0,50.15150897206942,0.0,0.0,0.0,54.330642439282684,47.03914399728107,50.27566119823686,20.80565081969898,7.0
2018-01-01 00:55:00,0.001,Off,0.0,0.0,41.49535893730135,51.0,45.44,2390.6813580247285,0,4.863633797881683,0.0,50.144573084942955,0.0,0.0,0.0,54.327145249735125,47.03602677180046,50.27254442262757,20.823760230243412,7.0
2018-01-01 00:56:00,0.001,Off,0.0,0.0,41.49273255117608,51.0,45.44,2390.8342094836275,0,4.864279185846584,0.0,50.13764218513351,0.0,0.0,0.0,54.32364340156811,47.03290974697139,50.269427967811126,20.841837904080478,7.0
2018-01-01 00:57:00,0.001,Off,0.0,0.0,41.4901026792288,51.0,45.44,2390.9868638102953,0,4.864923852620622,0.0,50.13071626432309,0.0,0.0,0.0,54.3201369056384,47.029792923061194,50.266311833749754,20.859883904330328,7.0
2018-01-01 00:58:00,0.001,Off,0.0,0.0,41.48746932943957,51.0,45.44,2391.139321436705,0,4.865567799659693,0.0,50.123795314212394,0.0,0.0,0.0,54.31662577258609,47.02667630033651,50.263196020405466,20.87789829396964,7.0
2018-01-01 00:59:00,0.001,Off,0.0,0.0,39.965231654333365,51.0,45.44,2391.2915827936877,0,4.866211028416262,0.0,50.11687932652075,9.338956644271587,28072.577777777813,0.0,52.286975539111154,47.02355987906339,50.260080527740065,20.89588113583199,7.0
2018-01-01 01:00:00,0.001,Off,0.0,0.0,37.11927559279502,51.0,45.44,2473.2062762778996,0,5.230133085159229,0.0,50.15108704199895,9.331553253218205,28072.577777777817,0.0,48.49236745706003,45.40989324248772,50.256965284147284,14.684146917737703,7.0
2018-01-01 01:01:00,0.001,Off,0.0,0.0,35.79285504488581,51.0,45.44,2552.6612221838654,0,5.626467338219355,0.0,50.17858974103298,0.0,0.0,0.0,46.72380672651442,43.796444321890924,50.253850223916245,11.257521495998724,7.0
2018-01-01 01:02:00,0.001,Off,0.0,0.0,35.790189882056225,51.0,45.44,2552.7245331927975,0,5.626805113688486,0.0,50.171635194194685,0.0,0.0,0.0,46.72025317607496,43.79376353929128,50.25073566924126,11.271170811938642,7.0
2018-01-01 01:03:00,0.001,Off,0.0,0.0,35.78752375553715,51.0,45.44,2552.787790631659,0,5.627142643647642,0.0,50.16468563825613,0.0,0.0,0.0,46.716698340716206,43.7910829605769,50.24762143365249,11.284806343180724,7.0
2018-01-01 01:04:00,0.001,Off,0.0,0.0,35.78485666662118,51.0,45.44,2552.850994578422,0,5.627479928425838,0.0,50.157741064938506,0.0,0.0,0.0,46.71314222216157,43.7884025858215,50.244507517059425,11.298428106555681,7.0
2018-01-01 01:05:00,0.001,Off,0.0,0.0,35.78218861663574,51.0,45.44,2552.9141451109185,0,5.627816968351557,0.0,50.1508014659815,0.0,0.0,0.0,46.70958482218099,43.78572241509874,50.24139391937073,11.312036118869251,7.0
2018-01-01 01:06:00,0.001,Off,0.0,0.0,35.779519606875375,51.0,45.44,2552.9772423068403,0,5.628153763752765,0.0,50.14386683314324,0.0,0.0,0.0,46.7060261425005,43.78304244848212,50.238280640494246,11.325630396902262,7.0
2018-01-01 01:07:00,0.001,Off,0.0,0.0,35.77684963862298,51.0,45.44,2553.0402862437386,0,5.628490314956888,0.0,50.13693715820027,0.0,0.0,0.0,46.70246618483064,43.780362686045066,50.23516768033698,11.33921095741066,7.0
2018-01-01 01:08:00,0.001,Off,0.0,0.0,35.774178713192455,51.0,45.44,2553.103276999029,0,5.628826622290832,0.0,50.13001243294749,0.0,0.0,0.0,46.69890495092327,43.7776831278609,50.23205503880514,11.352777817125563,7.0
2018-01-01 01:09:00,0.001,Off,0.0,0.0,34.55265858423536,51.0,45.44,2553.166214649985,0,5.629162686080976,0.0,50.12309264919811,9.337611055457428,28072.577777777813,0.0,45.070211445647146,43.77500377400285,50.2289427158041,11.366330992753293,7.0
2018-01-01 01:10:00,0.001,Off,0.0,0.0,33.331021948530235,51.0,45.44,2621.775988166032,0,6.023239769818389,0.0,50.156092975750205,0.0,0.0,0.0,43.441362598040314,42.161751199914015,50.22582579951702,9.421369452982583,7.0
2018-01-01 01:11:00,0.001,Off,0.0,0.0,33.32817548547654,51.0,45.44,2621.807083252972,0,6.0234331182315035,0.0,50.14914480050806,0.0,0.0,0.0,43.43756731396872,42.1592587478405,50.22271387326618,9.431922904364944,7.0
2018-01-01 01:12:00,0.001,Off,0.0,0.0,33.32532894807139,51.0,45.44,2621.838160243759,0,6.02362636989532,0.0,50.14220160466427,0.0,0.0,0.0,43.43377193076185,42.156766513521745,50.21960226004419,9.442468769262762,7.0
2018-01-01 01:13:00,0.001,Off,0.0,0.0,33.32248233599551,51.0,45.44,2621.8692191558125,0,6.023819524894668,0.0,50.13526337997299,0.0,0.0,0.0,43.429976447994015,42.15427449696343,50.21649095977881,9.453007053566,7.0
2018-01-01 01:14:00,0.001,Off,0.0,0.0,33.31963564891609,51.0,45.44,2621.900260006533,0,6.024012583314312,0.0,50.12833011820677,0.0,0.0,0.0,43.426180865221454,42.151782698171296,50.21337997239484,9.463537763159923,7.0
2018-01-01 01:15:00,0.001,Off,0.0,0.0,33.3167888865177,51.0,45.44,2621.9312828133043,0,6.024205545238949,0.0,50.12140181115653,0.0,0.0,0.0,43.422385182023596,42.14929111715106,50.210269297814165,9.474060903925116,7.0
2018-01-01 01:16:00,0.001,Off,0.0,0.0,33.31394204849655,51.0,45.44,2621.9622875934933,0,6.0243984107532,0.0,50.114478450631495,0.0,0.0,0.0,43.4185893979954,42.14679975390849,50.20715893595578,9.48457648173747,7.0
2018-01-01 01:17:00,0.001,Off,0.0,0.0,33.31109513450241,51.0,45.44,2621.9932743644495,0,6.0245911799416225,0.0,50.10756002845914,0.0,0.0,0.0,43.41479351266988,42.14430860844936,50.20404888673577,9.495084502468202,7.0
2018-01-01 01:18:00,0.001,Off,0.0,0.0,33.3082481442392,51.0,45.44,2622.0242431435045,0,6.024783852888698,0.0,50.10064653648517,0.0,0.0,0.0,43.41099752565227,42.14181768077951,50.20093915006737,9.505584971983845,7.0
2018-01-01 01:19:00,0.001,Off,0.0,0.0,32.145077606235645,51.0,45.44,2622.0551939479724,0,6.024976429678842,0.0,50.09373796657346,9.343971668900105,28072.577777777813,0.0,41.86010347498086,42.13932697090473,50.19782972586097,9.51607789614626,7.0
2018-01-01 01:20:00,0.4533784791931828,Heat Pump On,2677.4618144086758,5.905577651531669,-1434.4038844109368,51.0,45.44,2677.461814408676,1,6.399616489767822,0.0,50.128987010030656,0.0,0.0,2677.4618144086758,40.45482244171808,40.52625857704848,50.19471270683148,8.396902633501671,7.0
2018-01-01 01:21:00,0.45486585111357314,Heat Pump On,2672.8945929139622,5.876226114513443,-1430.1924157629496,51.0,45.44,2672.894592913962,1,6.366068080614033,0.0,50.122044909632876,0.0,0.0,2672.8945929139622,40.742071767075686,40.67755708961652,50.25233383542274,8.489005798464005,7.0
2018-01-01 01:22:00,0.45632863793218403,Heat Pump On,2668.3372160097465,5.847402495055096,-1425.9921811617528,51.0,45.44,2668.3372160097465,1,6.333149413022419,0.0,50.199166069772446,0.0,0.0,2668.3372160097465,41.044640492584676,40.82857707648604,50.19916606977245,8.581313833233748,7.0
2018-01-01 01:23:00,0.4578186407520354,Heat Pump On,2663.628986867317,5.818087665657102,-1421.6866193101773,51.0,45.44,2663.628986867317,1,6.299696205753187,0.0,50.19215442705454,0.0,0.0,2663.628986867317,41.33094550121177,40.97931822353939,50.27942484379613,8.67382561123383,7.0
2018-01-01 01:24:00,0.45923590896815075,Heat Pump On,2659.089532338057,5.790247409686929,-1417.5329161171962,51.0,45.44,2659.0895323380564,1,6.267950157273664,0.0,50.24115634188994,0.0,0.0,2659.089532338057,41.62730040925544,41.12977280874805,50.24115634188995,8.766534970945015,7.0
2018-01-01 01:25:00,0.46072857513192356,Heat Pump On,2654.245081047015,5.7609734327570346,-1413.1363997721155,51.0,45.44,2654.245081047015,1,6.234594612834069,0.0,50.234134949870175,0.0,0.0,2654.245081047015,41.91265884245968,41.27994993895674,50.402468898943035,8.859445758367194,7.0
2018-01-01 01:26:00,0.46210176661641955,Heat Pump On,2649.7316214631896,5.73408675942733,-1409.0266457912692,51.0,45.44,2649.73162146319,1,6.203981881074532,0.0,50.30451924546261,0.0,0.0,2649.7316214631896,42.21207787679941,41.42983274587261,50.30451924546261,8.952546987041357,7.0
2018-01-01 01:27:00,0.46359712970673433,Heat Pump On,2644.7555915362773,5.704857562878606,-1404.5422279864756,51.0,45.44,2644.7555915362773,1,6.170726326016087,0.0,50.29748314184317,0.0,0.0,2644.7555915362773,42.496475761363854,41.579439413446295,50.46561277158804,9.045847579264631,7.0
2018-01-01 01:28:00,0.46497250617812214,Heat Pump On,2640.1234508644966,5.678020562043974,-1400.3534519745804,51.0,45.44,2640.1234508644966,1,6.140214578675383,0.0,50.36772051114112,0.0,0.0,2640.1234508644966,42.79489535790208,41.728744263502705,50.36772051114112,9.13933161716233,7.0
2018-01-01 01:29:00,0.4664706575632398,Heat Pump On,2635.018307617125,5.648840425209154,-1395.7827204971654,51.0,45.44,2635.018307617125,1,6.10706258103059,0.0,50.36066973345111,0.0,0.0,2635.018307617125,43.078304717865194,41.87776622222171,50.52857744817203,9.233008417073858,7.0
2018-01-01 01:30:00,0.4678483033246822,Heat Pump On,2630.269829328323,5.622057001461307,-1391.5164353138825,51.0,45.44,2630.269829328323,1,6.076655052417616,0.0,50.43075295090575,0.0,0.0,2630.2698293283233,43.37569579802721,42.02647901225179,50.43075295090576,9.326861725233085,7.0
2018-01-01 01:31:00,0.46934934029424585,Heat Pump On,2625.0380732241765,5.5929301436292205,-1386.8609968472547,51.0,45.44,2625.0380732241765,1,6.0436101306056305,0.0,50.42368753834316,0.0,0.0,2625.0380732241765,43.65808918199946,42.17490229507447,50.5913560108127,9.420901248568269,7.0
2018-01-01 01:32:00,0.47072934499191993,Heat Pump On,2620.175630958288,5.566204144343844,-1382.5187313248862,51.0,45.44,2620.1756309582884,1,6.013310007860215,0.0,50.49360949895447,0.0,0.0,2620.175630958288,43.95442321722294,42.323009203075934,50.49360949895448,9.515110402696246,7.0
2018-01-01 01:33:00,0.4722333708655341,Heat Pump On,2614.819795451781,5.537134723577883,-1377.7802099478836,51.0,45.44,2614.8197954517814,1,5.980375629324821,0.0,50.48652949235785,0.0,0.0,2614.819795451781,44.23577370538624,42.470820125824645,50.65394166864929,9.609499281527496,7.0
2018-01-01 01:34:00,0.4736158295826122,Heat Pump On,2609.8457910178945,5.5104699378774935,-1373.363507503489,51.0,45.44,2609.8457910178945,1,5.9501860511998155,0.0,50.556283213604765,0.0,0.0,2609.8457910178945,44.53102272506294,42.61830761452154,50.55628321360477,9.704050975426998,7.0
2018-01-01 01:35:00,0.47512295382030784,Heat Pump On,2604.368440393201,5.481462049880623,-1368.5435431862952,51.0,45.44,2604.3684403932016,1,5.917365631097045,0.0,50.54918865542437,0.0,0.0,2604.368440393201,44.811303935752676,42.76549277932917,50.71632775949198,9.798775961532243,7.0
2018-01-01 01:36:00,0.4763989476474264,Heat Pump On,2599.6871171576986,5.456953945838009,-1364.386898075384,51.0,45.44,2599.687117157699,1,5.889654089602034,0.0,50.648567164420214,0.0,0.0,2599.6871171576986,45.111058401861555,42.91234759949407,50.64856716442022,9.89365701040697,7.0
2018-01-01 01:37:00,0.47790913504008714,Heat Pump On,2594.0953786417786,5.428009611961456,-1359.4902058237244,51.0,45.44,2594.0953786417786,1,5.856947110397689,0.0,50.641451179751094,0.0,0.0,2594.0953786417786,45.390286604522316,43.0589166298793,50.88387702290376,9.988717579997584,7.0
2018-01-01 01:38:00,0.4791090331056091,Heat Pump On,2589.6136001084897,5.405061105449176,-1355.513316537376,51.0,45.44,2589.6136001084897,1,5.8310311366548575,0.0,50.761778880928574,0.0,0.0,2589.6136001084897,45.69293024603303,43.20514881302272,50.76177888092859,10.083927720165693,7.0
2018-01-01 01:39:00,0.4806222849131054,Heat Pump On,2583.9130946190257,5.376182452892685,-1350.5435997885209,51.0,45.44,2583.9130946190257,1,5.798437784867242,0.0,50.754636610761835,0.0,0.0,2583.9130946190257,45.97111282318201,43.351106489514954,50.996595684204095,10.179320726107381,7.0
2018-01-01 01:40:00,0.4818239767140114,Heat Pump On,2579.348499641818,5.353300425671429,-1346.5117071645948,51.0,45.44,2579.348499641818,1,5.772627777521267,0.0,50.87460420579619,0.0,0.0,2579.348499641818,46.27263729034348,43.49672113824338,50.874604205796196,10.274857011809168,7.0
2018-01-01 01:41:00,0.4833404040471052,Heat Pump On,2573.5415624528778,5.324490857590433,-1341.47045004286,51.0,45.44,2573.541562452878,1,5.7401508746967345,0.0,50.86743573984425,0.0,0.0,2573.5415624528778,46.549752673266994,43.64205659293243,51.10890743620146,10.370570678882288,7.0
2018-01-01 01:42:00,0.4845439747284782,Heat Pump On,2568.8961149873594,5.301677967261652,-1337.3848114589866,51.0,45.44,2568.8961149873594,1,5.714448995871776,0.0,50.98703364944538,0.0,0.0,2568.8961149873594,46.85013481583337,43.78704297455976,50.987033649445394,10.466421396707123,7.0
2018-01-01 01:43:00,0.48606369400575694,Heat Pump On,2562.9850984319955,5.272940830675659,-1332.2735054920254,51.0,45.44,2562.985098431995,1,5.682091315465713,0.0,50.97983907962395,0.0,0.0,2562.9850984319955,47.126161905722256,43.93174558876994,51.2208031650371,10.562444061997017,7.0
2018-01-01 01:44:00,0.4872692326530187,Heat Pump On,2558.260773096908,5.250199687692223,-1328.1353823823756,51.0,45.44,2558.2607730969085,1,5.656499687343552,0.0,51.09905791957098,0.0,0.0,2558.260773096908,47.425379080788844,44.07609322079631,51.09905791957099,10.658597611988654,7.0
2018-01-01 01:45:00,0.48879236568759116,Heat Pump On,2552.2480449145824,5.221538272849861,-1322.955525351209,51.0,45.44,2552.248044914583,1,5.6242639539503685,0.0,51.09183733995326,0.0,0.0,2552.2480449145824,47.70029725147424,44.220152626620795,51.332273957515376,10.754917726984669,7.0
2018-01-01 01:46:00,0.4899999653838561,Heat Pump On,2547.446825672262,5.198871440075805,-1318.76618229507,51.0,45.44,2547.4468256722625,1,5.598784658199117,0.0,51.210667922557896,0.0,0.0,2547.446825672262,47.998327327037714,44.36385127817213,51.2106679225579,10.851362624689205,7.0
2018-01-01 01:47:00,0.4915266394719195,Heat Pump On,2541.33476736765,5.170288979856674,-1313.5192770905005,51.0,45.44,2541.3347673676503,1,5.5666735468215,0.0,51.20342142932842,0.0,0.0,2541.33476736765,48.272116427575384,44.50725735983668,51.443311102245985,10.947968757291815,7.0
2018-01-01 01:48:00,0.49273639735646174,Heat Pump On,2536.458646215724,5.147698972156031,-1309.2799809083917,51.0,45.44,2536.458646215724,1,5.541308624056084,0.0,51.32185476476015,0.0,0.0,2536.458646215724,48.56893778496169,44.65029705293388,51.32185476476015,11.044693635713733,7.0
2018-01-01 01:49:00,0.49426674536787013,Heat Pump On,2530.249651430553,5.119198641509561,-1303.967534394395,51.0,45.44,2530.2496514305535,1,5.5093247594136985,0.0,51.314582456168395,0.0,0.0,2530.249651430553,48.84157814263472,44.793039947990884,51.55390609064878,11.141574472149728,7.0
2018-01-01 01:50:00,0.4954787626957957,Heat Pump On,2525.300627106184,5.096687925364459,-1299.6795532514766,51.0,45.44,2525.300627106184,1,5.484076208688181,0.0,51.43260975364208,0.0,0.0,2525.3006271061845,49.13716967917253,44.93541095865047,51.43260975364209,11.238568083616,7.0
2018-01-01 01:51:00,0.4970129231667631,Heat Pump On,2518.997100005734,5.068272840785939,-1294.3030751379865,51.0,45.44,2518.997100005734,1,5.452222164565956,0.0,51.425311729955766,0.0,0.0,2518.997100005734,49.40864210097925,45.077481059004874,51.664050617822944,11.335712430261728,7.0
2018-01-01 01:52:00,0.4982273053699756,Heat Pump On,2513.977176703649,5.045843833944047,-1289.9676776562935,51.0,45.44,2513.9771767036495,1,5.427091942897792,0.0,51.542924398783114,0.0,0.0,2513.977176703649,49.70298323190855,45.21917391817225,51.54292439878312,11.432963648194077,7.0
2018-01-01 01:53:00,0.49976542259805723,Heat Pump On,2507.5815303794657,5.017517052987918,-1284.528679380695,51.0,45.44,2507.5815303794657,1,5.3953702415338585,0.0,51.535600762241245,0.0,0.0,2507.5815303794657,49.9732690067126,45.36056187094138,51.773736583281774,11.530360433306896,7.0
2018-01-01 01:54:00,0.5009822793476137,Heat Pump On,2502.4927164849773,4.9951721241393185,-1280.1471337601088,51.0,45.44,2502.492716484978,1,5.370360263460077,0.0,51.6527904127471,0.0,0.0,2502.4927164849773,50.26633966740201,45.50156736525873,51.652790412747116,11.627858253902374,7.0
2018-01-01 01:55:00,0.5025245034891097,Heat Pump On,2496.007371375324,4.966936644969822,-1274.6471273795182,51.0,45.44,2496.007371375324,1,5.338773374973415,0.0,51.64544126751288,0.0,0.0,2496.007371375324,50.53542056717788,45.642264073467246,51.88295609155439,11.72549652926052,7.0
2018-01-01 01:56:00,0.5037439487590641,Heat Pump On,2490.851678213494,4.9446781134533175,-1270.2207005292819,51.0,45.44,2490.8516782134934,1,5.313885512138738,0.0,51.76219971181783,0.0,0.0,2490.851678213494,50.82720121418879,45.78257324587793,51.76219971181784,11.823230073080714,7.0
2018-01-01 01:57:00,0.5052904359289987,Heat Pump On,2484.2790605429873,4.916536874432485,-1264.6611976238175,51.0,45.44,2484.2790605429873,1,5.2824358539965015,0.0,51.754825163931315,0.0,0.0,2484.2790605429873,51.095059495220085,45.92256986899049,51.99170145265648,11.921099015531922,7.0
2018-01-01 01:58:00,0.5065125880618345,Heat Pump On,2479.0585011450394,4.894367009971327,-1260.1911543041301,51.0,45.44,2479.0585011450394,1,5.257671934773317,0.0,51.87114441660214,0.0,0.0,2479.0585011450394,51.38553110771363,46.0621740191821,51.87114441660216,12.019057529001108,7.0
2018-01-01 01:59:00,0.5080635004366716,Heat Pump On,2472.4010413848778,4.866322889284298,-1254.5736648921848,51.0,45.44,2472.4010413848773,1,5.226361871297772,0.0,51.86374457393284,0.0,0.0,2472.4010413848778,51.652149511508014,46.20146197347541,52.099965182431404,12.117146441920383,7.0
2018-01-01 02:00:00,0.5092884822104322,Heat Pump On,2467.1176292729515,4.84424391175131,-1250.0612668674685,51.0,45.44,2467.1176292729515,1,5.201723680437893,0.0,51.979616852502375,0.0,0.0,2467.1176292729515,51.94129359172575,46.34035265816335,51.97961685250238,12.21531929873315,7.0
2018-01-01 02:01:00,0.5108439881336875,Heat Pump On,2460.3777606230547,4.816299727068875,-1244.3872983337938,51.0,45.44,2460.377760623055,1,5.1705555223528785,0.0,51.97219182470169,0.0,0.0,2460.3777606230547,52.206655345585204,46.47892361694018,52.20774000276389,12.313617613390198,7.0
2018-01-01 02:02:00,0.001,Off,0.0,0.0,40.02475992653547,51.0,45.44,2455.7771588378855,0,5.149444853445823,0.0,52.11683676559687,0.0,0.0,0.0,52.36634656871396,46.61709264999458,52.11683676559689,12.411994315829059,7.0
2018-01-01 02:03:00,0.001,Off,0.0,0.0,40.02269319010227,51.0,45.44,2455.909689935343,0,5.150051158146065,0.0,52.10937987807523,0.0,0.0,0.0,52.36359092013635,46.61408812616564,52.11353044802607,12.433498379139438,7.0
2018-01-01 02:04:00,0.001,Off,0.0,0.0,40.02062234742927,51.0,45.44,2456.0420238239644,0,5.150656668737725,0.0,52.10192840614487,0.0,0.0,0.0,52.36082979657236,46.61108376044227,52.110224470829245,12.45496632950391,7.0
2018-01-01 02:05:00,0.001,Off,0.0,0.0,40.01854740863473,51.0,45.44,2456.1741609928695,0,5.151261387038165,0.0,52.094482340774306,0.0,0.0,0.0,52.35806321151297,46.60807955313862,52.106918833971356,12.476398245102379,7.0
2018-01-01 02:06:00,0.001,Off,0.0,0.0,40.01646838384464,51.0,45.44,2456.30610192972,0,5.151865314859894,0.0,52.08704167295226,0.0,0.0,0.0,52.355291178459524,46.605075504568035,52.103613537417345,12.49779420391401,7.0
2018-01-01 02:07:00,0.001,Off,0.0,0.0,40.01438528315017,51.0,45.44,2456.4378471207215,0,5.152468454010577,0.0,52.079606393687634,0.0,0.0,0.0,52.352513710866894,46.60207161504309,52.10030858113213,12.519154283717775,7.0
2018-01-01 02:08:00,0.001,Off,0.0,0.0,40.01229811664828,51.0,45.44,2456.569397050636,0,5.153070806293062,0.0,52.07217649400943,0.0,0.0,0.0,52.34973082219771,46.5990678848756,52.09700396508062,12.540478562093035,7.0
2018-01-01 02:09:00,0.001,Off,0.0,0.0,40.01020689434886,51.0,45.44,2456.700752202779,0,5.153672373505381,0.0,52.06475196496674,0.0,0.0,0.0,52.34694252579848,46.5960643143766,52.093699689227655,12.561767116420098,7.0
2018-01-01 02:10:00,0.001,Off,0.0,0.0,40.00811162626955,51.0,45.44,2456.831913059026,0,5.1542731574407705,0.0,52.057332797628646,0.0,0.0,0.0,52.34414883502607,46.593060903856355,52.09039575353807,12.58302002388077,7.0
2018-01-01 02:11:00,0.001,Off,0.0,0.0,40.006012322422166,51.0,45.44,2456.9628800998235,0,5.154873159887682,0.0,52.049918983084204,0.0,0.0,0.0,52.34134976322956,46.590057653624356,52.087092157976635,12.60423736145893,7.0
2018-01-01 02:12:00,0.001,Off,0.0,0.0,40.003908992777895,51.0,45.44,2457.093653804186,0,5.155472382629802,0.0,52.042510512442384,0.0,0.0,0.0,52.33854532370386,46.587054563989376,52.083788902508076,12.625419205941075,7.0
2018-01-01 02:13:00,0.001,Off,0.0,0.0,40.00180164726535,51.0,45.44,2457.2242346497037,0,5.156070827446057,0.0,52.03510737683201,0.0,0.0,0.0,52.33573552968714,46.58405163525935,52.08048598709705,12.646565633916882,7.0
2018-01-01 02:14:00,0.001,Off,0.0,0.0,39.99969029583449,51.0,45.44,2457.354623112548,0,5.156668496110634,0.0,52.027709567401715,0.0,0.0,0.0,52.332920394445985,46.5810488677415,52.07718341170815,12.667676721779758,7.0
2018-01-01 02:15:00,0.001,Off,0.0,0.0,39.997574948295835,51.0,45.44,2457.4848196674748,0,5.157265390392997,0.0,52.0203170753199,0.0,0.0,0.0,52.33009993106111,46.57804626174231,52.07388117630588,12.688752545727398,7.0
2018-01-01 02:16:00,0.001,Off,0.0,0.0,39.995455614589616,51.0,45.44,2457.6148247878336,0,5.15786151205789,0.0,52.01292989177468,0.0,0.0,0.0,52.32727415278615,46.57504381756745,52.070579280854695,12.709793181762333,7.0
2018-01-01 02:17:00,0.001,Off,0.0,0.0,39.99333230452838,51.0,45.44,2457.7446389455636,0,5.158456862865355,0.0,52.005548007973815,0.0,0.0,0.0,52.32444307270451,46.572041535521855,52.06727772531893,12.730798705692477,7.0
2018-01-01 02:18:00,0.001,Off,0.0,0.0,39.991205027893685,51.0,45.44,2457.8742626112075,0,5.159051444570755,0.0,51.99817141514469,0.0,0.0,0.0,52.321606703858244,46.56903941590975,52.06397650966284,12.751769193131679,7.0
2018-01-01 02:19:00,0.001,Off,0.0,0.0,39.98907379451737,51.0,45.44,2458.00369625391,0,5.1596452589247725,0.0,51.99080010453425,0.0,0.0,0.0,52.318765059356494,46.56603745903456,52.06067563385058,12.772704719500265,7.0
2018-01-01 02:20:00,0.001,Off,0.0,0.0,39.986938614128775,51.0,45.44,2458.1329403414256,0,5.160238307673433,0.0,51.98343406740896,0.0,0.0,0.0,52.315918152171704,46.56303566519898,52.05737509784619,12.79360536002559,7.0
2018-01-01 02:21:00,0.001,Off,0.0,0.0,39.98479949650751,51.0,45.44,2458.261995340122,0,5.160830592558117,0.0,51.97607329505472,0.0,0.0,0.0,52.31306599534335,46.56003403470495,52.05407490161361,12.814471189742564,7.0
2018-01-01 02:22:00,0.001,Off,0.0,0.0,39.98265645133454,51.0,45.44,2458.3908617149855,0,5.161422115315571,0.0,51.96871777877687,0.0,0.0,0.0,52.31020860177939,46.557032567853675,52.05077504511664,12.835302283494215,7.0
2018-01-01 02:23:00,0.001,Off,0.0,0.0,39.98050948826754,51.0,45.44,2458.519539929626,0,5.162012877677922,0.0,51.9613675099001,0.0,0.0,0.0,52.30734598435673,46.5540312649456,52.04747552831896,12.856098715932214,7.0
2018-01-01 02:24:00,0.001,Off,0.0,0.0,39.97835861700873,51.0,45.44,2458.648030446278,0,5.162602881372693,0.0,51.954022479768426,0.0,0.0,0.0,52.30447815601164,46.55103012628048,52.044176351184134,12.876860561517418,7.0
2018-01-01 02:25:00,0.001,Off,0.0,0.0,39.97620384717135,51.0,45.44,2458.7763337258098,0,5.163192128122807,0.0,51.94668267974512,0.0,0.0,0.0,52.3016051295618,46.548029152157255,52.04087751367556,12.897587894520404,7.0
2018-01-01 02:26:00,0.001,Off,0.0,0.0,39.974045188364734,51.0,45.44,2458.9044502277266,0,5.163780619646618,0.0,51.93934810121268,0.0,0.0,0.0,52.29872691781964,46.54502834287419,52.03757901575652,12.918280789022006,7.0
2018-01-01 02:27:00,0.001,Off,0.0,0.0,39.98441640573775,51.0,45.44,2459.0323804101736,0,5.16436835765791,0.0,52.02109102344088,0.0,0.0,0.0,52.312555207650334,46.54202769872877,52.034280857390115,12.938939318913844,7.0
2018-01-01 02:28:00,0.001,Off,0.0,0.0,39.98222354545889,51.0,45.44,2459.160124729943,0,5.164955343865909,0.0,52.013588016270354,0.0,0.0,0.0,52.309631393945196,46.539026261183984,52.030983038528895,12.959563557898864,7.0
2018-01-01 02:29:00,0.001,Off,0.0,0.0,39.980026886607504,51.0,45.44,2459.2876836424743,0,5.165541579975305,0.0,52.00609062386356,0.0,0.0,0.0,52.30670251547667,46.53602499139327,52.02768555908379,12.98015357949186,7.0
2018-01-01 02:30:00,0.001,Off,0.0,0.0,39.97782643842909,51.0,45.44,2459.415057601866,0,5.166127067686266,0.0,51.99859883659621,0.0,0.0,0.0,52.30376858457212,46.533023889647225,52.024388418955645,13.000709457020005,7.0
2018-01-01 02:31:00,0.001,Off,0.0,0.0,39.9756222103879,51.0,45.44,2459.5422470608723,0,5.166711808694436,0.0,51.99111264486598,0.0,0.0,0.0,52.30082961385053,46.53002295623572,52.02109161804564,13.02123126362338,7.0
2018-01-01 02:32:00,0.001,Off,0.0,0.0,39.9734142116811,51.0,45.44,2459.669252470911,0,5.167295804690973,0.0,51.98363203909245,0.0,0.0,0.0,52.2978856155748,46.527022191447934,52.01779515625528,13.041719072255495,7.0
2018-01-01 02:33:00,0.001,Off,0.0,0.0,39.97120245163939,51.0,45.44,2459.796074282069,0,5.167879057362531,0.0,51.976157009717035,0.0,0.0,0.0,52.29493660218586,46.52402159557231,52.01449903348642,13.062172955683817,7.0
2018-01-01 02:34:00,0.001,Off,0.0,0.0,39.96898693949283,51.0,45.44,2459.922712943108,0,5.168461568391308,0.0,51.968687547202975,0.0,0.0,0.0,52.29198258599044,46.52102116889659,52.01120324964123,13.082592986490294,7.0
2018-01-01 02:35:00,0.001,Off,0.0,0.0,39.966767684494734,51.0,45.44,2460.0491689014616,0,5.169043339455021,0.0,51.96122364203521,0.0,0.0,0.0,52.28902357932631,46.518020911707815,52.00790780462218,13.102979237071866,7.0
2018-01-01 02:36:00,0.001,Off,0.0,0.0,39.96454469585582,51.0,45.44,2460.175442603249,0,5.169624372226956,0.0,51.95376528472037,0.0,0.0,0.0,52.28605959447442,46.515020824292314,52.00461269833205,13.12333177964099,7.0
2018-01-01 02:37:00,0.001,Off,0.0,0.0,39.96231798276164,51.0,45.44,2460.3015344932714,0,5.170204668375951,0.0,51.946312465786725,0.0,0.0,0.0,52.283090643682186,46.51202090693571,52.001317930673935,13.143650686226167,7.0
2018-01-01 02:38:00,0.001,Off,0.0,0.0,39.96008755430492,51.0,45.44,2460.4274450150224,0,5.170784229566428,0.0,51.9388651757841,0.0,0.0,0.0,52.28011673907322,46.50902115992292,51.998023501551174,13.16393602867244,7.0
2018-01-01 02:39:00,0.001,Off,0.0,0.0,39.95785341970989,51.0,45.44,2460.553174610691,0,5.171363057458394,0.0,51.93142340528383,0.0,0.0,0.0,52.27713789294653,46.50602158353819,51.99472941086743,13.184187878641922,7.0
2018-01-01 02:40:00,0.001,Off,0.0,0.0,39.95561558808862,51.0,45.44,2460.678723721163,0,5.171941153707464,0.0,51.923987144878716,0.0,0.0,0.0,52.274154117451495,46.50302217806501,51.991435658526605,13.204406307614299,7.0
2018-01-01 02:41:00,0.001,Off,0.0,0.0,39.953374068471874,51.0,45.44,2460.8040927860256,0,5.172518519964861,0.0,51.91655638518295,0.0,0.0,0.0,52.27116542462916,46.50002294378621,51.98814224443288,13.224591386887353,7.0
2018-01-01 02:42:00,0.001,Off,0.0,0.0,39.951128869934884,51.0,45.44,2460.929282243578,0,5.173095157877444,0.0,51.909131116832086,0.0,0.0,0.0,52.268171826579845,46.49702388098394,51.984849168490676,13.244743187577463,7.0
2018-01-01 02:43:00,0.001,Off,0.0,0.0,39.9488800015762,51.0,45.44,2461.054292530827,0,5.173671069087706,0.0,51.90171133048297,0.0,0.0,0.0,52.26517333543493,46.494024989939625,51.98155643060469,13.264861780620116,7.0
2018-01-01 02:44:00,0.001,Off,0.0,0.0,39.94662747234335,51.0,45.44,2461.1791240834973,0,5.174246255233793,0.0,51.89429701681367,0.0,0.0,0.0,52.262169963124464,46.491026270934,51.97826403067982,13.284947236770417,7.0
2018-01-01 02:45:00,0.001,Off,0.0,0.0,39.944371291292256,51.0,45.44,2461.303777336032,0,5.174820717949523,0.0,51.88688816652345,0.0,0.0,0.0,52.25916172172301,46.48802772424715,51.97497196862122,13.30499962660359,7.0
2018-01-01 02:46:00,0.001,Off,0.0,0.0,39.94211146736857,51.0,45.44,2461.4282527216,0,5.175394458864387,0.0,51.87948477033271,0.0,0.0,0.0,52.25614862315809,46.485029350158406,51.97168024433426,13.325019020515484,7.0
2018-01-01 02:47:00,0.001,Off,0.0,0.0,39.93984800955853,51.0,45.44,2461.5525506721,0,5.175967479603567,0.0,51.8720868189829,0.0,0.0,0.0,52.25313067941138,46.48203114894645,51.968388857724534,13.345005488723073,7.0
2018-01-01 02:48:00,0.001,Off,0.0,0.0,39.93758092672456,51.0,45.44,2461.6766716181605,0,5.176539781787946,0.0,51.864694303236526,0.0,0.0,0.0,52.25010790229941,46.479033120889305,51.965097808697834,13.364959101264962,7.0
2018-01-01 02:49:00,0.001,Off,0.0,0.0,39.93531022782584,51.0,45.44,2461.8006159891493,0,5.177111367034129,0.0,51.85730721387703,0.0,0.0,0.0,52.24708030376778,46.47603526626426,51.96180709716015,13.384879928001881,7.0
2018-01-01 02:50:00,0.001,Off,0.0,0.0,39.9330359217364,51.0,45.44,2461.924384213174,0,5.17768223695444,0.0,51.84992554170877,0.0,0.0,0.0,52.24404789564853,46.47303758534796,51.95851672301768,13.404768038617188,7.0
2018-01-01 02:51:00,0.001,Off,0.0,0.0,39.93075801727412,51.0,45.44,2462.0479767170873,0,5.178252393156949,0.0,51.842549277556984,0.0,0.0,0.0,52.24101068969883,46.470040078416346,51.95522668617681,13.42462350261736,7.0
2018-01-01 02:52:00,0.001,Off,0.0,0.0,38.64983239109824,51.0,45.44,2462.1713939264937,0,5.1788218372454775,0.0,51.835178412267695,8.981043031970863,28072.577777777813,0.0,50.53310985479766,46.46704274574469,51.95193698654408,13.444446389332493,7.0
2018-01-01 02:53:00,0.001,Off,0.0,0.0,37.368633834146124,51.0,45.44,2544.4878654402846,0,5.5831943573127685,0.0,51.84043526202887,0.0,0.0,0.0,48.824845112194836,44.85347673736987,51.94864710668239,10.683718889055866,7.0
2018-01-01 02:54:00,0.001,Off,0.0,0.0,37.36594275224415,51.0,45.44,2544.5574784665896,0,5.583560167443739,0.0,51.833093745310514,0.0,0.0,0.0,48.821257002992205,44.8506754075045,51.94535804278844,10.698724586416066,7.0
2018-01-01 02:55:00,0.001,Off,0.0,0.0,37.3632502194305,51.0,45.44,2544.627018966804,0,5.583925642872792,0.0,51.825757528468365,0.0,0.0,0.0,48.81766695924066,44.84787428350719,51.9420693137576,10.713712707158656,7.0
2018-01-01 02:56:00,0.001,Off,0.0,0.0,37.3605562385148,51.0,45.44,2544.6964870768597,0,5.584290784187972,0.0,51.81842660264604,0.0,0.0,0.0,48.81407498468641,44.84507336548898,51.938780919420424,10.728683278930468,7.0
2018-01-01 02:57:00,0.001,Off,0.0,0.0,37.35786081231646,51.0,45.44,2544.765882932366,0,5.584655591976066,0.0,51.811100959007064,0.0,0.0,0.0,48.81048108308861,44.84227265356061,51.93549285960599,10.743636329322877,7.0
2018-01-01 02:58:00,0.001,Off,0.0,0.0,37.3551639435599,51.0,45.44,2544.83520666862,0,5.585020066822599,0.0,51.803780588734824,0.0,0.0,0.0,48.80688525807987,44.839472147832666,51.93220513414192,10.758571885871936,7.0
2018-01-01 02:59:00,0.001,Off,0.0,0.0,37.35246563505099,51.0,45.44,2544.9044584205976,0,5.585384209311841,0.0,51.7964654830325,0.0,0.0,0.0,48.80328751340132,44.83667184841553,51.92891774285434,10.77348997605851,7.0
2018-01-01 03:00:00,0.001,Off,0.0,0.0,37.34976588962061,51.0,45.44,2544.9736383229624,0,5.585748020026802,0.0,51.78915563312303,0.0,0.0,0.0,48.79968785282749,44.83387175541929,51.92563068556793,10.788390627308392,7.0
2018-01-01 03:01:00,0.001,Off,0.0,0.0,37.34706470993915,51.0,45.44,2545.0427465100624,0,5.586111499549252,0.0,51.78185103024906,0.0,0.0,0.0,48.79608627991887,44.83107186895391,51.92234396210591,10.803273866992441,7.0
2018-01-01 03:02:00,0.001,Off,0.0,0.0,37.34436209878527,51.0,45.44,2545.111783115931,0,5.586474648459701,0.0,51.77455166567287,0.0,0.0,0.0,48.792482798380355,44.82827218912911,51.91905757229007,10.818139722426713,7.0
2018-01-01 03:03:00,0.001,Off,0.0,0.0,37.341658058997666,51.0,45.44,2545.180748274289,0,5.58683746733742,0.0,51.76725753067636,0.0,0.0,0.0,48.788877411996886,44.82547271605437,51.91577151594076,10.83298822087258,7.0
2018-01-01 03:04:00,0.001,Off,0.0,0.0,37.356191947869334,51.0,45.44,2545.249642118545,0,5.587199956760442,0.0,51.88241802653412,0.0,0.0,0.0,48.80825593049244,44.82267344983901,51.912390773288216,10.847819389536854,7.0
2018-01-01 03:05:00,0.001,Off,0.0,0.0,37.35346656853719,51.0,45.44,2545.318528205295,0,5.5875624510755,0.0,51.87501556635794,0.0,0.0,0.0,48.804622091382925,44.81987307177941,51.90902562488541,10.862633255571932,7.0
2018-01-01 03:06:00,0.001,Off,0.0,0.0,37.35073979496642,51.0,45.44,2545.3873431212933,0,5.587924616527365,0.0,51.867618482244964,0.0,0.0,0.0,48.80098639328856,44.817072902211656,51.905660928564735,10.877429846075906,7.0
2018-01-01 03:07:00,0.001,Off,0.0,0.0,37.34801162977703,51.0,45.44,2545.4560869993584,0,5.588286453691829,0.0,51.86022676522958,0.0,0.0,0.0,48.7973488397027,44.81427294124239,51.9022966814459,10.892209188092693,7.0
2018-01-01 03:08:00,0.001,Off,0.0,0.0,37.34528207573999,51.0,45.44,2545.5247599719987,0,5.588647963143451,0.0,51.8528404063662,0.0,0.0,0.0,48.793709434319986,44.81147318897809,51.89893288066111,10.906971308612166,7.0
2018-01-01 03:09:00,0.001,Off,0.0,0.0,37.34255113544437,51.0,45.44,2545.593362171413,0,5.589009145455559,0.0,51.84545939672923,0.0,0.0,0.0,48.79006818059249,44.808673645525026,51.89556952335509,10.921716234570276,7.0
2018-01-01 03:10:00,0.001,Off,0.0,0.0,37.339818811612744,51.0,45.44,2545.6618937294925,0,5.589370001200252,0.0,51.838083727413014,0.0,0.0,0.0,48.78642508215033,44.80587431098921,51.892206606685015,10.936443992849178,7.0
2018-01-01 03:11:00,0.001,Off,0.0,0.0,37.33708510691933,51.0,45.44,2545.7303547778215,0,5.589730530948404,0.0,51.83071338953178,0.0,0.0,0.0,48.78278014255911,44.80307518547647,51.88884412782042,10.951154610277351,7.0
2018-01-01 03:12:00,0.001,Off,0.0,0.0,37.334350023968675,51.0,45.44,2545.7987454476765,0,5.5900907352696665,0.0,51.823348374219584,0.0,0.0,0.0,48.779133365291564,44.8002762690925,51.88548208394321,10.965848113629738,7.0
2018-01-01 03:13:00,0.001,Off,0.0,0.0,37.33161356548527,51.0,45.44,2545.867065870029,0,5.590450614732469,0.0,51.815988672630276,0.0,0.0,0.0,48.77548475398036,44.797477561942685,51.88212047224761,10.98052452962785,7.0
2018-01-01 03:14:00,0.001,Off,0.0,0.0,37.32887573409304,51.0,45.44,2545.935316175544,0,5.59081016990403,0.0,51.80863427593743,0.0,0.0,0.0,48.77183431212405,44.79467906413226,51.87875928994008,10.995183884939905,7.0
2018-01-01 03:15:00,0.001,Off,0.0,0.0,37.32613653242746,51.0,45.44,2546.003496494585,0,5.591169401350348,0.0,51.801285175334314,0.0,0.0,0.0,48.768182043236614,44.791880775766295,51.87539853423929,11.009826206180948,7.0
2018-01-01 03:16:00,0.001,Off,0.0,0.0,37.32339596316081,51.0,45.44,2546.07160695721,0,5.591528309636216,0.0,51.793941362033834,0.0,0.0,0.0,48.76452795088108,44.78908269694955,51.872038202376096,11.024451519912974,7.0
2018-01-01 03:17:00,0.001,Off,0.0,0.0,37.32065402890734,51.0,45.44,2546.139647693176,0,5.591886895325217,0.0,51.78660282726848,0.0,0.0,0.0,48.76087203854312,44.786284827786695,51.868678291593476,11.039059852645044,7.0
2018-01-01 03:18:00,0.001,Off,0.0,0.0,37.31791073228704,51.0,45.44,2546.2076188319365,0,5.592245158979729,0.0,51.77926956229027,0.0,0.0,0.0,48.757214309716055,44.783487168382145,51.86531879914647,11.053651230833422,7.0
2018-01-01 03:19:00,0.001,Off,0.0,0.0,37.31516607595287,51.0,45.44,2546.275520502646,0,5.59260310116093,0.0,51.771941558370706,0.0,0.0,0.0,48.75355476793715,44.780689718840115,51.861959722302174,11.068225680881687,7.0
2018-01-01 03:20:00,0.001,Off,0.0,0.0,37.312420062520935,51.0,45.44,2546.343352834157,0,5.592960722428795,0.0,51.764618806800755,0.0,0.0,0.0,48.74989341669458,44.777892479264615,51.858601058339644,11.082783229140858,7.0
2018-01-01 03:21:00,0.001,Off,0.0,0.0,37.30967269461322,51.0,45.44,2546.4111159550253,0,5.593318023342106,0.0,51.75730129889075,0.0,0.0,0.0,48.74623025948429,44.77509544975947,51.855242804549896,11.09732390190952,7.0
2018-01-01 03:22:00,0.001,Off,0.0,0.0,37.30692397484397,51.0,45.44,2546.4788099935054,0,5.593675004458454,0.0,51.74998902597037,0.0,0.0,0.0,48.74256529979196,44.77229863042831,51.85188495823584,11.11184772543394,7.0
2018-01-01 03:23:00,0.001,Off,0.0,0.0,37.30417390578479,51.0,45.44,2546.546435077556,0,5.594031666334233,0.0,51.74268197938858,0.0,0.0,0.0,48.738898541046396,44.76950202137452,51.84852751671226,11.126354725908186,7.0
2018-01-01 03:24:00,0.001,Off,0.0,0.0,37.301422490131216,51.0,45.44,2546.6139913348384,0,5.594388009524658,0.0,51.73538015051359,0.0,0.0,0.0,48.73522998684162,44.76670562270136,51.84517047730572,11.140844929474257,7.0
2018-01-01 03:25:00,0.001,Off,0.0,0.0,37.2986697303523,51.0,45.44,2546.6814788927177,0,5.594744034583753,0.0,51.72808353073282,0.0,0.0,0.0,48.73155964046973,44.763909434511824,51.84181383735458,11.1553183622222,7.0
2018-01-01 03:26:00,0.001,Off,0.0,0.0,37.295915629170636,51.0,45.44,2546.748897878264,0,5.5950997420643604,0.0,51.72079211145281,0.0,0.0,0.0,48.727887505560844,44.761113456908745,51.83845759420889,11.169775050190225,7.0
2018-01-01 03:27:00,0.001,Off,0.0,0.0,37.29316018904954,51.0,45.44,2546.8162484182517,0,5.595455132518148,0.0,51.71350588409921,0.0,0.0,0.0,48.72421358539938,44.75831768999471,51.83510174523042,11.184215019364833,7.0
2018-01-01 03:28:00,0.001,Off,0.0,0.0,37.29040341266706,51.0,45.44,2546.8835306391643,0,5.595810206495604,0.0,51.70622484011674,0.0,0.0,0.0,48.72053788355608,44.755522133872205,51.831746287792555,11.19863829568093,7.0
2018-01-01 03:29:00,0.001,Off,0.0,0.0,37.29976181977318,51.0,45.44,2546.950744667189,0,5.596164964546047,0.0,51.78505611610069,0.0,0.0,0.0,48.73301575969758,44.75272678864341,51.82839121928027,11.213044905021949,7.0
2018-01-01 03:30:00,0.001,Off,0.0,0.0,37.296976806822556,51.0,45.44,2547.0178906282235,0,5.596519407217622,0.0,51.77761252105669,0.0,0.0,0.0,48.72930240909674,44.74993072749534,51.825036537090085,11.22743487321997,7.0
2018-01-01 03:31:00,0.001,Off,0.0,0.0,37.29419052490107,51.0,45.44,2547.0849686478723,0,5.596873535057307,0.0,51.770174488893765,0.0,0.0,0.0,48.72558736653476,44.7471348794011,51.82168223863003,11.241808226055836,7.0
2018-01-01 03:32:00,0.001,Off,0.0,0.0,37.2914029764527,51.0,45.44,2547.151978851451,0,5.597227348610916,0.0,51.76274201008525,0.0,0.0,0.0,48.721870635270264,44.74433924445777,51.81832832131952,11.256164989259274,7.0
2018-01-01 03:33:00,0.001,Off,0.0,0.0,37.28861416387104,51.0,45.44,2547.218921363985,0,5.597580848423104,0.0,51.755315075126134,0.0,0.0,0.0,48.718152218494716,44.74154382276223,51.81497478258934,11.270505188509011,7.0
2018-01-01 03:34:00,0.001,Off,0.0,0.0,37.28582408950909,51.0,45.44,2547.2857963102088,0,5.597934035037363,0.0,51.747893674533074,0.0,0.0,0.0,48.71443211934546,44.738748614411186,51.81162161988161,11.284828849432897,7.0
2018-01-01 03:35:00,0.001,Off,0.0,0.0,36.06699460778691,51.0,45.44,2547.352603814572,0,5.59828690899603,0.0,51.7404777988443,9.00005289342414,28072.577777777813,0.0,47.08932614371588,44.73595361950115,51.80826883064976,11.299135997608017,7.0
2018-01-01 03:36:00,0.001,Off,0.0,0.0,34.8480339595701,51.0,45.44,2615.8176321671194,0,5.98647745924407,0.0,51.71320367368729,0.0,0.0,0.0,45.464045279426806,43.12258519852549,51.80083887128244,9.454579372767558,7.0
2018-01-01 03:37:00,0.001,Off,0.0,0.0,34.84504602533929,51.0,45.44,2615.8511122474506,0,5.986682459675062,0.0,51.70585397438567,0.0,0.0,0.0,45.46006136711906,43.11997669485181,51.7974121480862,9.465639257891956,7.0
2018-01-01 03:38:00,0.001,Off,0.0,0.0,34.842057877170085,51.0,45.44,2615.884568067984,0,5.986887328978434,0.0,51.69850963218087,0.0,0.0,0.0,45.45607716956011,43.11736841975544,51.793984744553626,9.47669008311645,7.0
2018-01-01 03:39:00,0.001,Off,0.0,0.0,34.839069515126276,51.0,45.44,2615.9179996618705,0,5.987092067323998,0.0,51.6911706380544,0.0,0.0,0.0,45.45209268683504,43.11476037325276,51.79055666206721,9.487731857968528,7.0
2018-01-01 03:40:00,0.001,Off,0.0,0.0,34.836080939385916,51.0,45.44,2615.9514070622054,0,5.987296674881307,0.0,51.68383698300814,0.0,0.0,0.0,45.44810791918122,43.11215255536014,51.78712790200764,9.498764591962649,7.0
2018-01-01 03:41:00,0.001,Off,0.0,0.0,34.83309214998964,51.0,45.44,2615.9847903020295,0,5.987501151819648,0.0,51.67650865806432,0.0,0.0,0.0,45.44412286665285,43.109544966093914,51.78369846575376,9.509788294600254,7.0
2018-01-01 03:42:00,0.001,Off,0.0,0.0,34.83010314704387,51.0,45.44,2616.0181494143303,0,5.987705498308054,0.0,51.66918565426543,0.0,0.0,0.0,45.440137529391826,43.10693760547044,51.78026835468258,9.5208029753698,7.0
2018-01-01 03:43:00,0.001,Off,0.0,0.0,34.82711393064923,51.0,45.44,2616.0514844320346,0,5.987909714515294,0.0,51.66186796267422,0.0,0.0,0.0,45.436151907532306,43.104330473506046,51.7768375701693,9.531808643746771,7.0
2018-01-01 03:44:00,0.001,Off,0.0,0.0,34.82412450091214,51.0,45.44,2616.0847953880207,0,5.988113800609877,0.0,51.65455557437361,0.0,0.0,0.0,45.43216600121619,43.10172357021707,51.77340611358727,9.542805309193708,7.0
2018-01-01 03:45:00,0.001,Off,0.0,0.0,34.82113485792549,51.0,45.44,2616.1180823151085,0,5.988317756760056,0.0,51.647248480466644,0.0,0.0,0.0,45.42817981056732,43.09911689561982,51.76997398630804,9.553792981160225,7.0
2018-01-01 03:46:00,0.001,Off,0.0,0.0,34.81814500179763,51.0,45.44,2616.151345246062,0,5.9885215831338225,0.0,51.63994667207645,0.0,0.0,0.0,45.42419333573018,43.096510449730616,51.76654118970133,9.564771669083033,7.0
2018-01-01 03:47:00,0.001,Off,0.0,0.0,34.81515493265047,51.0,45.44,2616.184584213593,0,5.9887252798989055,0.0,51.632650140346165,0.0,0.0,0.0,45.4202065768673,43.09390423256577,51.76310772513505,9.57574138238596,7.0
2018-01-01 03:48:00,0.001,Off,0.0,0.0,34.81216465050339,51.0,45.44,2616.217799250358,0,5.988928847222787,0.0,51.625358876438916,0.0,0.0,0.0,45.41621953400452,43.09129824414156,51.759673593975315,9.586702130479974,7.0
2018-01-01 03:49:00,0.001,Off,0.0,0.0,34.8091741555692,51.0,45.44,2616.250990388958,0,5.989132285272682,0.0,51.61807287153775,0.0,0.0,0.0,45.4122322074256,43.0886924844743,51.75623879758642,9.597653922763204,7.0
2018-01-01 03:50:00,0.001,Off,0.0,0.0,34.80618344787888,51.0,45.44,2616.2841576619408,0,5.989335594215552,0.0,51.61079211684559,0.0,0.0,0.0,45.40824459717184,43.08608695358025,51.752803337330846,9.60859676862096,7.0
2018-01-01 03:51:00,0.001,Off,0.0,0.0,34.80319252756595,51.0,45.44,2616.317301101799,0,5.989538774218103,0.0,51.60351660358517,0.0,0.0,0.0,45.40425670342126,43.08348165147571,51.74936721456929,9.619530677425754,7.0
2018-01-01 03:52:00,0.001,Off,0.0,0.0,34.80020139476391,51.0,45.44,2616.3504207409715,0,5.989741825446784,0.0,51.59624632299901,0.0,0.0,0.0,45.40026852635188,43.08087657817692,51.74593043066064,9.630455658537324,7.0
2018-01-01 03:53:00,0.001,Off,0.0,0.0,34.797210049544375,51.0,45.44,2616.3835166118433,0,5.989944748067788,0.0,51.58898126634932,0.0,0.0,0.0,45.39628006605917,43.07827173370014,51.742492986961985,9.641371721302656,7.0
2018-01-01 03:54:00,0.001,Off,0.0,0.0,34.79421849201569,51.0,45.44,2616.4165887467448,0,5.990147542247053,0.0,51.581721424918015,0.0,0.0,0.0,45.39229132268758,43.07566711806165,51.73905488482863,9.652278875055996,7.0
2018-01-01 03:55:00,0.001,Off,0.0,0.0,34.79122672227464,51.0,45.44,2616.4496371779524,0,5.990350208150263,0.0,51.57446679000662,0.0,0.0,0.0,45.388302296366184,43.07306273127766,51.7356161256141,9.663177129118885,7.0
2018-01-01 03:56:00,0.001,Off,0.0,0.0,34.78823474047404,51.0,45.44,2616.48266193769,0,5.9905527459428445,0.0,51.56721735293621,0.0,0.0,0.0,45.38431298729871,43.070458573364405,51.73217671067012,9.67406649280017,7.0
2018-01-01 03:57:00,0.001,Off,0.0,0.0,34.78524254668938,51.0,45.44,2616.515663058127,0,5.990755155789976,0.0,51.559973105047405,0.0,0.0,0.0,45.38032339558584,43.06785464433813,51.728736641346636,9.684946975396027,7.0
2018-01-01 03:58:00,0.001,Off,0.0,0.0,34.79853887588889,51.0,45.44,2616.548640571378,0,5.99095743785658,0.0,51.66843462779501,0.0,0.0,0.0,45.39805183451852,43.06525094421501,51.72529591899182,9.695818586189983,7.0
2018-01-01 03:59:00,0.001,Off,0.0,0.0,34.795527848857894,51.0,45.44,2616.5815945357863,0,5.99115959246854,0.0,51.66108185027767,0.0,0.0,0.0,45.39403713181053,43.062646226921146,51.721854508322174,9.706681334452938,7.0
2018-01-01 04:00:00,0.001,Off,0.0,0.0,34.7925166369274,51.0,45.44,2616.6145250095065,0,5.991361619950733,0.0,51.65373441268688,0.0,0.0,0.0,45.39002218256987,43.06004173997118,51.718412374311335,9.717535229443184,7.0
2018-01-01 04:01:00,0.001,Off,0.0,0.0,34.78950524021158,51.0,45.44,2616.647432024297,0,5.9915635204661815,0.0,51.64639230606316,0.0,0.0,0.0,45.38600698694878,43.05743748337931,51.71496951868934,9.728380280406428,7.0
2018-01-01 04:02:00,0.001,Off,0.0,0.0,34.7864936586756,51.0,45.44,2616.6803156118613,0,5.991765294177667,0.0,51.63905552146731,0.0,0.0,0.0,45.381991544900806,43.05483345715965,51.711525943182856,9.739216496575812,7.0
2018-01-01 04:03:00,0.001,Off,0.0,0.0,34.783481892520726,51.0,45.44,2616.713175803852,0,5.99196694124772,0.0,51.63172404998043,0.0,0.0,0.0,45.3779758566943,43.052229661326336,51.70808164951524,9.75004388717193,7.0
2018-01-01 04:04:00,0.001,Off,0.0,0.0,34.78046994168112,51.0,45.44,2616.7460126318692,0,5.992168461838622,0.0,51.62439788270378,0.0,0.0,0.0,45.37395992224149,43.04962609589349,51.70463663940649,9.760862461402853,7.0
2018-01-01 04:05:00,0.001,Off,0.0,0.0,34.77745780633484,51.0,45.44,2616.77882612746,0,5.992369856112416,0.0,51.617077010758834,0.0,0.0,0.0,45.369943741779785,43.04702276087523,51.701190914573274,9.771672228464153,7.0
2018-01-01 04:06:00,0.001,Off,0.0,0.0,34.7744454864122,51.0,45.44,2616.8116163221216,0,5.992571124230888,0.0,51.60976142528713,0.0,0.0,0.0,45.36592731521626,43.0444196562857,51.69774447672895,9.782473197538915,7.0
2018-01-01 04:07:00,0.001,Off,0.0,0.0,34.77143298205835,51.0,45.44,2616.8443832472954,0,5.992772266355583,0.0,51.602451117450286,0.0,0.0,0.0,45.36191064274447,43.04181678213899,51.69429732758357,9.793265377797766,7.0
2018-01-01 04:08:00,0.001,Off,0.0,0.0,34.76842029333907,51.0,45.44,2616.877126934375,0,5.992973282647807,0.0,51.59514607842992,0.0,0.0,0.0,45.35789372445209,43.03921413844923,51.690849468843886,9.804048778398887,7.0
2018-01-01 04:09:00,0.001,Off,0.0,0.0,34.76540742035112,51.0,45.44,2616.909847414701,0,5.993174173268608,0.0,51.58784629942759,0.0,0.0,0.0,45.35387656046816,43.03661172523052,51.68740090221336,9.81482340848804,7.0
2018-01-01 04:10:00,0.001,Off,0.0,0.0,34.76239436308095,51.0,45.44,2616.942544719559,0,5.993374938378802,0.0,51.580551771664744,0.0,0.0,0.0,45.3498591507746,43.03400954249697,51.68395162939219,9.82558927719859,7.0
2018-01-01 04:11:00,0.001,Off,0.0,0.0,34.759381121693025,51.0,45.44,2616.9752188801876,0,5.993575578138952,0.0,51.57326248638271,0.0,0.0,0.0,45.345841495590705,43.03140759026264,51.68050165207727,9.83634639365152,7.0
2018-01-01 04:12:00,0.001,Off,0.0,0.0,34.756367696200904,51.0,45.44,2617.0078699277733,0,5.993776092709381,0.0,51.565978434842584,0.0,0.0,0.0,45.34182359493454,43.028805868541625,51.67705097196225,9.847094766955452,7.0
2018-01-01 04:13:00,0.001,Off,0.0,0.0,34.75335408669747,51.0,45.44,2617.0404978934475,0,5.9939764822501695,0.0,51.55869960832522,0.0,0.0,0.0,45.33780544892996,43.026204377348044,51.673599590737524,9.857834406206674,7.0
2018-01-01 04:14:00,0.001,Off,0.0,0.0,34.75034029320207,51.0,45.44,2617.073102808294,0,5.9941767469211555,0.0,51.55142599813117,0.0,0.0,0.0,45.33378705760276,43.02360311669593,51.670147510090246,9.868565320489152,7.0
2018-01-01 04:15:00,0.001,Off,0.0,0.0,34.74732631585789,51.0,45.44,2617.1056847033456,0,5.9943768868819305,0.0,51.544157595580636,0.0,0.0,0.0,45.329768421143854,43.021002086599395,51.66669473170432,9.879287518874554,7.0
2018-01-01 04:16:00,0.001,Off,0.0,0.0,34.74431215472685,51.0,45.44,2617.13824360958,0,5.994576902291849,0.0,51.536894392013394,0.0,0.0,0.0,45.3257495396358,43.018401287072486,51.66324125726043,9.890001010422269,7.0
2018-01-01 04:17:00,0.001,Off,0.0,0.0,34.74129780991152,51.0,45.44,2617.170779557928,0,5.99477679331002,0.0,51.52963637878878,0.0,0.0,0.0,45.32173041321536,43.01580071812926,51.65978708843604,9.900705804179434,7.0
2018-01-01 04:18:00,0.001,Off,0.0,0.0,34.73828328140222,51.0,45.44,2617.2032925792687,0,5.994976560095315,0.0,51.522383547285614,0.0,0.0,0.0,45.31771104186962,43.013200379783775,51.65633222690539,9.911401909180942,7.0
2018-01-01 04:19:00,0.001,Off,0.0,0.0,34.735268569357615,51.0,45.44,2617.235782704429,0,5.9951762028063635,0.0,51.51513588890218,0.0,0.0,0.0,45.313691425810156,43.01060027205008,51.652876674339545,9.922089334449474,7.0
2018-01-01 04:20:00,0.001,Off,0.0,0.0,34.73225367381254,51.0,45.44,2617.2682499641855,0,5.995375721601551,0.0,51.50789339505612,0.0,0.0,0.0,45.30967156508338,43.00800039494221,51.64942043240635,9.93276808899551,7.0
2018-01-01 04:21:00,0.001,Off,0.0,0.0,34.729238594863745,51.0,45.44,2617.3006943892665,0,5.995575116639028,0.0,51.50065605718445,0.0,0.0,0.0,45.30565145981833,43.005400748474216,51.645963502770485,9.94343818181736,7.0
2018-01-01 04:22:00,0.001,Off,0.0,0.0,34.72622333262152,51.0,45.44,2617.333116010345,0,5.995774388076704,0.0,51.49342386674346,0.0,0.0,0.0,45.30163111016203,43.00280133266014,51.64250588709344,9.954099621901168,7.0
2018-01-01 04:23:00,0.001,Off,0.0,0.0,34.723207887155546,51.0,45.44,2617.365514858048,0,5.995973536072247,0.0,51.4861968152087,0.0,0.0,0.0,45.29761051620739,43.00020214751396,51.63904758703354,9.964752418220948,7.0
2018-01-01 04:24:00,0.001,Off,0.0,0.0,34.73235713419772,51.0,45.44,2617.3978909629504,0,5.9961725607830925,0.0,51.56542570356979,0.0,0.0,0.0,45.30980951226363,42.99760319304972,51.635588604245946,9.975396579738595,7.0
2018-01-01 04:25:00,0.001,Off,0.0,0.0,34.729315648731806,51.0,45.44,2617.430244355578,0,5.996371462366429,0.0,51.55803532210262,0.0,0.0,0.0,45.305754198309074,42.99500353866699,51.63212894038268,9.986032115403907,7.0
2018-01-01 04:26:00,0.001,Off,0.0,0.0,34.72627404014598,51.0,45.44,2617.4625750664045,0,5.996570240979215,0.0,51.55065046076198,0.0,0.0,0.0,45.30169872019464,42.99240411695826,51.628668597092584,9.996659034154604,7.0
2018-01-01 04:27:00,0.001,Off,0.0,0.0,34.72323230830674,51.0,45.44,2617.4948831258553,0,5.9967688967781685,0.0,51.54327111004861,0.0,0.0,0.0,45.29764307774232,42.989804927932965,51.62520757602131,10.007277344916352,7.0
2018-01-01 04:28:00,0.001,Off,0.0,0.0,34.720190453258546,51.0,45.44,2617.5271685643042,0,5.996967429919771,0.0,51.535897260485136,0.0,0.0,0.0,45.2935872710114,42.98720597160051,51.62174587881134,10.017887056602778,7.0
2018-01-01 04:29:00,0.001,Off,0.0,0.0,34.71714847484472,51.0,45.44,2617.5594314120776,0,5.997165840560265,0.0,51.52852890261603,0.0,0.0,0.0,45.28953129979296,42.98460724797034,51.61828350710197,10.028488178115492,7.0
2018-01-01 04:30:00,0.001,Off,0.0,0.0,34.71410637308457,51.0,45.44,2617.591671699451,0,5.997364128855663,0.0,51.52116602700755,0.0,0.0,0.0,45.28547516411276,42.98200875705187,51.614820462529366,10.039080718344104,7.0
2018-01-01 04:31:00,0.001,Off,0.0,0.0,34.71106414783685,51.0,45.44,2617.6238894566495,0,5.997562294961737,0.0,51.51380862424767,0.0,0.0,0.0,45.28141886378247,42.97941049885454,51.611356746726514,10.049664686166254,7.0
2018-01-01 04:32:00,0.001,Off,0.0,0.0,34.70802179908415,51.0,45.44,2617.65608471385,0,5.997760339034026,0.0,51.506456684946045,0.0,0.0,0.0,45.27736239877886,42.976812473387824,51.60789236132326,10.060240090447616,7.0
2018-01-01 04:33:00,0.001,Off,0.0,0.0,34.70497932672972,51.0,45.44,2617.6882575011787,0,5.997958261227832,0.0,51.49911019973391,0.0,0.0,0.0,45.27330576897296,42.974214680661134,51.604427307946324,10.070806940041928,7.0
2018-01-01 04:34:00,0.001,Off,0.0,0.0,34.70193673077935,51.0,45.44,2617.7204078487134,0,5.998156061698228,0.0,51.4917691592641,0.0,0.0,0.0,45.269248974372466,42.971617120683966,51.60096158821929,10.08136524379101,7.0
2018-01-01 04:35:00,0.001,Off,0.0,0.0,34.69889401114599,51.0,45.44,2617.7525357864824,0,5.998353740600044,0.0,51.48443355421092,0.0,0.0,0.0,45.26519201486132,42.96901979346573,51.597495203762634,10.091915010524783,7.0
2018-01-01 04:36:00,0.001,Off,0.0,0.0,34.695851167759955,51.0,45.44,2617.7846413444654,0,5.998551298087886,0.0,51.47710337527012,0.0,0.0,0.0,45.261134890346604,42.96642269901592,51.59402815619372,10.102456249061284,7.0
2018-01-01 04:37:00,0.001,Off,0.0,0.0,34.69280820054965,51.0,45.44,2617.816724552592,0,5.998748734316122,0.0,51.46977861315884,0.0,0.0,0.0,45.25707760073287,42.96382583734399,51.59056044712681,10.112988968206695,7.0
2018-01-01 04:38:00,0.001,Off,0.0,0.0,34.68976510956541,51.0,45.44,2617.8487854407426,0,5.998946049438888,0.0,51.46245925861555,0.0,0.0,0.0,45.25302014608721,42.96122920845942,51.58709207817307,10.123513176755356,7.0
2018-01-01 04:39:00,0.001,Off,0.0,0.0,34.686721894559525,51.0,45.44,2617.880824038751,0,5.999143243610087,0.0,51.4551453024,0.0,0.0,0.0,45.24896252607937,42.95863281237166,51.58362305094059,10.134028883489787,7.0
2018-01-01 04:40:00,0.001,Off,0.0,0.0,34.68367855569261,51.0,45.44,2617.9128403764,0,5.999340316983388,0.0,51.44783673529316,0.0,0.0,0.0,45.24490474092348,42.95603664909022,51.580153367034384,10.144536097180705,7.0
2018-01-01 04:41:00,0.001,Off,0.0,0.0,34.68063509281566,51.0,45.44,2617.9448344834236,0,5.999537269712235,0.0,51.440533548097164,0.0,0.0,0.0,45.24084679042089,42.95344071862457,51.57668302805639,10.155034826587041,7.0
2018-01-01 04:42:00,0.001,Off,0.0,0.0,34.67759150587067,51.0,45.44,2617.97680638951,0,5.999734101949837,0.0,51.43323573163526,0.0,0.0,0.0,45.23678867449423,42.9508450209842,51.57321203560551,10.16552508045597,7.0
2018-01-01 04:43:00,0.001,Off,0.0,0.0,34.67454779484983,51.0,45.44,2618.008756124295,0,5.999930813849168,0.0,51.42594327675174,0.0,0.0,0.0,45.23273039313311,42.94824955617858,51.56974039127757,10.176006867522915,7.0
2018-01-01 04:44:00,0.001,Off,0.0,0.0,34.67150395970674,51.0,45.44,2618.040683717369,0,6.000127405562978,0.0,51.41865617431191,0.0,0.0,0.0,45.228671946275654,42.94565432421722,51.56626809666538,10.186480196511582,7.0
2018-01-01 04:45:00,0.001,Off,0.0,0.0,34.66846000038143,51.0,45.44,2618.0725891982725,0,6.000323877243785,0.0,51.41137441520202,0.0,0.0,0.0,45.22461333384191,42.94305932510962,51.56279515335871,10.196945076133964,7.0
2018-01-01 04:46:00,0.001,Off,0.0,0.0,34.665415916811924,51.0,45.44,2618.104472596499,0,6.000520229043878,0.0,51.40409799032919,0.0,0.0,0.0,45.22055455574923,42.940464558865266,51.55932156294428,10.207401515090378,7.0
2018-01-01 04:47:00,0.001,Off,0.0,0.0,34.66237170899052,51.0,45.44,2618.136333941493,0,6.000716461115317,0.0,51.396826890621405,0.0,0.0,0.0,45.21649561198736,42.93787002549368,51.555847327005836,10.217849522069464,7.0
2018-01-01 04:48:00,0.001,Off,0.0,0.0,34.65932737689209,51.0,45.44,2618.16817326265,0,6.000912573609928,0.0,51.38956110702742,0.0,0.0,0.0,45.212436502522785,42.93527572500435,51.55237244712409,10.228289105748221,7.0
2018-01-01 04:49:00,0.001,Off,0.0,0.0,34.65628292042369,51.0,45.44,2618.1999905893204,0,6.0011085666793145,0.0,51.38230063051672,0.0,0.0,0.0,45.20837722723159,42.93268165740678,51.548896924876765,10.238720274792014,7.0
2018-01-01 04:50:00,0.001,Off,0.0,0.0,34.65323833957956,51.0,45.44,2618.2317859508034,0,6.001304440474853,0.0,51.37504545207946,0.0,0.0,0.0,45.20431778610608,42.9300878227105,51.54542076183858,10.249143037854601,7.0
2018-01-01 04:51:00,0.001,Off,0.0,0.0,34.65019363431904,51.0,45.44,2618.2635593763534,0,6.0015001951476865,0.0,51.367795562726435,0.0,0.0,0.0,45.200258179092046,42.92749422092503,51.54194395958129,10.259557403578151,7.0
2018-01-01 04:52:00,0.001,Off,0.0,0.0,34.64714880463053,51.0,45.44,2618.295310895175,0,6.001695830848735,0.0,51.36055095348899,0.0,0.0,0.0,45.19619840617405,42.92490085205986,51.53846651967367,10.269963380593259,7.0
2018-01-01 04:53:00,0.001,Off,0.0,0.0,34.64410385047727,51.0,45.44,2618.327040536426,0,6.00189134772869,0.0,51.35331161541898,0.0,0.0,0.0,45.19213846730303,42.92230771612452,51.53498844368151,10.280360977518969,7.0
2018-01-01 04:54:00,0.001,Off,0.0,0.0,34.64105877180506,51.0,45.44,2618.358748329218,0,6.002086745938019,0.0,51.34607753958874,0.0,0.0,0.0,45.188078362406756,42.91971481312856,51.53150973316768,10.290750202962785,7.0
2018-01-01 04:55:00,0.001,Off,0.0,0.0,34.63801356854427,51.0,45.44,2618.390434302613,0,6.002282025626962,0.0,51.33884871709099,0.0,0.0,0.0,45.18401809139236,42.91712214308147,51.52803038969206,10.301131065520705,7.0
2018-01-01 04:56:00,0.001,Off,0.0,0.0,34.63496824077808,51.0,45.44,2618.4220984856247,0,6.002477186945528,0.0,51.33162513903883,0.0,0.0,0.0,45.179957654370774,42.914529705992784,51.52455041481162,10.311503573777221,7.0
2018-01-01 04:57:00,0.001,Off,0.0,0.0,34.63192278842908,51.0,45.44,2618.453740907224,0,6.00267223004351,0.0,51.32440679656565,0.0,0.0,0.0,45.17589705123878,42.91193750187205,51.52106981008037,10.321867736305357,7.0
2018-01-01 04:58:00,0.001,Off,0.0,0.0,34.62887721138314,51.0,45.44,2618.485361596332,0,6.002867155070474,0.0,51.31719368082508,0.0,0.0,0.0,45.171836281844186,42.90934553072877,51.51758857704939,10.332223561666675,7.0
2018-01-01 04:59:00,0.001,Off,0.0,0.0,34.625831509750554,51.0,45.44,2618.516960581821,0,6.003061962175753,0.0,51.309985782990964,0.0,0.0,0.0,45.16777534633407,42.906753792572516,51.51410671726687,10.342571058411295,7.0
2018-01-01 05:00:00,0.001,Off,0.0,0.0,34.62278568341324,51.0,45.44,2618.54853789252,0,6.003256651508466,0.0,51.30278309425727,0.0,0.0,0.0,45.16371424455099,42.904162287412795,51.51062423227807,10.352910235077918,7.0
2018-01-01 05:01:00,0.001,Off,0.0,0.0,34.61973973236349,51.0,45.44,2618.580093557208,0,6.003451223217505,0.0,51.29558560583808,0.0,0.0,0.0,45.15965297648466,42.901571015259144,51.50714112362536,10.363241100193841,7.0
2018-01-01 05:02:00,0.001,Off,0.0,0.0,34.616693656624534,51.0,45.44,2618.6116276046196,0,6.0036456774515345,0.0,51.288393308967514,0.0,0.0,0.0,45.15559154216605,42.898979976121126,51.50365739284821,10.373563662274977,7.0
2018-01-01 05:03:00,0.001,Off,0.0,0.0,34.61364745614411,51.0,45.44,2618.643140063441,0,6.003840014359001,0.0,51.28120619489966,0.0,0.0,0.0,45.15152994152548,42.89638917000825,51.5001730414832,10.383877929825875,7.0
2018-01-01 05:04:00,0.001,Off,0.0,0.0,34.610601130885456,51.0,45.44,2618.674630962313,0,6.004034234088131,0.0,51.27402425490856,0.0,0.0,0.0,45.14746817451394,42.8937985969301,51.49668807106403,10.394183911339736,7.0
2018-01-01 05:05:00,0.001,Off,0.0,0.0,34.60755468088727,51.0,45.44,2618.706100329828,0,6.004228336786917,0.0,51.26684748028814,0.0,0.0,0.0,45.14340624118302,42.89120825689618,51.49320248312153,10.404481615298433,7.0
2018-01-01 05:06:00,0.001,Off,0.0,0.0,34.624191119446365,51.0,45.44,2618.801870929174,0,6.004819145744247,0.0,51.399476466794866,0.0,0.0,0.0,45.165588159261816,42.88861814991604,51.399476466794866,10.414771050172531,7.0
2018-01-01 05:07:00,0.001,Off,0.0,0.0,34.621124957924394,51.0,45.44,2618.8333265054043,0,6.005013227105086,0.0,51.39218613599547,0.0,0.0,0.0,45.161499943899194,42.88602677024638,51.3962439989737,10.4250522244213,7.0
2018-01-01 05:08:00,0.001,Off,0.0,0.0,34.61805869546372,51.0,45.44,2618.864760591796,0,6.005207191622304,0.0,51.384901099824944,0.0,0.0,0.0,45.15741159395163,42.883435625138425,51.39301186380971,10.435325146492742,7.0
2018-01-01 05:09:00,0.001,Off,0.0,0.0,34.61499233196757,51.0,45.44,2618.8961732168555,0,6.005401039443553,0.0,51.37762134945351,0.0,0.0,0.0,45.15332310929009,42.880844714599924,51.38978006115132,10.4455898248236,7.0
2018-01-01 05:10:00,0.001,Off,0.0,0.0,34.611925867414676,51.0,45.44,2618.9275644090426,0,6.005594770716258,0.0,51.37034687607119,0.0,0.0,0.0,45.14923448988623,42.878254038638595,51.386548590843645,10.455846267839382,7.0
2018-01-01 05:11:00,0.001,Off,0.0,0.0,34.60885930179151,51.0,45.44,2618.958934196771,0,6.005788385587626,0.0,51.363077670887705,0.0,0.0,0.0,45.14514573572201,42.875663597262175,51.38331745272853,10.46609448395438,7.0
2018-01-01 05:12:00,0.001,Off,0.0,0.0,34.605792635003226,51.0,45.44,2618.990282608409,0,6.005981884204636,0.0,51.355813725132435,0.0,0.0,0.0,45.14105684667096,42.87307339047841,51.38008664664454,10.476334481571687,7.0
2018-01-01 05:13:00,0.001,Off,0.0,0.0,34.60272586703629,51.0,45.44,2619.0216096722747,0,6.006175266714058,0.0,51.348555030054385,0.0,0.0,0.0,45.13696782271506,42.87048341829499,51.37685617242703,10.48656626908321,7.0
2018-01-01 05:14:00,0.001,Off,0.0,0.0,34.59965899790812,51.0,45.44,2619.0529154166466,0,6.006368533262427,0.0,51.341301576922135,0.0,0.0,0.0,45.1328786638775,42.86789368071969,51.37362602990811,10.496789854869697,7.0
2018-01-01 05:15:00,0.001,Off,0.0,0.0,34.59659202747747,51.0,45.44,2619.0841998697515,0,6.006561683996072,0.0,51.334053357023755,0.0,0.0,0.0,45.12878936996996,42.86530417776026,51.370396218916696,10.507005247300746,7.0
2018-01-01 05:16:00,0.001,Off,0.0,0.0,34.59352495579463,51.0,45.44,2619.115463059773,0,6.006754719061094,0.0,51.326810361666816,0.0,0.0,0.0,45.124699941059504,42.86271490942442,51.36716673927855,10.517212454734837,7.0
2018-01-01 05:17:00,0.001,Off,0.0,0.0,34.590457782766734,51.0,45.44,2619.1467050148494,0,6.006947638603376,0.0,51.31957258217829,0.0,0.0,0.0,45.12061037702231,42.86012587571994,51.36393759081626,10.527411485519336,7.0
2018-01-01 05:18:00,0.001,Off,0.0,0.0,34.587390508391834,51.0,45.44,2619.1779257630715,0,6.007140442768582,0.0,51.31234000990451,0.0,0.0,0.0,45.116520677855775,42.85753707665456,51.360708773349316,10.537602347990514,7.0
2018-01-01 05:19:00,0.001,Off,0.0,0.0,34.5843231326235,51.0,45.44,2619.2091253324857,0,6.0073331317021585,0.0,51.30511263621114,0.0,0.0,0.0,45.112430843498004,42.85494851223603,51.35748028669408,10.547785050473577,7.0
2018-01-01 05:20:00,0.001,Off,0.0,0.0,34.58125565541334,51.0,45.44,2619.240303751093,0,6.007525705549335,0.0,51.29789045248312,0.0,0.0,0.0,45.10834087388445,42.852360182472125,51.35425213066383,10.557959601282674,7.0
2018-01-01 05:21:00,0.001,Off,0.0,0.0,34.57818807681556,51.0,45.44,2619.2714610468474,0,6.007718164455119,0.0,51.290673450124594,0.0,0.0,0.0,45.10425076908741,42.84977208737058,51.3510243050688,10.568126008720917,7.0
2018-01-01 05:22:00,0.001,Off,0.0,0.0,34.57512039668113,51.0,45.44,2619.3025972476603,0,6.007910508564305,0.0,51.28346162055889,0.0,0.0,0.0,45.10016052890818,42.84718422693918,51.347796809716165,10.5782842810804,7.0
2018-01-01 05:23:00,0.001,Off,0.0,0.0,34.57205261506427,51.0,45.44,2619.3337123813944,0,6.008102738021468,0.0,51.27625495522846,0.0,0.0,0.0,45.09607015341903,42.84459660118567,51.3445696444101,10.588434426642213,7.0
2018-01-01 05:24:00,0.001,Off,0.0,0.0,34.56898473190108,51.0,45.44,2619.3648064758704,0,6.008294852970966,0.0,51.26905344559483,0.0,0.0,0.0,45.09197964253478,42.842009210117816,51.34134280895177,10.598576453676467,7.0
2018-01-01 05:25:00,0.001,Off,0.0,0.0,34.565916747212896,51.0,45.44,2619.3958795588624,0,6.008486853556943,0.0,51.26185708313855,0.0,0.0,0.0,45.087888996283866,42.839422053743384,51.33811630313939,10.608710370442308,7.0
2018-01-01 05:26:00,0.001,Off,0.0,0.0,34.56284866090681,51.0,45.44,2619.426931658099,0,6.008678739923322,0.0,51.25466585935916,0.0,0.0,0.0,45.08379821454241,42.83683513207016,51.33489012676819,10.618836185187932,7.0
2018-01-01 05:27:00,0.001,Off,0.0,0.0,34.55978047300216,51.0,45.44,2619.457962801265,0,6.00887051221382,0.0,51.247479765775125,0.0,0.0,0.0,45.079707297336206,42.83424844510591,51.33166427963047,10.62895390615061,7.0
2018-01-01 05:28:00,0.001,Off,0.0,0.0,34.55671218346606,51.0,45.44,2619.4889730159994,0,6.009062170571927,0.0,51.240298793923806,0.0,0.0,0.0,45.075616244621415,42.83166199285839,51.32843876151566,10.639063541556693,7.0
2018-01-01 05:29:00,0.001,Off,0.0,0.0,34.55364379231787,51.0,45.44,2619.5199623298963,0,6.009253715140928,0.0,51.233122935361365,0.0,0.0,0.0,45.07152505642383,42.8290757753354,51.325213572210274,10.649165099621648,7.0
2018-01-01 05:30:00,0.001,Off,0.0,0.0,34.55057529946665,51.0,45.44,2619.5509307705074,0,6.009445146063888,0.0,51.2259521816628,0.0,0.0,0.0,45.0674337326222,42.826489792544685,51.321988711497944,10.659258588550061,7.0
2018-01-01 05:31:00,0.001,Off,0.0,0.0,34.54750670493366,51.0,45.44,2619.5818783653367,0,6.009636463483655,0.0,51.21878652442181,0.0,0.0,0.0,45.06334227324488,42.82390404449404,51.31876417915949,10.669344016535659,7.0
2018-01-01 05:32:00,0.001,Off,0.0,0.0,34.5564982643851,51.0,45.44,2619.6128051418473,0,6.009827667542876,0.0,51.29733327286335,0.0,0.0,0.0,45.075331019180126,42.821318531191245,51.31553997497288,10.679421391761327,7.0
2018-01-01 05:33:00,0.001,Off,0.0,0.0,34.5534040134479,51.0,45.44,2619.643711127452,0,6.010018758383969,0.0,51.290005693982465,0.0,0.0,0.0,45.07120535126387,42.818732330033086,51.31231606492013,10.689490722399128,7.0
2018-01-01 05:34:00,0.001,Off,0.0,0.0,34.55030972012008,51.0,45.44,2619.674596349526,0,6.010209736149148,0.0,51.28268358963348,0.0,0.0,0.0,45.06707962682678,42.81614636558548,51.30909241527441,10.69955201661032,7.0
2018-01-01 05:35:00,0.001,Off,0.0,0.0,34.547215384204286,51.0,45.44,2619.7054608353956,0,6.010400600980415,0.0,51.27536695044234,0.0,0.0,0.0,45.06295384560571,42.81356063785171,51.305869026244665,10.709605282545375,7.0
2018-01-01 05:36:00,0.001,Off,0.0,0.0,34.544121005586334,51.0,45.44,2619.736304612346,0,6.010591353019557,0.0,51.268055767056396,0.0,0.0,0.0,45.05882800744845,42.81097514683498,51.30264589803508,10.719650528343987,7.0
2018-01-01 05:37:00,0.001,Off,0.0,0.0,34.54102658405722,51.0,45.44,2619.7671277076156,0,6.010781992408149,0.0,51.260750030144294,0.0,0.0,0.0,45.05470211207629,42.808389892538585,51.299423030845084,10.729687762135102,7.0
2018-01-01 05:38:00,0.001,Off,0.0,0.0,34.53793211946026,51.0,45.44,2619.7979301484006,0,6.010972519287558,0.0,51.25344973039597,0.0,0.0,0.0,45.05057615928035,42.805804874965816,51.29620042486936,10.739716992036927,7.0
2018-01-01 05:39:00,0.001,Off,0.0,0.0,34.53483761167348,51.0,45.44,2619.828711961853,0,6.011162933798934,0.0,51.24615485852256,0.0,0.0,0.0,45.046450148897975,42.80322009411996,51.292978080297914,10.749738226156955,7.0
2018-01-01 05:40:00,0.001,Off,0.0,0.0,34.531743060451184,51.0,45.44,2619.859473175081,0,6.011353236083221,0.0,51.238865405256355,0.0,0.0,0.0,45.04232408060158,42.80063555000432,51.28975599731606,10.759751472591974,7.0
2018-01-01 05:41:00,0.001,Off,0.0,0.0,34.52864846571015,51.0,45.44,2619.890213815149,0,6.011543426281156,0.0,51.23158136135077,0.0,0.0,0.0,45.03819795428019,42.798051242622215,51.28653417610448,10.769756739428086,7.0
2018-01-01 05:42:00,0.001,Off,0.0,0.0,34.52555382729944,51.0,45.44,2619.920933909077,0,6.011733504533258,0.0,51.22430271758025,0.0,0.0,0.0,45.034071769732584,42.79546717197698,51.28331261683925,10.77975403474073,7.0
2018-01-01 05:43:00,0.001,Off,0.0,0.0,34.52245914500233,51.0,45.44,2619.9516334838427,0,6.011923470979842,0.0,51.21702946474023,0.0,0.0,0.0,45.02994552666977,42.792883338071945,51.280091319691834,10.789743366594694,7.0
2018-01-01 05:44:00,0.001,Off,0.0,0.0,34.51936441871628,51.0,45.44,2619.9823125663797,0,6.012113325761014,0.0,51.20976159364711,0.0,0.0,0.0,45.025819224955036,42.790299740910484,51.27687028482916,10.799724743044136,7.0
2018-01-01 05:45:00,0.001,Off,0.0,0.0,34.5162696482381,51.0,45.44,2620.0129711835784,0,6.0123030690166654,0.0,51.20249909513816,0.0,0.0,0.0,45.021692864317465,42.78771638049595,51.27364951241361,10.809698172132594,7.0
2018-01-01 05:46:00,0.001,Off,0.0,0.0,34.51317483346523,51.0,45.44,2620.043609362286,0,6.012492700886486,0.0,51.19524196007149,0.0,0.0,0.0,45.01756644462031,42.78513325683173,51.27042900260309,10.819663661893015,7.0
2018-01-01 05:47:00,0.001,Off,0.0,0.0,34.51007997423899,51.0,45.44,2620.0742271293047,0,6.0126822215099525,0.0,51.187990179326,0.0,0.0,0.0,45.01343996565199,42.7825503699212,51.267208755550996,10.82962122034776,7.0
2018-01-01 05:48:00,0.001,Off,0.0,0.0,34.50698507041428,51.0,45.44,2620.1048245113975,0,6.01287163102634,0.0,51.1807437438013,0.0,0.0,0.0,45.00931342721904,42.77996771976779,51.26398877140628,10.839570855508631,7.0
2018-01-01 05:49:00,0.001,Off,0.0,0.0,34.503890121793724,51.0,45.44,2620.13540153528,0,6.01306092957471,0.0,51.17350264441768,0.0,0.0,0.0,45.005186829058296,42.77738530637488,51.2607690503135,10.849512575376874,7.0
2018-01-01 05:50:00,0.001,Off,0.0,0.0,34.50079512832892,51.0,45.44,2620.1659582276266,0,6.013250117293917,0.0,51.16626687211606,0.0,0.0,0.0,45.00106017110522,42.77480312974592,51.257549592412786,10.859446387943217,7.0
2018-01-01 05:51:00,0.001,Off,0.0,0.0,34.49770008980123,51.0,45.44,2620.1964946150697,0,6.013439194322614,0.0,51.15903641785792,0.0,0.0,0.0,44.99693345306831,42.772221189884306,51.254330397839915,10.869372301187871,7.0
2018-01-01 05:52:00,0.001,Off,0.0,0.0,34.49460500608294,51.0,45.44,2620.2270107241984,0,6.013628160799247,0.0,51.151811272625245,0.0,0.0,0.0,44.992806674777256,42.76963948679354,51.25111146672633,10.879290323080546,7.0
2018-01-01 05:53:00,0.001,Off,0.0,0.0,34.491509877038595,51.0,45.44,2620.2575065815577,0,6.013817016862047,0.0,51.1445914274205,0.0,0.0,0.0,44.98867983605146,42.76705802047703,51.24789279919915,10.889200461580483,7.0
2018-01-01 05:54:00,0.001,Off,0.0,0.0,34.48841470252499,51.0,45.44,2620.287982213652,0,6.0140057626490515,0.0,51.137376873266554,0.0,0.0,0.0,44.98455293669999,42.76447679093826,51.24467439538121,10.899102724636455,7.0
2018-01-01 05:55:00,0.001,Off,0.0,0.0,34.485319482428,51.0,45.44,2620.31843764694,0,6.014194398298086,0.0,51.13016760120664,0.0,0.0,0.0,44.980425976570665,42.76189579818072,51.241456255391086,10.908997120186791,7.0
2018-01-01 05:56:00,0.001,Off,0.0,0.0,34.48222421654053,51.0,45.44,2620.348872907842,0,6.014382923946768,0.0,51.12296360230426,0.0,0.0,0.0,44.97629895538738,42.75931504220788,51.238238379343116,10.918883656159393,7.0
2018-01-01 05:57:00,0.001,Off,0.0,0.0,34.47912890483165,51.0,45.44,2620.379288022733,0,6.014571339732522,0.0,51.11576486764322,0.0,0.0,0.0,44.97217187310886,42.756734523023255,51.235020767347436,10.928762340471751,7.0
2018-01-01 05:58:00,0.001,Off,0.0,0.0,34.476033547102034,51.0,45.44,2620.409683017946,0,6.014759645792555,0.0,51.10857138832751,0.0,0.0,0.0,44.968044729469376,42.75415424063034,51.23180341950999,10.938633181030964,7.0
2018-01-01 05:59:00,0.001,Off,0.0,0.0,34.47293814320462,51.0,45.44,2620.4400579197727,0,6.01494784226388,0.0,51.10138315548125,0.0,0.0,0.0,44.96391752427283,42.75157419503267,51.22858633593256,10.948496185733749,7.0
2018-01-01 06:00:00,0.001,Off,0.0,0.0,34.469842693025264,51.0,45.44,2620.4704127544614,0,6.0151359292833,0.0,51.09420016024869,0.0,0.0,0.0,44.95979025736702,42.74899438623377,51.22536951671283,10.95835136246646,7.0
2018-01-01 06:01:00,0.001,Off,0.0,0.0,34.466747196472994,51.0,45.44,2620.5007475482184,0,6.015323906987419,0.0,51.08702239379409,0.0,0.0,0.0,44.95566292863066,42.74641481423716,51.22215296194436,10.968198719105118,7.0
2018-01-01 06:02:00,0.001,Off,0.0,0.0,34.46365165336401,51.0,45.44,2620.5310623272107,0,6.015511775512634,0.0,51.07984984730174,0.0,0.0,0.0,44.95153553781868,42.74383547904642,51.21893667171663,10.978038263515401,7.0
2018-01-01 06:03:00,0.001,Off,0.0,0.0,34.46055606368667,51.0,45.44,2620.561357117559,0,6.015699534995143,0.0,51.07268251197584,0.0,0.0,0.0,44.94740808491556,42.741256380665114,51.21572064611505,10.987870003552688,7.0
2018-01-01 06:04:00,0.001,Off,0.0,0.0,34.45746042710042,51.0,45.44,2620.5916319453454,0,6.015887185570942,0.0,51.065520379040514,0.0,0.0,0.0,44.94328056946723,42.738677519096754,51.21250488522103,10.997693947062059,7.0
2018-01-01 06:05:00,0.001,Off,0.0,0.0,34.45436474365365,51.0,45.44,2620.6218868366086,0,6.016074727375824,0.0,51.058363439739715,0.0,0.0,0.0,44.9391529915382,42.736098894344984,51.209289389111966,11.007510101878317,7.0
2018-01-01 06:06:00,0.001,Off,0.0,0.0,34.45126901317027,51.0,45.44,2620.652121817345,0,6.016262160545379,0.0,51.05121168533718,0.0,0.0,0.0,44.93502535089369,42.73352050641336,51.20607415786128,11.017318475826004,7.0
2018-01-01 06:07:00,0.001,Off,0.0,0.0,34.448173235574785,51.0,45.44,2620.682336913511,0,6.016449485214997,0.0,51.04406510711641,0.0,0.0,0.0,44.93089764743305,42.73094235530549,51.202859191538444,11.027119076719416,7.0
2018-01-01 06:08:00,0.001,Off,0.0,0.0,34.44507741067953,51.0,45.44,2620.7125321510207,0,6.016636701519866,0.0,51.036923696380555,0.0,0.0,0.0,44.92676988090604,42.72836444102498,51.19964449020899,11.036911912362623,7.0
2018-01-01 06:09:00,0.001,Off,0.0,0.0,34.441981538395495,51.0,45.44,2620.7427075557484,0,6.01682380959498,0.0,51.029787444452445,0.0,0.0,0.0,44.92264205119399,42.72578676357544,51.19643005393456,11.04669699054948,7.0
2018-01-01 06:10:00,0.001,Off,0.0,0.0,34.43888561859107,51.0,45.44,2620.772863153523,0,6.017010809575123,0.0,51.02265634267447,0.0,0.0,0.0,44.91851415812143,42.72320932296051,51.19321588277292,11.056474319063648,7.0
2018-01-01 06:11:00,0.001,Off,0.0,0.0,34.43578965116373,51.0,45.44,2620.8029989701354,0,6.017197701594887,0.0,51.01553038240859,0.0,0.0,0.0,44.914386201551636,42.7206321191838,51.190001976777964,11.066243905678611,7.0
2018-01-01 06:12:00,0.001,Off,0.0,0.0,34.4326936359838,51.0,45.44,2620.8331150313334,0,6.017384485788661,0.0,51.00840955503623,0.0,0.0,0.0,44.91025818131174,42.71805515224897,51.186788335999786,11.07600575815769,7.0
2018-01-01 06:13:00,0.001,Off,0.0,0.0,34.429597572970025,51.0,45.44,2620.8632113628255,0,6.017571162290634,0.0,51.00129385195826,0.0,0.0,0.0,44.90613009729337,42.71547842215969,51.183574960484655,11.085759884254056,7.0
2018-01-01 06:14:00,0.001,Off,0.0,0.0,34.44601057872537,51.0,45.44,2620.8932879902777,0,6.017757731234798,0.0,51.13274882811387,0.0,0.0,0.0,44.92801410496716,42.71290192891958,51.16815038739508,11.095506291710754,7.0
2018-01-01 06:15:00,0.001,Off,0.0,0.0,33.23258319718116,51.0,45.44,2620.9233970271093,0,6.017944515899904,0.0,51.125520426140625,9.12548255018702,28072.577777777813,0.0,43.310110929574876,42.71032418008257,51.16464909943902,11.105244988260713,7.0
2018-01-01 06:16:00,0.4547027670468755,Heat Pump On,2673.3986704794415,5.879442273558541,-1429.8109915283826,51.0,45.44,2673.398670479441,1,6.369742780801958,0.0,51.1200578434439,0.0,0.0,2673.3986704794415,41.83773964948068,41.09717259191863,51.12633354678704,9.31611245501467,7.0
2018-01-01 06:17:00,0.4561911536198658,Heat Pump On,2668.7683035074638,5.8501097233711175,-1425.557622527631,51.0,45.44,2668.768303507464,1,6.336240162147579,0.0,51.1128379611554,0.0,0.0,2668.7683035074638,42.12439519757845,41.248158636240696,51.12687262651585,9.408336274287064,7.0
2018-01-01 06:18:00,0.45768087882187497,Heat Pump On,2664.067071503285,5.8207960934721825,-1421.2569527357723,51.0,45.44,2664.0670715032857,1,6.302785872237125,0.0,51.10562331459516,0.0,0.0,2664.067071503285,42.41057924527831,41.39886256595486,51.20629545543687,9.500760824814364,7.0
2018-01-01 06:19:00,0.45914322265483626,Heat Pump On,2659.3882066379947,5.792066778773311,-1416.983827525747,51.0,45.44,2659.388206637995,1,6.270024049876614,0.0,51.13850455105022,0.0,0.0,2659.3882066379947,42.703815870850576,41.54928034222595,51.13850455105022,9.59338244611147,7.0
2018-01-01 06:20:00,0.4606356600269749,Heat Pump On,2654.5485219063435,5.7627942260286416,-1412.5907104401797,51.0,45.44,2654.5485219063435,1,6.236668520062699,0.0,51.13127481271315,0.0,0.0,2654.5485219063435,42.989037866937906,41.69941284372824,51.217916154516715,9.686200395703384,7.0
2018-01-01 06:21:00,0.4621021888336697,Heat Pump On,2649.7302254138967,5.734078499177262,-1408.2243550870721,51.0,45.44,2649.7302254138967,1,6.203972479396039,0.0,51.158288612663675,0.0,0.0,2649.7302254138967,43.28019874117081,41.8492513032476,51.158288612663675,9.779208192516956,7.0
2018-01-01 06:22:00,0.46359743159139455,Heat Pump On,2644.754580610571,5.704851667387158,-1403.7403960226802,51.0,45.44,2644.7545806105713,1,6.1707196209518145,0.0,51.15105428086296,0.0,0.0,2644.754580610571,43.56442977330198,41.99879660719248,51.237663571297524,9.872405052062865,7.0
2018-01-01 06:23:00,0.46506664924103963,Heat Pump On,2639.804464293259,5.6761852706515485,-1399.2860205747536,51.0,45.44,2639.804464293259,1,6.138128750396842,0.0,51.178055391703694,0.0,0.0,2639.8044642932596,43.854583146281584,42.14804012528977,51.17805539170371,9.96578459072313,7.0
2018-01-01 06:24:00,0.46656479513408755,Heat Pump On,2634.695470622092,5.647008728690939,-1394.7129008291547,51.0,45.44,2634.695470622092,1,6.104982381158987,0.0,51.170816470451996,0.0,0.0,2634.695470622092,44.13779332390459,42.29698298244378,51.25816974902829,10.059346142917391,7.0
2018-01-01 06:25:00,0.4679681488474622,Heat Pump On,2629.8543254425326,5.61972931687655,-1390.3702736693003,51.0,45.44,2629.8543254425326,1,6.07401337129085,0.0,51.22912402313719,0.0,0.0,2629.8543254425326,44.43280384459513,42.445616461418574,51.22912402313719,10.15308326670945,7.0
2018-01-01 06:26:00,0.46946921658811486,Heat Pump On,2624.6176738247786,5.590606542638271,-1385.7117408025033,51.0,45.44,2624.6176738247786,1,6.040974995733625,0.0,51.221873244770066,0.0,0.0,2624.6176738247786,44.71498796492642,42.59395525299962,51.38795275873721,10.247002885463411,7.0
2018-01-01 06:27:00,0.470850271489335,Heat Pump On,2619.747174578138,5.563864636398487,-1381.3636658065557,51.0,45.44,2619.7471745781386,1,6.010658581503814,0.0,51.29129970631996,0.0,0.0,2619.747174578138,45.011053642739626,42.74197740088543,51.29129970631996,10.341091157583014,7.0
2018-01-01 06:28:00,0.47235433482673317,Heat Pump On,2614.3865152179014,5.534799455533522,-1376.6220941345914,51.0,45.44,2614.3865152179014,1,5.977730885538482,0.0,51.28403449200203,0.0,0.0,2614.3865152179014,45.292193231439796,42.88970311664554,51.449860264533456,10.435358079554746,7.0
2018-01-01 06:29:00,0.473737854848652,Heat Pump On,2609.4044285761374,5.508118892904981,-1372.1995593955014,51.0,45.44,2609.404428576138,1,5.947525155941431,0.0,51.3532933609533,0.0,0.0,2609.4044285761374,45.587172352852576,43.03710513368516,51.3532933609533,10.529786844443175,7.0
2018-01-01 06:30:00,0.47524502357152226,Heat Pump On,2603.922327888513,5.479115400977227,-1367.3765900730764,51.0,45.44,2603.9223278885124,1,5.914711554860946,0.0,51.34601375294793,0.0,0.0,2603.922327888513,45.867241034849485,43.184204378603546,51.5115690004479,10.62438782892602,7.0
2018-01-01 06:31:00,0.4766311098386906,Heat Pump On,2598.8310846173654,5.452499912347108,-1362.8811537037218,51.0,45.44,2598.8310846173654,1,5.88461959929999,0.0,51.41509816933005,0.0,0.0,2598.8310846173654,46.16110620027166,43.330973018537776,51.41509816933005,10.719143909361922,7.0
2018-01-01 06:32:00,0.4781415000004685,Heat Pump On,2593.2301376364535,5.423562141403565,-1357.9784422305966,51.0,45.44,2593.2301376364535,1,5.851923454773953,0.0,51.40780421148357,0.0,0.0,2593.2301376364535,46.44007814553834,43.47743268739269,51.57307243290691,10.814065838741678,7.0
2018-01-01 06:33:00,0.479530259283962,Heat Pump On,2588.0321926283696,5.397015396886189,-1353.4116741123821,51.0,45.44,2588.0321926283696,1,5.821948311903684,0.0,51.47670744147847,0.0,0.0,2588.0321926283696,46.73280252656923,43.62355499537208,51.47670744147847,10.90913618222697,7.0
2018-01-01 06:34:00,0.4810439933178769,Heat Pump On,2582.31502084632,5.368147314418102,-1348.4308888267979,51.0,45.44,2582.31502084632,1,5.789372930768316,0.0,51.46939917919049,0.0,0.0,2582.31502084632,47.01065245596601,43.769362275703045,51.63436416011158,11.004366065104684,7.0
2018-01-01 06:35:00,0.4824355381349207,Heat Pump On,2577.0128511242456,5.341672922950265,-1343.7943692218394,51.0,45.44,2577.012851124246,1,5.7595175874187445,0.0,51.53811461673191,0.0,0.0,2577.0128511242456,47.30220980148715,43.914825591125876,51.53811461673191,11.09973774692305,7.0
2018-01-01 06:36:00,0.4839527449714901,Heat Pump On,2571.182100335431,5.312878430903209,-1338.737189796288,51.0,45.44,2571.182100335431,1,5.727066220518841,0.0,51.530792096925296,0.0,0.0,2571.182100335431,47.57891299188395,44.05996796595674,51.69543791335312,11.195262721114094,7.0
2018-01-01 06:37:00,0.48534719368711254,Heat Pump On,2565.7782030635954,5.286479939384729,-1334.0325079633512,51.0,45.44,2565.7782030635954,1,5.697333610667994,0.0,51.599313265188464,0.0,0.0,2565.7782030635954,47.869277633503316,44.204759925068004,51.59931326518847,11.290922947265397,7.0
2018-01-01 06:38:00,0.48686800887423093,Heat Pump On,2559.836541216628,5.257762873218256,-1328.9006239039197,51.0,45.44,2559.836541216628,1,5.6650094517514535,0.0,51.591976536278956,0.0,0.0,2559.836541216628,48.14480992275003,44.34922517539152,51.756287558218546,11.38673028267412,7.0
2018-01-01 06:39:00,0.4882649603968795,Heat Pump On,2554.3355084075515,5.231453648304591,-1324.1310619012343,51.0,45.44,2554.335508407552,1,5.635413569517865,0.0,51.66052512478233,0.0,0.0,2554.3355084075515,48.43399971441295,44.49333371364408,51.66212137483392,11.482666392684038,7.0
2018-01-01 06:40:00,0.48978952542017723,Heat Pump On,2548.2856431443074,5.202817763320279,-1318.9261844088824,51.0,45.44,2548.2856431443074,1,5.603219732886244,0.0,51.65317418370258,0.0,0.0,2548.2856431443074,48.70833771872458,44.63711003735586,51.8933388239792,11.578743559181145,7.0
2018-01-01 06:41:00,0.49099934538266143,Heat Pump On,2543.451070164411,5.180151652100812,-1314.7138640512462,51.0,45.44,2543.451070164411,1,5.577751582143216,0.0,51.77142425460562,0.0,0.0,2543.451070164411,49.00569907294448,44.78052350933822,51.77142425460563,11.674943094803549,7.0
2018-01-01 06:42:00,0.4925275038145303,Heat Pump On,2537.3026718797373,5.151595905261774,-1309.4424358716706,51.0,45.44,2537.3026718797378,1,5.5456833758092365,0.0,51.764047564964656,0.0,0.0,2537.3026718797373,49.27890006848838,44.92364253612805,52.002071355482975,11.771301568892547,7.0
2018-01-01 06:43:00,0.49373986419467497,Heat Pump On,2532.392406406412,5.129001302207844,-1305.1793945579307,51.0,45.44,2532.392406406412,1,5.520323399083851,0.0,51.881898614619146,0.0,0.0,2532.392406406412,49.5750444024211,45.06639312308352,51.88189861461915,11.867776397719998,7.0
2018-01-01 06:44:00,0.49527175175157173,Heat Pump On,2526.1478631571645,5.100528859607321,-1299.8429169894407,51.0,45.44,2526.147863157165,1,5.488383446396325,0.0,51.87449627504003,0.0,0.0,2526.1478631571645,49.8470887176677,45.20884499180954,52.11195192221893,11.964404860953598,7.0
2018-01-01 06:45:00,0.4964864214540209,Heat Pump On,2521.1652422559728,5.0780144900487585,-1296.7685162824193,51.0,45.44,2521.1652422559728,1,5.46314067987624,0.0,51.99193915054006,8.949751316994163,28072.577777777813,2521.165242255973,48.49267392915863,45.350922970739845,51.99193915054008,12.06114373048102,7.0
2018-01-01 06:46:00,0.47956111356585995,Heat Pump On,2587.916192802576,5.39642627309724,-1353.025948589916,51.0,45.44,2587.916192802576,1,5.821283314783641,0.0,51.98451126174811,0.0,0.0,2587.916192802576,47.117871608421865,43.882126114352516,52.14558828891554,9.981610580753948,7.0
2018-01-01 06:47:00,0.001,Off,0.0,0.0,36.20189686910382,51.0,45.44,2582.6566298912944,0,5.791308041513568,0.0,52.05234384044252,0.0,0.0,0.0,47.26919582547176,44.02790464580998,52.05234384044252,10.07647637533352,7.0
2018-01-01 06:48:00,0.001,Off,0.0,0.0,36.19917436652096,51.0,45.44,2582.7113573123006,0,5.791618187636439,0.0,52.04490192688896,0.0,0.0,0.0,47.265565822027945,44.025192571461886,52.04904416219574,10.090506131596044,7.0
2018-01-01 06:49:00,0.001,Off,0.0,0.0,36.19645056896632,51.0,45.44,2582.7660233569413,0,5.791928022369233,0.0,52.03746541805179,0.0,0.0,0.0,47.26193409195509,44.022480705385554,52.04574482363723,10.10451929034055,7.0
2018-01-01 06:50:00,0.001,Off,0.0,0.0,36.193725479081195,51.0,45.44,2582.8206281474727,0,5.792237546295839,0.0,52.03003430491764,0.0,0.0,0.0,47.25830063877493,44.01976904768006,52.042445824726244,10.118515878894879,7.0
2018-01-01 06:51:00,0.001,Off,0.0,0.0,36.19099909962881,51.0,45.44,2582.875171805855,0,5.792546759998857,0.0,52.02260857849335,0.0,0.0,0.0,47.25466546617175,44.017057598444275,52.03914716541828,10.132495924530302,7.0
2018-01-01 06:52:00,0.001,Off,0.0,0.0,36.18827143321761,51.0,45.44,2582.929654453756,0,5.792855664059611,0.0,52.01518822980586,0.0,0.0,0.0,47.25102857762347,44.01434635777683,52.03584884566503,10.146459454461645,7.0
2018-01-01 06:53:00,0.001,Off,0.0,0.0,36.18554248267073,51.0,45.44,2582.9840762125523,0,5.7931642590581465,0.0,52.007773249902215,0.0,0.0,0.0,47.24738997689431,44.011635325776204,52.03255086541444,10.160406495847434,7.0
2018-01-01 06:54:00,0.001,Off,0.0,0.0,36.182812250608265,51.0,45.44,2583.038437203328,0,5.793472545573232,0.0,52.00036362984945,0.0,0.0,0.0,47.24374966747769,44.00892450254062,52.029253224610734,10.174337075790016,7.0
2018-01-01 06:55:00,0.001,Off,0.0,0.0,36.18008073970824,51.0,45.44,2583.0927375468787,0,5.79378052418237,0.0,51.9929593607346,0.0,0.0,0.0,47.24010765294432,44.00621388816811,52.02595592319442,10.188251221335689,7.0
2018-01-01 06:56:00,0.001,Off,0.0,0.0,36.177347952641014,51.0,45.44,2583.146977363709,0,5.794088195461787,0.0,51.98556043366461,0.0,0.0,0.0,47.23646393685468,44.003503482756514,52.02265896110234,10.20214895947484,7.0
2018-01-01 06:57:00,0.001,Off,0.0,0.0,36.174613892123375,51.0,45.44,2583.201156774035,0,5.794395559986446,0.0,51.978166839766295,0.0,0.0,0.0,47.23281852283117,44.00079328640346,52.01936233826767,10.216030317142076,7.0
2018-01-01 06:58:00,0.001,Off,0.0,0.0,36.17187856078887,51.0,45.44,2583.2552758977845,0,5.794702618330051,0.0,51.97077857018629,0.0,0.0,0.0,47.229171414385156,43.99808329920635,52.01606605461995,10.229895321216349,7.0
2018-01-01 06:59:00,0.001,Off,0.0,0.0,36.16914196128849,51.0,45.44,2583.3093348545985,0,5.7950093710650465,0.0,51.963395616091006,0.0,0.0,0.0,47.22552261505132,43.99537352126242,52.01277011008511,10.243743998521087,7.0
2018-01-01 07:00:00,0.4807674809369438,Heat Pump On,2583.363333763832,5.373415291585953,-1349.041424405614,51.0,48.22,2583.3633337638325,1,5.795315818762615,0.0,51.95601796866659,0.0,0.0,2583.363333763832,47.36245128017708,43.992663952668686,52.0094745045855,10.257576375824328,7.0
2018-01-01 07:01:00,0.48228378344240447,Heat Pump On,2577.5932160802195,5.344557093921119,-1344.024475523258,51.0,48.22,2577.5932160802195,1,5.762769211623183,0.0,51.948645619118835,0.0,0.0,2577.5932160802195,47.63966669026695,44.13816723065007,52.14899647353745,10.352410292428623,7.0
2018-01-01 07:02:00,0.4836788676739525,Heat Pump On,2572.2384289377364,5.318070730085483,-1339.3453118982452,51.0,48.22,2572.2384289377364,1,5.732916377971559,0.0,52.06035048677327,0.0,0.0,2572.2384289377364,47.93866471446972,44.283323542353045,52.06035048677327,10.447386777784725,7.0
2018-01-01 07:03:00,0.48519870290263617,Heat Pump On,2566.3556693726878,5.28928798453048,-1334.2525643000126,51.0,48.22,2566.3556693726878,1,5.700495476389033,0.0,52.052906714236464,0.0,0.0,2566.3556693726878,48.21471142696146,44.42815546762524,52.21702564958559,10.54251731820595,7.0
2018-01-01 07:04:00,0.48659581765954313,Heat Pump On,2560.9036016887885,5.26289686172473,-1329.5148402023967,51.0,48.22,2560.903601688789,1,5.670786799933226,0.0,52.12120917229534,0.0,0.0,2560.9036016887885,48.50439634254053,44.572634030835125,52.12120917229534,10.637783875044025,7.0
2018-01-01 07:05:00,0.48811932493748605,Heat Pump On,2554.9109139548727,5.234193328203268,-1324.348001988953,51.0,48.22,2554.9109139548727,1,5.638494704032668,0.0,52.11375126958825,0.0,0.0,2554.9109139548727,48.77926235002951,44.71678316047489,52.27752959833792,10.733198408781838,7.0
2018-01-01 07:06:00,0.4895195277278886,Heat Pump On,2549.3605391562432,5.207883229886934,-1319.5442780791332,51.0,48.22,2549.3605391562432,1,5.608913112931184,0.0,52.18185058448775,0.0,0.0,2549.3605391562432,49.06771928477474,44.860572688656845,52.18185058448775,10.828742478578498,7.0
2018-01-01 07:07:00,0.4910468527191219,Heat Pump On,2543.260625675751,5.179262654047581,-1314.3050542615488,51.0,48.22,2543.2606256757513,1,5.576752937799878,0.0,52.1743786020569,0.0,0.0,2543.260625675751,49.34138118643568,45.00402721334468,52.33780109429117,10.924428402172092,7.0
2018-01-01 07:08:00,0.49241620744477355,Heat Pump On,2537.7520129329882,5.153672796640446,-1309.5489282580006,51.0,48.22,2537.7520129329882,1,5.548015071677113,0.0,52.25120330141434,0.0,0.0,2537.7520129329882,49.630271152294426,45.14711605357356,52.25120330141436,11.020237453368795,7.0
2018-01-01 07:09:00,0.4939474471817201,Heat Pump On,2531.548825712812,5.12513798817442,-1304.2398693856499,51.0,48.22,2531.548825712812,1,5.515988467216478,0.0,52.243715216668896,0.0,0.0,2531.548825712812,49.902720593160666,45.2898722615648,52.481296388393076,11.116186615555245,7.0
2018-01-01 07:10:00,0.001,Off,0.0,0.0,38.29544239666689,51.0,48.22,2526.595336420569,0,5.490660847143275,0.0,52.361302272644295,0.0,0.0,0.0,50.06058986222252,45.43225692932209,52.3613022726443,11.212252626814072,7.0
2018-01-01 07:11:00,0.001,Off,0.0,0.0,38.29290973802554,51.0,48.22,2526.680334248786,0,5.491093637026336,0.0,52.35378862511847,0.0,0.0,0.0,50.05721298403405,45.42938469849087,52.35797078819261,11.229235622022442,7.0
2018-01-01 07:12:00,0.001,Off,0.0,0.0,38.29037474704289,51.0,48.22,2526.765223543342,0,5.491525936861155,0.0,52.346280434406076,0.0,0.0,0.0,50.05383299605719,45.42651266140836,52.35463964670404,11.246194733191222,7.0
2018-01-01 07:13:00,0.001,Off,0.0,0.0,38.28783742911191,51.0,48.22,2526.8500045432174,0,5.491957747653873,0.0,52.3387776914069,0.0,0.0,0.0,50.050449905482544,45.42364081825296,52.351308848138885,11.26313000534808,7.0
2018-01-01 07:14:00,0.001,Off,0.0,0.0,38.28529778933715,51.0,48.22,2526.9346774867604,0,5.492389070408201,0.0,52.331280387041055,0.0,0.0,0.0,50.0470637191162,45.420769169202686,52.347978392454564,11.280041483417463,7.0
2018-01-01 07:15:00,0.001,Off,0.0,0.0,38.28275583313865,51.0,48.22,2527.0192426116873,0,5.492819906125446,0.0,52.32378851224902,0.0,0.0,0.0,50.043674444184866,45.417897714435156,52.3446482796056,11.296929212220872,7.0
2018-01-01 07:16:00,0.001,Off,0.0,0.0,38.28021156572356,51.0,48.22,2527.103700155079,0,5.493250255804495,0.0,52.31630205799151,0.0,0.0,0.0,50.04028208763141,45.41502645412757,52.34131850954364,11.31379323647711,7.0
2018-01-01 07:17:00,0.001,Off,0.0,0.0,38.27766499232418,51.0,48.22,2527.188050353394,0,5.493680120441845,0.0,52.308821015249464,0.0,0.0,0.0,50.036886656432245,45.41215538845675,52.337989082217476,11.330633600802557,7.0
2018-01-01 07:18:00,0.001,Off,0.0,0.0,38.27511611819411,51.0,48.22,2527.272293442459,0,5.494109501031593,0.0,52.301345375024006,0.0,0.0,0.0,50.03348815759215,45.409284517599104,52.334659997573084,11.347450349711416,7.0
2018-01-01 07:19:00,0.001,Off,0.0,0.0,38.272564948530835,51.0,48.22,2527.3564296574777,0,5.494538398565444,0.0,52.29387512833635,0.0,0.0,0.0,50.030086598041116,45.406413841730625,52.33133125555362,11.364243527615987,7.0
2018-01-01 07:20:00,0.001,Off,0.0,0.0,38.2700114885744,51.0,48.22,2527.440459233032,0,5.494966814032724,0.0,52.286410266227804,0.0,0.0,0.0,50.026681984765865,45.40354336102694,52.32800285609944,11.381013178826915,7.0
2018-01-01 07:21:00,0.001,Off,0.0,0.0,38.26745574350295,51.0,48.22,2527.52438240308,0,5.495394748420379,0.0,52.278950779759654,0.0,0.0,0.0,50.0232743246706,45.40067307566324,52.324674799148106,11.397759347553464,7.0
2018-01-01 07:22:00,0.001,Off,0.0,0.0,38.26489771856813,51.0,48.22,2527.6081994009596,0,5.495822202712989,0.0,52.27149666001317,0.0,0.0,0.0,50.019863624757505,45.39780298581435,52.32134708463443,11.414482077903752,7.0
2018-01-01 07:23:00,0.001,Off,0.0,0.0,38.2623374188223,51.0,48.22,2527.6919104593953,0,5.496249177892768,0.0,52.264047898089515,0.0,0.0,0.0,50.01644989176306,45.39493309165467,52.31801971249046,11.431181413885032,7.0
2018-01-01 07:24:00,0.001,Off,0.0,0.0,38.25977484951325,51.0,48.22,2527.775515810492,0,5.496675674939571,0.0,52.25660448510973,0.0,0.0,0.0,50.01303313268433,45.392063393358235,52.314692682645536,11.447857399403931,7.0
2018-01-01 07:25:00,0.001,Off,0.0,0.0,38.257210015782334,51.0,48.22,2527.859015685743,0,5.497101694830904,0.0,52.24916641221467,0.0,0.0,0.0,50.00961335437645,45.38919389109865,52.31136599502626,11.464510078266716,7.0
2018-01-01 07:26:00,0.001,Off,0.0,0.0,38.25464292273804,51.0,48.22,2527.9424103160286,0,5.497527238541926,0.0,52.24173367056493,0.0,0.0,0.0,50.00619056365072,45.38632458504914,52.308039649556534,11.481139494179542,7.0
2018-01-01 07:27:00,0.001,Off,0.0,0.0,38.25207357554494,51.0,48.22,2528.025699931618,0,5.497952307045451,0.0,52.23430625134084,0.0,0.0,0.0,50.00276476739326,45.383455475382576,52.3047136461576,11.497745690748715,7.0
2018-01-01 07:28:00,0.001,Off,0.0,0.0,38.24950197928056,51.0,48.22,2528.108884762173,0,5.498376901311971,0.0,52.22688414574236,0.0,0.0,0.0,49.99933597237408,45.380586562271375,52.301387984748025,11.514328711480939,7.0
2018-01-01 07:29:00,0.001,Off,0.0,0.0,38.24692813907077,51.0,48.22,2528.1919650367504,0,5.498801022309646,0.0,52.21946734498909,0.0,0.0,0.0,49.99590418542769,45.37771784588758,52.29806266524372,11.53088859978357,7.0
2018-01-01 07:30:00,0.001,Off,0.0,0.0,38.24435206001821,51.0,48.22,2528.2749409837984,0,5.499224671004309,0.0,52.21205584032018,0.0,0.0,0.0,49.99246941335761,45.37484932640287,52.29473768755795,11.547425398964869,7.0
2018-01-01 07:31:00,0.001,Off,0.0,0.0,38.241773747186905,51.0,48.22,2528.3578128311656,0,5.499647848359486,0.0,52.20464962299429,0.0,0.0,0.0,49.98903166291587,45.37198100398854,52.29141305160138,11.56393915223426,7.0
2018-01-01 07:32:00,0.001,Off,0.0,0.0,38.239193205615614,51.0,48.22,2528.4405808060974,0,5.500070555336389,0.0,52.197248684289534,0.0,0.0,0.0,49.98559094082082,45.36911287881543,52.288088757282075,11.580429902702571,7.0
2018-01-01 07:33:00,0.001,Off,0.0,0.0,38.236610440428294,51.0,48.22,2528.5232451352413,0,5.500492792893934,0.0,52.18985301550345,0.0,0.0,0.0,49.98214725390439,45.366244951054064,52.28476480450552,11.596897693382285,7.0
2018-01-01 07:34:00,0.001,Off,0.0,0.0,38.23402545662313,51.0,48.22,2528.6058060446458,0,5.500914561988731,0.0,52.18246260795295,0.0,0.0,0.0,49.978700608830835,45.36337722087454,52.28144119317461,11.6133425671878,7.0
2018-01-01 07:35:00,0.001,Off,0.0,0.0,38.243819297372205,51.0,48.22,2528.688263759764,0,5.501335863575107,0.0,52.26306444083352,0.0,0.0,0.0,49.99175906316294,45.360509688446584,52.2781179231897,11.62976456693567,7.0
2018-01-01 07:36:00,0.001,Off,0.0,0.0,38.24120376146912,51.0,48.22,2528.770618505456,0,5.501756698605098,0.0,52.25550786308277,0.0,0.0,0.0,49.988271681958835,45.357641406788645,52.27479499197605,11.646163735344853,7.0
2018-01-01 07:37:00,0.001,Off,0.0,0.0,38.238586082952146,51.0,48.22,2528.8528705059866,0,5.502177068028467,0.0,52.24795693453912,0.0,0.0,0.0,49.98478144393619,45.35477332521952,52.271472403908476,11.662540115036961,7.0
2018-01-01 07:38:00,0.001,Off,0.0,0.0,38.23596626663367,51.0,48.22,2528.935019985035,0,5.5025969727927,0.0,52.24041164552648,0.0,0.0,0.0,49.98128835551156,45.35190544390312,52.26815015670539,11.678893748536508,7.0
2018-01-01 07:39:00,0.001,Off,0.0,0.0,38.23334431736679,51.0,48.22,2529.0170671656865,0,5.503016413843017,0.0,52.232871986390805,0.0,0.0,0.0,49.97779242315573,45.34903776300296,52.264828250193396,11.695224678271154,7.0
2018-01-01 07:40:00,0.001,Off,0.0,0.0,38.23072023996195,51.0,48.22,2529.099012270444,0,5.503435392122384,0.0,52.22533794750008,0.0,0.0,0.0,49.974293653282594,45.34617028268225,52.261506684197045,11.711532946571953,7.0
2018-01-01 07:41:00,0.001,Off,0.0,0.0,38.22809403923154,51.0,48.22,2529.18085552122,0,5.503853908571501,0.0,52.21780951924424,0.0,0.0,0.0,49.970792052308724,45.343303003103756,52.258185458538826,11.727818595673593,7.0
2018-01-01 07:42:00,0.001,Off,0.0,0.0,38.22546571999186,51.0,48.22,2529.26259713935,0,5.504271964128826,0.0,52.21028669203512,0.0,0.0,0.0,49.96728762665581,45.34043592442994,52.254864573039214,11.74408166771465,7.0
2018-01-01 07:43:00,0.001,Off,0.0,0.0,38.222835287001146,51.0,48.22,2529.3442373455814,0,5.504689559730576,0.0,52.2027694563064,0.0,0.0,0.0,49.9637803826682,45.33756904682288,52.251544027516665,11.760322204737818,7.0
2018-01-01 07:44:00,0.001,Off,0.0,0.0,38.22020274506021,51.0,48.22,2529.4257763600854,0,5.505106696310722,0.0,52.195257802513545,0.0,0.0,0.0,49.96027032674695,45.334702370444234,52.24822382178763,11.776540248690166,7.0
2018-01-01 07:45:00,0.001,Off,0.0,0.0,38.21756809894273,51.0,48.22,2529.507214402454,0,5.505523374801014,0.0,52.187751721133736,0.0,0.0,0.0,49.95675746525697,45.33183589545537,52.24490395566658,11.792735841423374,7.0
2018-01-01 07:46:00,0.001,Off,0.0,0.0,38.21493135332955,51.0,48.22,2529.588551691702,0,5.505939596130968,0.0,52.18025120266585,0.0,0.0,0.0,49.9532418044394,45.32896962201726,52.241584428966,11.80890902469397,7.0
2018-01-01 07:47:00,0.001,Off,0.0,0.0,38.21229251306403,51.0,48.22,2529.6697884462696,0,5.506355361227888,0.0,52.17275623763038,0.0,0.0,0.0,49.94972335075204,45.32610355029048,52.23826524149643,11.825059840163581,7.0
2018-01-01 07:48:00,0.001,Off,0.0,0.0,38.209651582805726,51.0,48.22,2529.7509248840242,0,5.506770671016858,0.0,52.16526681656938,0.0,0.0,0.0,49.94620211040763,45.32323768043532,52.234946393066444,11.841188329399166,7.0
2018-01-01 07:49:00,0.001,Off,0.0,0.0,38.207008567324486,51.0,48.22,2529.831961222261,0,5.507185526420755,0.0,52.157782930046395,0.0,0.0,0.0,49.942678089765984,45.32037201261163,52.23162788348271,11.85729453387326,7.0
2018-01-01 07:50:00,0.001,Off,0.0,0.0,38.20436347130885,51.0,48.22,2529.912897677706,0,5.507599928360257,0.0,52.150304568646455,0.0,0.0,0.0,49.93915129507847,45.31750654697893,52.22830971254995,11.87337849496421,7.0
2018-01-01 07:51:00,0.001,Off,0.0,0.0,38.201716299480324,51.0,48.22,2529.9937344665173,0,5.508013877753842,0.0,52.142831722975956,0.0,0.0,0.0,49.93562173264043,45.31464128369642,52.22499188007101,11.889440253956415,7.0
2018-01-01 07:52:00,0.001,Off,0.0,0.0,38.19906705648873,51.0,48.22,2530.0744718042856,0,5.508427375517801,0.0,52.135364383662655,0.0,0.0,0.0,49.93208940865164,45.31177622292284,52.22167438584681,11.905479852040564,7.0
2018-01-01 07:53:00,0.001,Off,0.0,0.0,38.196415747059426,51.0,48.22,2530.155109906038,0,5.508840422566231,0.0,52.127902541355596,0.0,0.0,0.0,49.92855432941257,45.30891136481668,52.21835722967641,11.921497330313873,7.0
2018-01-01 07:54:00,0.001,Off,0.0,0.0,38.19376237584034,51.0,48.22,2530.2356489862373,0,5.509253019811064,0.0,52.12044618672504,0.0,0.0,0.0,49.92501650112046,45.306046709536005,52.215040411357,11.93749272978032,7.0
2018-01-01 07:55:00,0.001,Off,0.0,0.0,38.19110694750069,51.0,48.22,2530.316089258784,0,5.509665168162045,0.0,52.11299531046245,0.0,0.0,0.0,49.92147593000092,45.303182257238554,52.211723930683924,11.953466091350887,7.0
2018-01-01 07:56:00,0.001,Off,0.0,0.0,38.18844946664585,51.0,48.22,2530.396430937023,0,5.510076868526759,0.0,52.105549903280405,0.0,0.0,0.0,49.91793262219447,45.30031800808168,52.208407787450675,11.969417455843784,7.0
2018-01-01 07:57:00,0.001,Off,0.0,0.0,38.18578993796437,51.0,48.22,2530.476674233738,0,5.5104881218106225,0.0,52.09810995591255,0.0,0.0,0.0,49.91438658395249,45.2974539622224,52.205091981448916,11.985346863984699,7.0
2018-01-01 07:58:00,0.001,Off,0.0,0.0,38.18312836604614,51.0,48.22,2530.556819361155,0,5.510898928916902,0.0,52.09067545911354,0.0,0.0,0.0,49.91083782139486,45.294590119817386,52.20177651246853,12.001254356407015,7.0
2018-01-01 07:59:00,0.001,Off,0.0,0.0,38.1804647555507,51.0,48.22,2530.636866530948,0,5.5113092907467065,0.0,52.08324640365902,0.0,0.0,0.0,49.90728634073427,45.291726481022955,52.19846138029755,12.01713997365206,7.0
2018-01-01 08:00:00,0.001,Off,0.0,0.0,38.177799111077626,45.44,42.66,2530.7168159542357,0,5.511719208199004,0.0,52.075822780345504,0.0,0.0,0.0,49.9037321481035,45.28886304599504,52.19514658472226,12.033003756169323,7.0
2018-01-01 08:01:00,0.001,Off,0.0,0.0,38.175131437149055,45.44,42.66,2530.796667841587,0,5.512128682170623,0.0,52.06840457999039,0.0,0.0,0.0,49.900175249532076,45.28599981488924,52.19183212552715,12.048845744316703,7.0
2018-01-01 08:02:00,0.001,Off,0.0,0.0,38.17246173845743,45.44,42.66,2530.8764224030206,0,5.5125377135562506,0.0,52.060991793431874,0.0,0.0,0.0,49.896615651276576,45.28313678786082,52.18851800249496,12.064665978360726,7.0
2018-01-01 08:03:00,0.001,Off,0.0,0.0,38.16979001950168,45.44,42.66,2530.9560798480047,0,5.5129463032484525,0.0,52.05358441152889,0.0,0.0,0.0,49.893053359335575,45.28027396506467,52.185204215406664,12.080464498476784,7.0
2018-01-01 08:04:00,0.001,Off,0.0,0.0,38.167116284902654,45.44,42.66,2531.0356403854626,0,5.513354452137671,0.0,52.046182425161064,0.0,0.0,0.0,49.88948837987021,45.27741134665533,52.18189076404151,12.09624134474937,7.0
2018-01-01 08:05:00,0.001,Off,0.0,0.0,38.16444053914576,45.44,42.66,2531.115104223775,0,5.513762161112226,0.0,52.03878582522867,0.0,0.0,0.0,49.88592071886101,45.27454893278702,52.17857764817702,12.111996557172288,7.0
2018-01-01 08:06:00,0.001,Off,0.0,0.0,38.161762786813114,45.44,42.66,2531.1944715707737,0,5.51416943105833,0.0,52.0313946026526,0.0,0.0,0.0,49.882350382417485,45.27168672361356,52.175264867589,12.12773017564891,7.0
2018-01-01 08:07:00,0.001,Off,0.0,0.0,38.15908303245007,45.44,42.66,2531.273742633753,0,5.514576262860085,0.0,52.02400874837422,0.0,0.0,0.0,49.8787773766001,45.2688247192885,52.17195242205157,12.14344223999238,7.0
2018-01-01 08:08:00,0.001,Off,0.0,0.0,38.15640128055951,45.44,42.66,2531.3529176194647,0,5.514982657399495,0.0,52.016628253355435,0.0,0.0,0.0,49.87520170741268,45.26596291996495,52.16864031133715,12.159132789925854,7.0
2018-01-01 08:09:00,0.001,Off,0.0,0.0,38.15371753569448,45.44,42.66,2531.431996734123,0,5.515388615556464,0.0,52.00925310857855,0.0,0.0,0.0,49.87162338092598,45.26310132579575,52.165328535216496,12.174801865082724,7.0
2018-01-01 08:10:00,0.001,Off,0.0,0.0,38.151031802284315,45.44,42.66,2531.510980183405,0,5.515794138208809,0.0,52.00188330504627,0.0,0.0,0.0,49.868042403045756,45.26023993693336,52.16201709345868,12.190449505006848,7.0
2018-01-01 08:11:00,0.001,Off,0.0,0.0,38.148344084891754,45.44,42.66,2531.5898681724507,0,5.516199226232263,0.0,51.99451883378161,0.0,0.0,0.0,49.864458779855674,45.257378753529885,52.158705985831155,12.20607574915277,7.0
2018-01-01 08:12:00,0.001,Off,0.0,0.0,38.145654387949946,45.44,42.66,2531.6686609058693,0,5.516603880500481,0.0,51.98715968582788,0.0,0.0,0.0,49.8608725172666,45.2545177757371,52.15539521209971,12.221680636885951,7.0
2018-01-01 08:13:00,0.001,Off,0.0,0.0,38.142962715954,45.44,42.66,2531.747358587734,0,5.517008101885036,0.0,51.97980585224859,0.0,0.0,0.0,49.857283621271996,45.25165700370648,52.15208477202852,12.237264207482992,7.0
2018-01-01 08:14:00,0.001,Off,0.0,0.0,38.140269073397,45.44,42.66,2531.825961421591,0,5.51741189125544,0.0,51.972457324127426,0.0,0.0,0.0,49.85369209786267,45.24879643758907,52.14877466538015,12.252826500131857,7.0
2018-01-01 08:15:00,0.001,Off,0.0,0.0,38.13757346464632,45.44,42.66,2531.904469610453,0,5.5178152494791375,0.0,51.96511409256821,0.0,0.0,0.0,49.850097952861766,45.24593607753564,52.14546489191556,12.26836755393209,7.0
2018-01-01 08:16:00,0.001,Off,0.0,0.0,38.134875894235726,45.44,42.66,2531.9828833568085,0,5.518218177421521,0.0,51.95777614869481,0.0,0.0,0.0,49.8465011923143,45.243075923696594,52.14215545139411,12.283887407895058,7.0
2018-01-01 08:17:00,0.001,Off,0.0,0.0,38.15295041431657,45.44,42.66,2532.1246555336725,0,5.5189468112403235,0.0,52.097990464686475,0.0,0.0,0.0,49.8706005524221,45.240215976222025,52.13072516090747,12.299386100944155,7.0
2018-01-01 08:18:00,0.001,Off,0.0,0.0,38.150229182411266,45.44,42.66,2532.2028967060573,0,5.519349006331098,0.0,52.09053795289918,0.0,0.0,0.0,49.86697224321502,45.2373546460445,52.1271160740107,12.314863671915022,7.0
2018-01-01 08:19:00,0.001,Off,0.0,0.0,38.14750602538705,45.44,42.66,2532.2810440590447,0,5.519750773808972,0.0,52.08309085352528,0.0,0.0,0.0,49.863341367182734,45.23449352404154,52.123504438985734,12.330320159555788,7.0
2018-01-01 08:20:00,0.001,Off,0.0,0.0,38.14478094762101,45.44,42.66,2532.359097792901,0,5.520152114530579,0.0,52.07564915753857,0.0,0.0,0.0,49.85970793016134,45.23163261036043,52.11989026551133,12.345755602527266,7.0
2018-01-01 08:21:00,0.001,Off,0.0,0.0,38.142053953443686,45.44,42.66,2532.437058107374,0,5.520553029350527,0.0,52.06821285593308,0.0,0.0,0.0,49.856071937924916,45.22877190514808,52.11627356323454,12.361170039403195,7.0
2018-01-01 08:22:00,0.001,Off,0.0,0.0,38.13932504726505,45.44,42.66,2532.51492520169,0,5.520953519121397,0.0,52.060781939722986,0.0,0.0,0.0,49.85243339635339,45.22591140855111,52.1126543417708,12.376563508670442,7.0
2018-01-01 08:23:00,0.001,Off,0.0,0.0,38.13659423335954,45.44,42.66,2532.5926992745613,0,5.5213535846937525,0.0,52.05335639994256,0.0,0.0,0.0,49.84879231114605,45.223051120715795,52.10903261070401,12.391936048729232,7.0
2018-01-01 08:24:00,0.001,Off,0.0,0.0,38.133861516096445,45.44,42.66,2532.6703805241864,0,5.521753226916144,0.0,52.04593622764613,0.0,0.0,0.0,49.84514868812859,45.22019104178808,52.10540837958671,12.407287697893361,7.0
2018-01-01 08:25:00,0.001,Off,0.0,0.0,38.13112689975607,45.44,42.66,2532.747969148248,0,5.522152446635117,0.0,52.03852141390802,0.0,0.0,0.0,49.84150253300809,45.21733117191356,52.101781657940116,12.422618494390417,7.0
2018-01-01 08:26:00,0.001,Off,0.0,0.0,38.128390388694136,45.44,42.66,2532.825465343918,0,5.522551244695203,0.0,52.031111949822524,0.0,0.0,0.0,49.83785385159218,45.21447151123749,52.098152455254244,12.437928476361995,7.0
2018-01-01 08:27:00,0.001,Off,0.0,0.0,38.12565198720446,45.44,42.66,2532.902869307858,0,5.522949621938949,0.0,52.023707826503816,0.0,0.0,0.0,49.834202649605956,45.211612059904866,52.094520780988034,12.453217681863906,7.0
2018-01-01 08:28:00,0.001,Off,0.0,0.0,38.12291169950156,45.44,42.66,2532.98018123622,0,5.5233475792069004,0.0,52.016309035085925,0.0,0.0,0.0,49.83054893266875,45.20875281806028,52.09088664456943,12.468486148866411,7.0
2018-01-01 08:29:00,0.001,Off,0.0,0.0,38.12016952999342,45.44,42.66,2533.057401324649,0,5.523745117337622,0.0,52.00891556672269,0.0,0.0,0.0,49.82689270665789,45.205893785848026,52.087250055395494,12.483733915254419,7.0
2018-01-01 08:30:00,0.001,Off,0.0,0.0,38.117425482842236,45.44,42.66,2533.1345297682838,0,5.524142237167687,0.0,52.001527412587684,0.0,0.0,0.0,49.82323397712298,45.20303496341207,52.083611022832514,12.498961018827712,7.0
2018-01-01 08:31:00,0.001,Off,0.0,0.0,38.1146795623322,45.44,42.66,2533.211566761758,0,5.5245389395317,0.0,51.99414456387419,0.0,0.0,0.0,49.81957274977627,45.20017635089605,52.07996955621609,12.514167497301152,7.0
2018-01-01 08:32:00,0.001,Off,0.0,0.0,38.11193177272618,45.44,42.66,2533.2885124992044,0,5.52493522526229,0.0,51.98676701179513,0.0,0.0,0.0,49.81590903030157,45.197317948443285,52.07632566485126,12.529353388304902,7.0
2018-01-01 08:33:00,0.001,Off,0.0,0.0,38.10918211829086,45.44,42.66,2533.365367174252,0,5.525331095190116,0.0,51.97939474758305,0.0,0.0,0.0,49.812242824387816,45.19445975619676,52.072679358012586,12.54451872938463,7.0
2018-01-01 08:34:00,0.001,Off,0.0,0.0,38.106430603264,45.44,42.66,2533.442130980031,0,5.525726550143886,0.0,51.97202776249001,0.0,0.0,0.0,49.80857413768534,45.1916017742991,52.06903064494425,12.55966355800173,7.0
2018-01-01 08:35:00,0.001,Off,0.0,0.0,38.10367723179816,45.44,42.66,2533.5188041091715,0,5.5261215909503365,0.0,51.96466604778758,0.0,0.0,0.0,49.80490297573088,45.18874400289268,52.06537953486016,12.574787911533534,7.0
2018-01-01 08:36:00,0.001,Off,0.0,0.0,38.100922008156175,45.44,42.66,2533.5953867538087,0,5.526516218434261,0.0,51.95730959476681,0.0,0.0,0.0,49.80122934420824,45.18588644211951,52.061726036944094,12.589891827273512,7.0
2018-01-01 08:37:00,0.001,Off,0.0,0.0,38.09816493651385,45.44,42.66,2533.67187910558,0,5.526910433418508,0.0,51.949958394738125,0.0,0.0,0.0,49.79755324868513,45.18302909212128,52.05807016034973,12.604975342431494,7.0
2018-01-01 08:38:00,0.001,Off,0.0,0.0,38.09540602110307,45.44,42.66,2533.7482813556294,0,5.527304236723978,0.0,51.94261243903129,0.0,0.0,0.0,49.79387469480409,45.180171953039356,52.05441191420077,12.620038494133876,7.0
2018-01-01 08:39:00,0.001,Off,0.0,0.0,38.092645266097726,45.44,42.66,2533.8245936946087,0,5.52769762916964,0.0,51.935271718995416,0.0,0.0,0.0,49.7901936881303,45.17731502501479,52.050751307591085,12.635081319423835,7.0
2018-01-01 08:40:00,0.001,Off,0.0,0.0,38.08988267565034,45.44,42.66,2533.900816312676,0,5.528090611572531,0.0,51.92793622599882,0.0,0.0,0.0,49.78651023420045,45.174458308188306,52.04708834958474,12.650103855261522,7.0
2018-01-01 08:41:00,0.001,Off,0.0,0.0,38.08711825394251,45.44,42.66,2533.9769493995027,0,5.528483184747758,0.0,51.92060595142907,0.0,0.0,0.0,49.78282433859002,45.17160180270033,52.04342304921616,12.66510613852429,7.0
2018-01-01 08:42:00,0.001,Off,0.0,0.0,38.096514571805514,45.44,42.66,2534.0529931442693,0,5.528875349508506,0.0,51.999715286716864,0.0,0.0,0.0,49.795352762407354,45.16874550869095,52.0397554154902,12.680088206006895,7.0
2018-01-01 08:43:00,0.001,Off,0.0,0.0,38.093720831162955,45.44,42.66,2534.128947735669,0,5.529267106666052,0.0,51.99222187393992,0.0,0.0,0.0,49.79162777488394,45.16588849586212,52.036085457382235,12.695050094421697,7.0
2018-01-01 08:44:00,0.001,Off,0.0,0.0,38.090925331525455,45.44,42.66,2534.2048133619123,0,5.529658457029752,0.0,51.98473406046871,0.0,0.0,0.0,49.78790044203394,45.1630316967548,52.03241318383827,12.709991840398875,7.0
2018-01-01 08:45:00,0.001,Off,0.0,0.0,38.08812807685981,45.44,42.66,2534.2805902107225,0,5.5300494014070605,0.0,51.977251836716036,0.0,0.0,0.0,49.784170769146414,45.16017511150352,52.02873860377505,12.724913480486626,7.0
2018-01-01 08:46:00,0.001,Off,0.0,0.0,38.0853290712141,45.44,42.66,2534.356278469339,0,5.530439940603527,0.0,51.969775193116554,0.0,0.0,0.0,49.7804387616188,45.15731874024255,52.02506172608013,12.739815051151377,7.0
2018-01-01 08:47:00,0.001,Off,0.0,0.0,38.08252831840033,45.44,42.66,2534.431878324525,0,5.530830075422808,0.0,51.962304120126724,0.0,0.0,0.0,49.77670442453377,45.15446258310587,52.021382559612,12.754696588777987,7.0
2018-01-01 08:48:00,0.001,Off,0.0,0.0,38.07972582253429,45.44,42.66,2534.5073899625577,0,5.531219806666667,0.0,51.95483860822477,0.0,0.0,0.0,49.77296776337906,45.15160664022709,52.01770111320017,12.769558129669957,7.0
2018-01-01 08:49:00,0.001,Off,0.0,0.0,38.07692158743186,45.44,42.66,2534.5828135692395,0,5.53160913513498,0.0,51.94737864791058,0.0,0.0,0.0,49.76922878324248,45.14875091173959,52.01401739564525,12.78439971004962,7.0
2018-01-01 08:50:00,0.001,Off,0.0,0.0,38.07411561705792,45.44,42.66,2534.6581493298945,0,5.531998061625741,0.0,51.93992422970572,0.0,0.0,0.0,49.76548748941056,45.14589539777641,52.01033141571908,12.799221366058363,7.0
2018-01-01 08:51:00,0.001,Off,0.0,0.0,38.071307915359895,45.44,42.66,2534.733397429371,0,5.53238658693507,0.0,51.93247534415329,0.0,0.0,0.0,49.76174388714653,45.1430400984703,52.0066431821648,12.814023133756816,7.0
2018-01-01 08:52:00,0.001,Off,0.0,0.0,38.068498486234965,45.44,42.66,2534.8085580520424,0,5.5327747118572095,0.0,51.925031981817945,0.0,0.0,0.0,49.75799798164662,45.14018501395371,52.00295270369697,12.828805049125059,7.0
2018-01-01 08:53:00,0.001,Off,0.0,0.0,38.0656873335396,45.44,42.66,2534.883631381809,0,5.53316243718454,0.0,51.9175941332858,0.0,0.0,0.0,49.754249778052795,45.13733014435878,51.99925998900163,12.843567148062828,7.0
2018-01-01 08:54:00,0.001,Off,0.0,0.0,38.0628744612677,45.44,42.66,2534.9586176021,0,5.5335497637075735,0.0,51.910161789164405,0.0,0.0,0.0,49.75049928169027,45.13447548981736,51.99556504673644,12.85830946638971,7.0
2018-01-01 08:55:00,0.001,Off,0.0,0.0,38.06005987324291,45.44,42.66,2535.0335168958745,0,5.533936692214972,0.0,51.90273494008264,0.0,0.0,0.0,49.74674649765722,45.13162105046101,51.99186788553072,12.873032039845345,7.0
2018-01-01 08:56:00,0.001,Off,0.0,0.0,38.057243573315894,45.44,42.66,2535.108329445621,0,5.534323223493537,0.0,51.895313576690704,0.0,0.0,0.0,49.74299143108786,45.12876682642099,51.98816851398561,12.88773490408963,7.0
2018-01-01 08:57:00,0.001,Off,0.0,0.0,38.05442556542832,45.44,42.66,2535.183055433362,0,5.534709358328226,0.0,51.88789768966006,0.0,0.0,0.0,49.739234087237755,45.125912817828244,51.9844669406741,12.902418094702913,7.0
2018-01-01 08:58:00,0.001,Off,0.0,0.0,38.05160585342702,45.44,42.66,2535.2576950406537,0,5.535095097502154,0.0,51.88048726968334,0.0,0.0,0.0,49.73547447123603,45.12305902481342,51.98076317414119,12.917081647186196,7.0
2018-01-01 08:59:00,0.001,Off,0.0,0.0,38.048784441100786,45.44,42.66,2535.3322484485866,0,5.535480441796595,0.0,51.873082307474334,0.0,0.0,0.0,49.73171258813438,45.12020544750694,51.977057222903895,12.931725596961336,7.0
2018-01-01 09:00:00,0.001,Off,0.0,0.0,38.04596133233509,51.0,45.44,2535.406715837787,0,5.535865391990987,0.0,51.865682793767924,0.0,0.0,0.0,49.727948443113455,45.11735208603882,51.973349095451454,12.946349979371238,7.0
2018-01-01 09:01:00,0.001,Off,0.0,0.0,38.04313653099041,51.0,45.44,2535.4810973884214,0,5.5362499488629435,0.0,51.858288719320015,0.0,0.0,0.0,49.724182041320546,45.11449894053885,51.96963880024531,12.960954829680055,7.0
2018-01-01 09:02:00,0.001,Off,0.0,0.0,38.04031004089221,51.0,45.44,2535.555393280192,0,5.536634113188255,0.0,51.850900074907486,0.0,0.0,0.0,49.720413387856276,45.11164601113653,51.96592634571928,12.975540183073388,7.0
2018-01-01 09:03:00,0.001,Off,0.0,0.0,38.037481865790596,51.0,45.44,2535.6296036923454,0,5.537017885740882,0.0,51.843516851328154,0.0,0.0,0.0,49.7166424877208,45.10879329796103,51.96221174027961,12.990106074658472,7.0
2018-01-01 09:04:00,0.001,Off,0.0,0.0,38.03465200954014,51.0,45.44,2535.7037288036663,0,5.537401267292983,0.0,51.836139039400706,0.0,0.0,0.0,49.71286934605352,45.10594080114128,51.958494992305084,13.004652539464384,7.0
2018-01-01 09:05:00,0.001,Off,0.0,0.0,38.03182047599349,51.0,45.44,2535.7777687924845,0,5.537784258614899,0.0,51.82876662996463,0.0,0.0,0.0,49.70909396799132,45.103088520805855,51.9547761101471,13.019179612442233,7.0
2018-01-01 09:06:00,0.001,Off,0.0,0.0,38.02898726886589,51.0,45.44,2535.851723836674,0,5.538166860475164,0.0,51.82139961388021,0.0,0.0,0.0,49.70531635848785,45.10023645708309,51.951055102129786,13.033687328465357,7.0
2018-01-01 09:07:00,0.001,Off,0.0,0.0,38.026152391998366,51.0,45.44,2535.925594113655,0,5.538549073640516,0.0,51.81403798202842,0.0,0.0,0.0,49.70153652266448,45.09738461010101,51.94733197655006,13.048175722329512,7.0
2018-01-01 09:08:00,0.001,Off,0.0,0.0,38.02331584910229,51.0,45.44,2535.9993798003925,0,5.538930898875892,0.0,51.806681725310874,0.0,0.0,0.0,49.69775446546972,45.094532979987356,51.94360674167775,13.062644828753077,7.0
2018-01-01 09:09:00,0.001,Off,0.0,0.0,38.02047764400322,51.0,45.44,2536.073081073403,0,5.539312336944443,0.0,51.799330834649844,0.0,0.0,0.0,49.6939701920043,45.09168156686957,51.93987940575567,13.077094682377236,7.0
2018-01-01 09:10:00,0.001,Off,0.0,0.0,38.01763778048607,51.0,45.44,2536.1466981087506,0,5.539693388607526,0.0,51.7919853009881,0.0,0.0,0.0,49.69018370731476,45.088830370874796,51.93614997699971,13.091525317766177,7.0
2018-01-01 09:11:00,0.001,Off,0.0,0.0,38.014796262250584,51.0,45.44,2536.2202310820503,0,5.540074054624718,0.0,51.784645115288946,0.0,0.0,0.0,49.68639501633412,45.08597939212994,51.932418463598914,13.10593676940728,7.0
2018-01-01 09:12:00,0.001,Off,0.0,0.0,38.01195309297722,51.0,45.44,2536.2936801684705,0,5.540454335753822,0.0,51.77731026853612,0.0,0.0,0.0,49.682604123969625,45.08312863076157,51.92868487371561,13.120329071711312,7.0
2018-01-01 09:13:00,0.001,Off,0.0,0.0,38.00910827655536,51.0,45.44,2536.3670455427327,0,5.540834232750863,0.0,51.76998075173376,0.0,0.0,0.0,49.67881103540714,45.08027808689597,51.92494921548546,13.134702259012624,7.0
2018-01-01 09:14:00,0.001,Off,0.0,0.0,38.00626181659382,51.0,45.44,2536.4403273791127,0,5.541213746370097,0.0,51.76265655590634,0.0,0.0,0.0,49.67501575545843,45.0774277606592,51.92121149701757,13.149056365569326,7.0
2018-01-01 09:15:00,0.001,Off,0.0,0.0,38.00341371682723,51.0,45.44,2536.513525851444,0,5.541592877364019,0.0,51.75533767209863,0.0,0.0,0.0,49.671218289102974,45.07457765217693,51.91747172639456,13.163391425563493,7.0
2018-01-01 09:16:00,0.001,Off,0.0,0.0,38.00056398101919,51.0,45.44,2536.586641133115,0,5.541971626483361,0.0,51.74802409137564,0.0,0.0,0.0,49.66741864135892,45.07172776157463,51.913729911672675,13.177707473101352,7.0
2018-01-01 09:17:00,0.001,Off,0.0,0.0,37.99771261283464,51.0,45.44,2536.6596733970737,0,5.542349994477104,0.0,51.74071580482256,0.0,0.0,0.0,49.66361681711285,45.06887808897746,51.90998606088186,13.192004542213462,7.0
2018-01-01 09:18:00,0.001,Off,0.0,0.0,37.99485961596562,51.0,45.44,2536.732622815831,0,5.542727982092476,0.0,51.73341280354472,0.0,0.0,0.0,49.6598128212875,45.06602863451032,51.906240182025854,13.20628266685491,7.0
2018-01-01 09:19:00,0.001,Off,0.0,0.0,37.99200499411578,51.0,45.44,2536.805489561454,0,5.543105590074955,0.0,51.72611507866753,0.0,0.0,0.0,49.65600665882104,45.06317939829776,51.90249228308225,13.220541880905504,7.0
2018-01-01 09:20:00,0.001,Off,0.0,0.0,37.98914875093841,51.0,45.44,2536.8782738055766,0,5.543482819168285,0.0,51.718822621336436,0.0,0.0,0.0,49.652198334584554,45.06033038046412,51.89874237200266,13.234782218169945,7.0
2018-01-01 09:21:00,0.001,Off,0.0,0.0,37.98629089010623,51.0,45.44,2536.950975719393,0,5.543859670114465,0.0,51.71153542271687,0.0,0.0,0.0,49.64838785347498,45.05748158113343,51.894990456712684,13.249003712378032,7.0
2018-01-01 09:22:00,0.001,Off,0.0,0.0,37.98343141529191,51.0,45.44,2537.0235954736654,0,5.54423614365377,0.0,51.704253473994186,0.0,0.0,0.0,49.644575220389214,45.054633000429426,51.8912365451121,13.263206397184842,7.0
2018-01-01 09:23:00,0.001,Off,0.0,0.0,37.9805703301778,51.0,45.44,2537.0961332387205,0,5.544612240524739,0.0,51.69697676637361,0.0,0.0,0.0,49.64076044023707,45.05178463847559,51.88748064507492,13.277390306170911,7.0
2018-01-01 09:24:00,0.001,Off,0.0,0.0,37.99812093110425,51.0,45.44,2537.1685891844522,0,5.544987961464187,0.0,51.83469111396716,0.0,0.0,0.0,49.664161241472335,45.048936495395104,51.88372276444944,13.291555472842425,7.0
2018-01-01 09:25:00,0.001,Off,0.0,0.0,37.995236920672276,51.0,45.44,2537.2410432162224,0,5.545363720758084,0.0,51.82729973502608,0.0,0.0,0.0,49.660315894229704,45.046087009691554,51.87996286968556,13.305701930631407,7.0
2018-01-01 09:26:00,0.001,Off,0.0,0.0,37.992351334368465,51.0,45.44,2537.313415616312,0,5.5457391049125935,0.0,51.81991372410042,0.0,0.0,0.0,49.65646844582462,45.043237744615155,51.87620092749868,13.319829712895897,7.0
2018-01-01 09:27:00,0.001,Off,0.0,0.0,37.989464175881025,51.0,45.44,2537.3857065537472,0,5.546114114661153,0.0,51.81253307223796,0.0,0.0,0.0,49.652618901174705,45.04038870028643,51.87243694609566,13.333938852920141,7.0
2018-01-01 09:28:00,0.001,Off,0.0,0.0,37.98657544868719,51.0,45.44,2537.457916197124,0,5.54648875073549,0.0,51.80515777050651,0.0,0.0,0.0,49.64876726491625,45.03753987682569,51.86867093365624,13.348029383914774,7.0
2018-01-01 09:29:00,0.001,Off,0.0,0.0,37.983685156399645,51.0,45.44,2537.530044714611,0,5.5468630138656225,0.0,51.797787809993814,0.0,0.0,0.0,49.644913541866195,45.03469127435294,51.864902898333085,13.362101339016993,7.0
2018-01-01 09:30:00,0.001,Off,0.0,0.0,37.98079330259625,51.0,45.44,2537.6020922739494,0,5.547236904779872,0.0,51.79042318180752,0.0,0.0,0.0,49.641057736795,45.03184289298787,51.86113284825189,13.376154751290759,7.0
2018-01-01 09:31:00,0.001,Off,0.0,0.0,37.97789989080457,51.0,45.44,2537.6740590424547,0,5.547610424204851,0.0,51.783063877075115,0.0,0.0,0.0,49.6371998544061,45.02899473284997,51.857360791511475,13.390189653726962,7.0
2018-01-01 09:32:00,0.001,Off,0.0,0.0,37.975004924552145,51.0,45.44,2537.7459451870213,0,5.547983572865488,0.0,51.7757098869439,0.0,0.0,0.0,49.63333989940286,45.02614679405843,51.85358673618388,13.404206079243616,7.0
2018-01-01 09:33:00,0.001,Off,0.0,0.0,37.972108407440075,51.0,45.44,2537.8177508741164,0,5.548356351485016,0.0,51.76836120258093,0.0,0.0,0.0,49.62947787658677,45.02329907673212,51.849810690314435,13.418204060686033,7.0
2018-01-01 09:34:00,0.001,Off,0.0,0.0,37.96921034297463,51.0,45.44,2537.889476269789,0,5.548728760784986,0.0,51.761017815172934,0.0,0.0,0.0,49.62561379063283,45.02045158098975,51.846032661921875,13.432183630827,7.0
2018-01-01 09:35:00,0.001,Off,0.0,0.0,37.96631073466591,51.0,45.44,2537.9611215396676,0,5.5491008014852605,0.0,51.75367971592631,0.0,0.0,0.0,49.621747646221216,45.01760430694966,51.842252658998405,13.446144822366966,7.0
2018-01-01 09:36:00,0.001,Off,0.0,0.0,37.96340958602409,51.0,45.44,2538.0326868489587,0,5.549472474304037,0.0,51.746346896067074,0.0,0.0,0.0,49.61787944803212,45.01475725472993,51.83847068950982,13.460087667934227,7.0
2018-01-01 09:37:00,0.001,Off,0.0,0.0,37.96050690056316,51.0,45.44,2538.1041723624535,0,5.549843779957827,0.0,51.739019346840756,0.0,0.0,0.0,49.614009200750885,45.01191042444842,51.83468676139557,13.474012200085092,7.0
2018-01-01 09:38:00,0.001,Off,0.0,0.0,37.95760268179909,51.0,45.44,2538.175578244525,0,5.550214719161485,0.0,51.73169705951241,0.0,0.0,0.0,49.610136909065446,45.00906381622271,51.83090088256885,13.487918451304074,7.0
2018-01-01 09:39:00,0.001,Off,0.0,0.0,37.95469693320133,51.0,45.44,2538.246904659131,0,5.550585292628194,0.0,51.72438002536654,0.0,0.0,0.0,49.60626257760178,45.00621743017007,51.82711306091671,13.501806454004061,7.0
2018-01-01 09:40:00,0.001,Off,0.0,0.0,37.951789658254924,51.0,45.44,2538.3181517698144,0,5.550955501069483,0.0,51.717068235707046,0.0,0.0,0.0,49.60238621100656,45.003371266407555,51.823323304300125,13.515676240526496,7.0
2018-01-01 09:41:00,0.001,Off,0.0,0.0,37.94888086045446,51.0,45.44,2538.389319739706,0,5.551325345195219,0.0,51.709761681857195,0.0,0.0,0.0,49.59850781393928,45.0005253250519,51.81953162055409,13.529527843141556,7.0
2018-01-01 09:42:00,0.001,Off,0.0,0.0,37.945970543261765,51.0,45.44,2538.4604087315233,0,5.551694825713626,0.0,51.70246035515955,0.0,0.0,0.0,49.59462739101569,44.99767960621965,51.81573801748768,13.54336129404833,7.0
2018-01-01 09:43:00,0.001,Off,0.0,0.0,37.94305871011923,51.0,45.44,2538.531418907573,0,5.552063943331274,0.0,51.69516424697595,0.0,0.0,0.0,49.59074494682564,44.99483411002701,51.81194250288421,13.557176625374991,7.0
2018-01-01 09:44:00,0.001,Off,0.0,0.0,37.94014536450408,51.0,45.44,2538.602350429754,0,5.552432698753092,0.0,51.68787334868741,0.0,0.0,0.0,49.58686048600544,44.99198883658994,51.80814508450122,13.570973869178976,7.0
2018-01-01 09:45:00,0.001,Off,0.0,0.0,37.93723050987809,51.0,45.44,2538.6732034595543,0,5.552801092682373,0.0,51.68058765169413,0.0,0.0,0.0,49.582974013170784,44.98914378602416,51.80434577007067,13.584753057447159,7.0
2018-01-01 09:46:00,0.001,Off,0.0,0.0,37.93431414962562,51.0,45.44,2538.743978158055,0,5.553169125820775,0.0,51.67330714741542,0.0,0.0,0.0,49.579085532834156,44.98629895844512,51.800544567298935,13.598514222096032,7.0
2018-01-01 09:47:00,0.001,Off,0.0,0.0,37.931396287235515,51.0,45.44,2538.814674685932,0,5.553536798868322,0.0,51.66603182728964,0.0,0.0,0.0,49.57519504964735,44.98345435396798,51.79674148386696,13.612257394971873,7.0
2018-01-01 09:48:00,0.001,Off,0.0,0.0,37.928476926103755,51.0,45.44,2538.885293203455,0,5.553904112523415,0.0,51.65876168277419,0.0,0.0,0.0,49.571302568138336,44.98060997270766,51.79293652743029,13.625982607850922,7.0
2018-01-01 09:49:00,0.001,Off,0.0,0.0,37.9375178873975,51.0,45.44,2538.9558338704906,0,5.5542710674828335,0.0,51.73650446468244,0.0,0.0,0.0,49.58335718319666,44.97776581477881,51.78912970561921,13.639689892439558,7.0
2018-01-01 09:50:00,0.001,Off,0.0,0.0,37.934570293794025,51.0,45.44,2539.026296846502,0,5.55463766444174,0.0,51.72907396104889,0.0,0.0,0.0,49.579427058392035,44.974920965215354,51.78532102603878,13.653379280374471,7.0
2018-01-01 09:51:00,0.001,Off,0.0,0.0,37.931621270550636,51.0,45.44,2539.096682290553,0,5.555003904093681,0.0,51.7216490074018,0.0,0.0,0.0,49.57549502740085,44.97207634114314,51.78151049626896,13.66705080322283,7.0
2018-01-01 09:52:00,0.001,Off,0.0,0.0,37.928670820916196,51.0,45.44,2539.166990361303,0,5.555369787130598,0.0,51.7142295942404,0.0,0.0,0.0,49.57156109455492,44.969231942671584,51.77769812386465,13.68070449248246,7.0
2018-01-01 09:53:00,0.001,Off,0.0,0.0,37.92571894803516,51.0,45.44,2539.237221217015,0,5.55573531424282,0.0,51.70681571208556,0.0,0.0,0.0,49.56762526404688,44.96638776990976,51.77388391635585,13.69434037958202,7.0
2018-01-01 09:54:00,0.001,Off,0.0,0.0,37.92276565525124,51.0,45.44,2539.307375015554,0,5.5561004861190835,0.0,51.69940735147971,0.0,0.0,0.0,49.56368754033499,44.96354382296656,51.77006788124766,13.707958495881154,7.0
2018-01-01 09:55:00,0.001,Off,0.0,0.0,37.919810945735925,51.0,45.44,2539.3774519143863,0,5.556465303446521,0.0,51.69200450298679,0.0,0.0,0.0,49.5597479276479,44.960700101950636,51.76625002602042,13.72155887267069,7.0
2018-01-01 09:56:00,0.001,Off,0.0,0.0,37.91685482268786,51.0,45.44,2539.447452070585,0,5.556829766910681,0.0,51.68460715719222,0.0,0.0,0.0,49.55580643025048,44.95785660697032,51.76243035812977,13.73514154117279,7.0
2018-01-01 09:57:00,0.001,Off,0.0,0.0,37.91389728929205,51.0,45.44,2539.517375640825,0,5.557193877195513,0.0,51.677215304702806,0.0,0.0,0.0,49.5518630523894,44.955013338133774,51.75860888500673,13.74870653254113,7.0
2018-01-01 09:58:00,0.001,Off,0.0,0.0,37.91093834884967,51.0,45.44,2539.5872227813907,0,5.5575576349833895,0.0,51.66982893614673,0.0,0.0,0.0,49.54791779846623,44.95217029554889,51.754785614057816,13.76225387786106,7.0
2018-01-01 09:59:00,0.001,Off,0.0,0.0,37.9079780044587,51.0,45.44,2539.6569936481724,0,5.5579210409551,0.0,51.662448042173445,0.0,0.0,0.0,49.5439706726116,44.9493274793233,51.75096055266507,13.775783608149785,7.0
2018-01-01 10:00:00,0.001,Off,0.0,0.0,37.90501625930224,51.0,45.44,2539.726688396669,0,5.558284095789856,0.0,51.65507261345366,0.0,0.0,0.0,49.54002167906965,44.94648488956442,51.74713370818619,13.789295754356528,7.0
2018-01-01 10:01:00,0.001,Off,0.0,0.0,37.902053116640836,51.0,45.44,2539.79630718199,0,5.558646800165299,0.0,51.64770264067928,0.0,0.0,0.0,49.53607082218778,44.943642526379385,51.7433050879546,13.802790347362698,7.0
2018-01-01 10:02:00,0.001,Off,0.0,0.0,37.89908857961311,51.0,45.44,2539.865850158855,0,5.559009154757501,0.0,51.64033811456331,0.0,0.0,0.0,49.53211810615081,44.94080038987512,51.73947469927952,13.81626741798206,7.0
2018-01-01 10:03:00,0.001,Off,0.0,0.0,37.896122651349884,51.0,45.44,2539.935317481597,0,5.559371160240968,0.0,51.63297902583987,0.0,0.0,0.0,49.528163535133174,44.93795848015829,51.73564254944605,13.829726996960899,7.0
2018-01-01 10:04:00,0.001,Off,0.0,0.0,37.89315533500917,51.0,45.44,2540.0047093041603,0,5.55973281728865,0.0,51.625625365264106,0.0,0.0,0.0,49.524207113345554,44.93511679733534,51.73180864571525,13.843169114978187,7.0
2018-01-01 10:05:00,0.001,Off,0.0,0.0,37.89018663380887,51.0,45.44,2540.074025780104,0,5.560094126571935,0.0,51.6182771236121,0.0,0.0,0.0,49.520248845078484,44.93227534151244,51.72797299532425,13.856593802645758,7.0
2018-01-01 10:06:00,0.001,Off,0.0,0.0,37.88721655084312,51.0,45.44,2540.143267062602,0,5.560455088760659,0.0,51.61093429168089,0.0,0.0,0.0,49.51628873445749,44.929434112795526,51.724135605486296,13.870001090508463,7.0
2018-01-01 10:07:00,0.001,Off,0.0,0.0,37.88424508922924,51.0,45.44,2540.2124333044458,0,5.560815704523117,0.0,51.603596860288356,0.0,0.0,0.0,49.51232678563899,44.92659311129032,51.72029648339084,13.883391009044345,7.0
2018-01-01 10:08:00,0.001,Off,0.0,0.0,37.88127225216585,51.0,45.44,2540.2815246580435,0,5.561175974526052,0.0,51.59626482027319,0.0,0.0,0.0,49.5083630028878,44.923752337102286,51.71645563620363,13.896763588664793,7.0
2018-01-01 10:09:00,0.001,Off,0.0,0.0,37.8782980427335,51.0,45.44,2540.350541275422,0,5.561535899434665,0.0,51.58893816249486,0.0,0.0,0.0,49.50439739031133,44.92091179033664,51.71261307106678,13.91011885971472,7.0
2018-01-01 10:10:00,0.001,Off,0.0,0.0,37.87532246405143,51.0,45.44,2540.4194833082274,0,5.561895479912628,0.0,51.58161687783353,0.0,0.0,0.0,49.50042995206857,44.918071471098386,51.708768795098855,13.923456852472718,7.0
2018-01-01 10:11:00,0.001,Off,0.0,0.0,37.872345519225384,51.0,45.44,2540.4883509077276,0,5.562254716622071,0.0,51.57430095719001,0.0,0.0,0.0,49.49646069230051,44.91523137949225,51.704922815394966,13.936777597151227,7.0
2018-01-01 10:12:00,0.001,Off,0.0,0.0,37.869367211395875,51.0,45.44,2540.5571442248115,0,5.562613610223606,0.0,51.56699039148571,0.0,0.0,0.0,49.4924896151945,44.91239151562273,51.70107513902681,13.950081123896693,7.0
2018-01-01 10:13:00,0.001,Off,0.0,0.0,37.86638754363965,51.0,45.44,2540.6258634099895,0,5.562972161376309,0.0,51.55968517166259,0.0,0.0,0.0,49.488516724852865,44.909551879594126,51.69722577304278,13.963367462789737,7.0
2018-01-01 10:14:00,0.001,Off,0.0,0.0,37.86340651903915,51.0,45.44,2540.6945086133996,0,5.563330370737742,0.0,51.55238528868311,0.0,0.0,0.0,49.48454202538554,44.90671247151047,51.69337472446805,13.976636643845314,7.0
2018-01-01 10:15:00,0.001,Off,0.0,0.0,37.86042414068464,51.0,45.44,2540.7630799848002,0,5.563688238963949,0.0,51.545090733530174,0.0,0.0,0.0,49.480565520912855,44.903873291475534,51.68952200030461,13.989888697012878,7.0
2018-01-01 10:16:00,0.001,Off,0.0,0.0,37.857440411662495,51.0,45.44,2540.8315776735785,0,5.564045766709455,0.0,51.537801497207056,0.0,0.0,0.0,49.47658721554999,44.901034339592904,51.68566760753142,14.00312365217654,7.0
2018-01-01 10:17:00,0.001,Off,0.0,0.0,37.8544553350339,51.0,45.44,2540.9000018287506,0,5.5644029546272815,0.0,51.53051757073738,0.0,0.0,0.0,49.47260711337853,44.89819561596592,51.68181155310441,14.016341539155233,7.0
2018-01-01 10:18:00,0.001,Off,0.0,0.0,37.851468913916214,51.0,45.44,2540.9683525989553,0,5.564759803368945,0.0,51.52323894516506,0.0,0.0,0.0,49.468625218554955,44.89535712069763,51.67795384395659,14.029542387702872,7.0
2018-01-01 10:19:00,0.001,Off,0.0,0.0,37.84848115126226,51.0,45.44,2541.0366301324652,0,5.565116313584457,0.0,51.51596561155424,0.0,0.0,0.0,49.46464153501635,44.892518853890934,51.67409448699814,14.04272622750851,7.0
2018-01-01 10:20:00,0.001,Off,0.0,0.0,37.84549205018357,51.0,45.44,2541.1048345771833,0,5.565472485922331,0.0,51.50869756098925,0.0,0.0,0.0,49.46065606691143,44.88968081564842,51.67023348911648,14.055893088196509,7.0
2018-01-01 10:21:00,0.001,Off,0.0,0.0,37.84250161374909,51.0,45.44,2541.17296608064,0,5.565828321029588,0.0,51.50143478457454,0.0,0.0,0.0,49.456668818332126,44.8868430060725,51.666370857176325,14.069042999326685,7.0
2018-01-01 10:22:00,0.001,Off,0.0,0.0,37.83950984499102,51.0,45.44,2541.241024790002,0,5.566183819551756,0.0,51.49417727343466,0.0,0.0,0.0,49.45267979332136,44.88400542526533,51.662506598019796,14.082175990394479,7.0
2018-01-01 10:23:00,0.001,Off,0.0,0.0,37.836516746898965,51.0,45.44,2541.3090108520673,0,5.566538982132881,0.0,51.48692501871417,0.0,0.0,0.0,49.44868899586528,44.88116807332884,51.658640718466465,14.09529209083111,7.0
2018-01-01 10:24:00,0.001,Off,0.0,0.0,37.83352232251479,51.0,45.44,2541.3769244132686,0,5.566893809415522,0.0,51.4796780115776,0.0,0.0,0.0,49.44469643001972,44.878330950364685,51.65477322531347,14.108391330003736,7.0
2018-01-01 10:25:00,0.001,Off,0.0,0.0,37.830526574897746,51.0,45.44,2541.4447656196758,0,5.567248302040762,0.0,51.47243624320944,0.0,0.0,0.0,49.440702099863664,44.875494056474366,51.65090412533554,14.121473737215611,7.0
2018-01-01 10:26:00,0.001,Off,0.0,0.0,37.82752950702009,51.0,45.44,2541.5125346169916,0,5.567602460648206,0.0,51.46519970481402,0.0,0.0,0.0,49.436706009360115,44.87265739175909,51.64703342528514,14.134539341706242,7.0
2018-01-01 10:27:00,0.001,Off,0.0,0.0,37.824531121881066,51.0,45.44,2541.580231550561,0,5.567956285875988,0.0,51.457968387615516,0.0,0.0,0.0,49.43270816250809,44.86982095631988,51.64316113189244,14.147588172651547,7.0
2018-01-01 10:28:00,0.001,Off,0.0,0.0,37.82153142251093,51.0,45.44,2541.647856565363,0,5.56830977836078,0.0,51.45074228285788,0.0,0.0,0.0,49.428708563347904,44.86698475025748,51.63928725186552,14.160620259164011,7.0
2018-01-01 10:29:00,0.001,Off,0.0,0.0,37.818530411905115,51.0,45.44,2541.715409806019,0,5.568662938737778,0.0,51.443521381804786,0.0,0.0,0.0,49.42470721587349,44.86414877367245,51.635411791890334,14.173635630292841,7.0
2018-01-01 10:30:00,0.001,Off,0.0,0.0,37.81552809300488,51.0,45.44,2541.7828914167903,0,5.569015767640732,0.0,51.43630567573956,0.0,0.0,0.0,49.420704124006505,44.861313026665094,51.63153475863087,14.186634315024127,7.0
2018-01-01 10:31:00,0.001,Off,0.0,0.0,37.83260387223962,51.0,45.44,2541.8503015415795,0,5.569368265701922,0.0,51.5717104717483,0.0,0.0,0.0,49.44347182965283,44.85847750933548,51.62765615872915,14.199616342280992,7.0
2018-01-01 10:32:00,0.001,Off,0.0,0.0,37.82957928566918,51.0,45.44,2541.9176403710712,0,5.569720433798729,0.0,51.564380151644,0.0,0.0,0.0,49.43943904755891,44.8556406857067,51.62405049886214,14.212581740923746,7.0
2018-01-01 10:33:00,0.001,Off,0.0,0.0,37.826553423521716,51.0,45.44,2541.9849080953427,0,5.5700722728058825,0.0,51.557055155140915,0.0,0.0,0.0,49.435404564695624,44.85280409345919,51.620734734689044,14.225530539750048,7.0
2018-01-01 10:34:00,0.001,Off,0.0,0.0,37.82352628875008,51.0,45.44,2542.052104856852,0,5.570423783349545,0.0,51.54973547329126,0.0,0.0,0.0,49.431368385000106,44.84996773269047,51.61741885139185,14.238462767495054,7.0
2018-01-01 10:35:00,0.001,Off,0.0,0.0,37.82049788425294,51.0,45.44,2542.1192307977058,0,5.570774966054432,0.0,51.5424210971676,0.0,0.0,0.0,49.42733051233725,44.84713160349793,51.61410284823669,14.251378452831576,7.0
2018-01-01 10:36:00,0.001,Off,0.0,0.0,37.81746821291154,51.0,45.44,2542.1862860596575,0,5.571125821543838,0.0,51.535112017862765,0.0,0.0,0.0,49.423290950548726,44.84429570597869,51.610786724495874,14.264277624370227,7.0
2018-01-01 10:37:00,0.001,Off,0.0,0.0,37.81443727767877,51.0,45.44,2542.253270784109,0,5.571476350439617,0.0,51.52780822648984,0.0,0.0,0.0,49.419249703571694,44.84146004022967,51.60747047944784,14.277160310659582,7.0
2018-01-01 10:38:00,0.001,Off,0.0,0.0,37.811405081387456,51.0,45.44,2542.320185112113,0,5.5718265533622064,0.0,51.520509714182076,0.0,0.0,0.0,49.41520677518327,44.838624606347565,51.60415411237714,14.290026540186325,7.0
2018-01-01 10:39:00,0.001,Off,0.0,0.0,37.80837162691503,51.0,45.44,2542.387029184374,0,5.572176430930621,0.0,51.513216472092864,0.0,0.0,0.0,49.41116216922004,44.835789404428844,51.600837622574396,14.302876341375407,7.0
2018-01-01 10:40:00,0.001,Off,0.0,0.0,37.805336917183354,51.0,45.44,2542.4538031412458,0,5.572525983762452,0.0,51.50592849139567,0.0,0.0,0.0,49.4071158895778,44.83295443456975,51.59752100933627,14.315709742590196,7.0
2018-01-01 10:41:00,0.001,Off,0.0,0.0,37.80230095504852,51.0,45.44,2542.520507122738,0,5.572875212473884,0.0,51.498645763283974,0.0,0.0,0.0,49.403067940064695,44.83011969686629,51.594204271965474,14.328526772132623,7.0
2018-01-01 10:42:00,0.001,Off,0.0,0.0,37.799263743339566,51.0,45.44,2542.587141268512,0,5.573224117679686,0.0,51.491368278971244,0.0,0.0,0.0,49.399018324452754,44.82728519141432,51.590887409770694,14.341327458243342,7.0
2018-01-01 10:43:00,0.001,Off,0.0,0.0,37.79622528499964,51.0,45.44,2542.653705717885,0,5.5735726999932185,0.0,51.48409602969087,0.0,0.0,0.0,49.39496704666619,44.824450918309395,51.5875704220666,14.35411182910187,7.0
2018-01-01 10:44:00,0.001,Off,0.0,0.0,37.79318558283842,51.0,45.44,2542.720200609827,0,5.573920960026444,0.0,51.47682900669609,0.0,0.0,0.0,49.39091411045122,44.82161687764691,51.58425330817378,14.366879912826747,7.0
2018-01-01 10:45:00,0.001,Off,0.0,0.0,37.79014463965972,51.0,45.44,2542.786626082972,0,5.574268898389924,0.0,51.46956720126,0.0,0.0,0.0,49.3868595195463,44.818783069522,51.58093606741876,14.37963173747568,7.0
2018-01-01 10:46:00,0.001,Off,0.0,0.0,37.78710245838547,51.0,45.44,2542.8529822756036,0,5.574616515692817,0.0,51.46231060467543,0.0,0.0,0.0,49.382803277847295,44.81594949402961,51.57761869913395,14.392367331045696,7.0
2018-01-01 10:47:00,0.001,Off,0.0,0.0,37.78405904178274,51.0,45.44,2542.919269325669,0,5.5749638125428955,0.0,51.455059208254944,0.0,0.0,0.0,49.37874538904366,44.813116151264445,51.57430120265761,14.405086721473287,7.0
2018-01-01 10:48:00,0.001,Off,0.0,0.0,37.78101439271346,51.0,45.44,2542.9854873707727,0,5.57531078954654,0.0,51.44781300333077,0.0,0.0,0.0,49.37468585695128,44.810283041321014,51.570983577333834,14.417789936634563,7.0
2018-01-01 10:49:00,0.001,Off,0.0,0.0,37.77796851402982,51.0,45.44,2543.0516365481817,0,5.575657447308747,0.0,51.44057198125475,0.0,0.0,0.0,49.370624685373095,44.8074501642936,51.567665822512545,14.430477004345397,7.0
2018-01-01 10:50:00,0.001,Off,0.0,0.0,37.77492140849894,51.0,45.44,2543.117716994823,0,5.576003786433126,0.0,51.43333613339828,0.0,0.0,0.0,49.366561877998585,44.80461752027627,51.56434793754941,14.443147952361572,7.0
2018-01-01 10:51:00,0.001,Off,0.0,0.0,37.77187307894206,51.0,45.44,2543.1837288472866,0,5.576349807521911,0.0,51.42610545115229,0.0,0.0,0.0,49.36249743858941,44.80178510936287,51.56102992180587,14.455802808378936,7.0
2018-01-01 10:52:00,0.001,Off,0.0,0.0,37.768823528184335,51.0,45.44,2543.2496722418255,0,5.576695511175963,0.0,51.418879925927165,0.0,0.0,0.0,49.35843137091245,44.79895293164706,51.55771177464909,14.468441600033536,7.0
2018-01-01 10:53:00,0.001,Off,0.0,0.0,37.76577275902187,51.0,45.44,2543.3155473143584,0,5.577040897994764,0.0,51.4116595491527,0.0,0.0,0.0,49.35436367869583,44.796120987222245,51.554393495451954,14.481064354901777,7.0
2018-01-01 10:54:00,0.001,Off,0.0,0.0,37.762720774223716,51.0,45.44,2543.3813542004677,0,5.577385968576436,0.0,51.404444312278066,0.0,0.0,0.0,49.35029436563162,44.79328927618163,51.55107508359299,14.493671100500563,7.0
2018-01-01 10:55:00,0.001,Off,0.0,0.0,37.759667576665265,51.0,45.44,2543.4470930354023,0,5.577730723517732,0.0,51.397234206771735,0.0,0.0,0.0,49.34622343555369,44.790457798618206,51.5477565384564,14.506261864287442,7.0
2018-01-01 10:56:00,0.001,Off,0.0,0.0,37.75661316897821,51.0,45.44,2543.51276395408,0,5.578075163414038,0.0,51.39002922412145,0.0,0.0,0.0,49.34215089197095,44.78762655462478,51.54443785943198,14.518836673660754,7.0
2018-01-01 10:57:00,0.001,Off,0.0,0.0,37.76579391247108,51.0,45.44,2543.5783670910846,0,5.5784192888593935,0.0,51.469788163760505,0.0,0.0,0.0,49.35439188329478,44.7847955442939,51.54111904591517,14.531395555959774,7.0
2018-01-01 10:58:00,0.001,Off,0.0,0.0,37.76271126843066,51.0,45.44,2543.64390258067,0,5.578763100446474,0.0,51.46241879911779,0.0,0.0,0.0,49.35028169124087,44.781963831635046,51.537800097306935,14.54393853846486,7.0
2018-01-01 10:59:00,0.001,Off,0.0,0.0,37.7596274828815,51.0,45.44,2543.7093705567595,0,5.579106598766607,0.0,51.45505494097786,0.0,0.0,0.0,49.346169977175336,44.77913235479883,51.534481013013774,14.55646564839759,7.0
2018-01-01 11:00:00,0.001,Off,0.0,0.0,37.75654255837978,51.0,45.44,2543.774771152948,0,5.579449784409773,0.0,51.447696579847545,0.0,0.0,0.0,49.342056744506365,44.77630111387257,51.53116179244766,14.568976912920913,7.0
2018-01-01 11:01:00,0.001,Off,0.0,0.0,37.75345649753585,51.0,45.44,2543.8401045025016,0,5.57979265796461,0.0,51.44034370625562,0.0,0.0,0.0,49.33794199671447,44.77347010894341,51.52784243502602,14.581472359139294,7.0
2018-01-01 11:02:00,0.001,Off,0.0,0.0,37.75036930300845,51.0,45.44,2543.90537073836,0,5.58013522001841,0.0,51.43299631075273,0.0,0.0,0.0,49.3338257373446,44.770639340098285,51.52452294017166,14.593952014098853,7.0
2018-01-01 11:03:00,0.001,Off,0.0,0.0,37.74728097729181,51.0,45.44,2543.9705699931355,0,5.580477471157131,0.0,51.42565438391134,0.0,0.0,0.0,49.329707969722406,44.76780880742388,51.5212033073128,14.606415904787506,7.0
2018-01-01 11:04:00,0.001,Off,0.0,0.0,37.74419152304078,51.0,45.44,2544.0357023991155,0,5.580819411965399,0.0,51.418317916325684,0.0,0.0,0.0,49.32558869738771,44.76497851100679,51.517883535883044,14.618864058135111,7.0
2018-01-01 11:05:00,0.001,Off,0.0,0.0,37.7411009427477,51.0,45.44,2544.1007680882644,0,5.581161043026505,0.0,51.41098689861169,0.0,0.0,0.0,49.3214679236636,44.762148450933296,51.514563625321315,14.631296501013612,7.0
2018-01-01 11:06:00,0.001,Off,0.0,0.0,37.73800923908095,51.0,45.44,2544.1657671922194,0,5.581502364922414,0.0,51.40366132140692,0.0,0.0,0.0,49.31734565210794,44.75931862728959,51.511243575071866,14.643713260237174,7.0
2018-01-01 11:07:00,0.001,Off,0.0,0.0,37.734916414561866,51.0,45.44,2544.230699842298,0,5.58184337823377,0.0,51.39634117537055,0.0,0.0,0.0,49.31322188608249,44.75648904016157,51.507923384584245,14.656114362562331,7.0
2018-01-01 11:08:00,0.001,Off,0.0,0.0,37.73182247173891,51.0,45.44,2544.2955661694955,0,5.582184083539892,0.0,51.38902645118329,0.0,0.0,0.0,49.30909662898521,44.753659689634986,51.50460305331326,14.668499834688124,7.0
2018-01-01 11:09:00,0.001,Off,0.0,0.0,37.728727413164336,51.0,45.44,2544.360366304485,0,5.582524481418785,0.0,51.38171713954732,0.0,0.0,0.0,49.30496988421912,44.75083057579541,51.50128258071898,14.68086970325624,7.0
2018-01-01 11:10:00,0.001,Off,0.0,0.0,37.7256312414737,51.0,45.44,2544.4251003776208,0,5.582864572447142,0.0,51.37441323118623,0.0,0.0,0.0,49.300841655298264,44.74800169872819,51.497961966266686,14.693223994851161,7.0
2018-01-01 11:11:00,0.001,Off,0.0,0.0,37.72253395912251,51.0,45.44,2544.489768518938,0,5.583204357200336,0.0,51.36711471684499,0.0,0.0,0.0,49.296711945496675,44.74517305851846,51.494641209426845,14.705562736000289,7.0
2018-01-01 11:12:00,0.001,Off,0.0,0.0,37.71943556866307,51.0,45.44,2544.554370858153,0,5.583543836252446,0.0,51.35982158728987,0.0,0.0,0.0,49.29258075821743,44.7423446552512,51.491320309675125,14.717885953174095,7.0
2018-01-01 11:13:00,0.001,Off,0.0,0.0,37.716336072626405,51.0,45.44,2544.6189075246643,0,5.583883010176235,0.0,51.35253383330842,0.0,0.0,0.0,49.288448096835204,44.739516489011194,51.48799926649233,14.73019367278626,7.0
2018-01-01 11:14:00,0.001,Off,0.0,0.0,37.71323547357063,51.0,45.44,2544.683378647556,0,5.584221879543172,0.0,51.34525144570936,0.0,0.0,0.0,49.284313964760834,44.73668855988301,51.4846780793644,14.74248592119381,7.0
2018-01-01 11:15:00,0.001,Off,0.0,0.0,37.71013377398998,51.0,45.44,2544.747784355594,0,5.584560444923427,0.0,51.33797441532257,0.0,0.0,0.0,49.280178365319976,44.733860867950995,51.481356747782364,14.754762724697251,7.0
2018-01-01 11:16:00,0.001,Off,0.0,0.0,37.707030976436755,51.0,45.44,2544.812124777232,0,5.584898706885873,0.0,51.330702732999015,0.0,0.0,0.0,49.27604130191567,44.7310334132994,51.47803527124234,14.767024109540717,7.0
2018-01-01 11:17:00,0.001,Off,0.0,0.0,37.70392708338196,51.0,45.44,2544.876400040607,0,5.5852366659980985,0.0,51.3234363896107,0.0,0.0,0.0,49.27190277784262,44.72820619601218,51.47471364924551,14.779270101912095,7.0
2018-01-01 11:18:00,0.001,Off,0.0,0.0,37.700822097376005,51.0,45.44,2544.9406102735475,0,5.585574322826402,0.0,51.316175376050595,0.0,0.0,0.0,49.267762796501344,44.72537921617314,51.47139188129807,14.791500727943177,7.0
2018-01-01 11:19:00,0.001,Off,0.0,0.0,37.69771602089184,51.0,45.44,2545.004755603564,0,5.5859116779357905,0.0,51.3089196832326,0.0,0.0,0.0,49.26362136118912,44.722552473865896,51.46806996691124,14.803716013709781,7.0
2018-01-01 11:20:00,0.001,Off,0.0,0.0,37.69460885644111,51.0,45.44,2545.068836157859,0,5.586248731889996,0.0,51.301669302091504,0.0,0.0,0.0,49.25947847525481,44.71972596917389,51.464747905601214,14.8159159852319,7.0
2018-01-01 11:21:00,0.001,Off,0.0,0.0,37.69150060652581,51.0,45.44,2545.1328520633265,0,5.586585485251476,0.0,51.29442422358288,0.0,0.0,0.0,49.255334142034414,44.71689970218033,51.46142569688917,14.828100668473832,7.0
2018-01-01 11:22:00,0.001,Off,0.0,0.0,37.688391273607316,51.0,45.44,2545.1968034465476,0,5.586921938581407,0.0,51.28718443868308,0.0,0.0,0.0,49.25118836480976,44.71407367296827,51.45810334030122,14.840270089344317,7.0
2018-01-01 11:23:00,0.001,Off,0.0,0.0,37.68528086020308,51.0,45.44,2545.260690433797,0,5.587258092439695,0.0,51.279949938389166,0.0,0.0,0.0,49.24704114693744,44.71124788162053,51.45478083536838,14.852424273696673,7.0
2018-01-01 11:24:00,0.001,Off,0.0,0.0,37.68216936873961,51.0,45.44,2545.32451315104,0,5.587593947384979,0.0,51.27272071371884,0.0,0.0,0.0,49.24289249165281,44.708422328219804,51.45145818162658,14.864563247328936,7.0
2018-01-01 11:25:00,0.001,Off,0.0,0.0,37.67905680173826,51.0,45.44,2545.3882717239367,0,5.587929503974634,0.0,51.26549675571043,0.0,0.0,0.0,49.23874240231768,44.70559701284853,51.448135378616605,14.876687035983982,7.0
2018-01-01 11:26:00,0.001,Off,0.0,0.0,37.67594316164298,51.0,45.44,2545.4519662778384,0,5.588264762764771,0.0,51.258278055422785,0.0,0.0,0.0,49.23459088219064,44.70277193558902,51.44481242588411,14.888795665349676,7.0
2018-01-01 11:27:00,0.001,Off,0.0,0.0,37.672828450948,51.0,45.44,2545.5155969377943,0,5.5885997243102405,0.0,51.25106460393525,0.0,0.0,0.0,49.23043793459733,44.69994709652334,51.441489322979564,14.900889161058997,7.0
2018-01-01 11:28:00,0.001,Off,0.0,0.0,37.669712672025675,51.0,45.44,2545.5791638285477,0,5.588934389164641,0.0,51.24385639234762,0.0,0.0,0.0,49.2262835627009,44.6971224957334,51.43816606945825,14.912967548690176,7.0
2018-01-01 11:29:00,0.001,Off,0.0,0.0,37.66659582744377,51.0,45.44,2545.6426670745386,0,5.589268757880319,0.0,51.23665341178007,0.0,0.0,0.0,49.222127769925024,44.694298133300926,51.43484266488022,14.925030853766826,7.0
2018-01-01 11:30:00,0.001,Off,0.0,0.0,37.66347791956302,51.0,45.44,2545.706106799903,0,5.589602831008365,0.0,51.2294556533731,0.0,0.0,0.0,49.21797055941737,44.69147400930743,51.43151910881031,14.937079101758078,7.0
2018-01-01 11:31:00,0.001,Off,0.0,0.0,37.66035895088544,51.0,45.44,2545.7694831284775,0,5.5899366090986335,0.0,51.222263108287514,0.0,0.0,0.0,49.21381193451392,44.688650123834265,51.42819540081808,14.94911231807871,7.0
2018-01-01 11:32:00,0.001,Off,0.0,0.0,37.65723892377946,51.0,45.44,2545.8327961837967,0,5.590270092699726,0.0,51.21507576770433,0.0,0.0,0.0,49.20965189837261,44.68582647696258,51.424871540477795,14.961130528089283,7.0
2018-01-01 11:33:00,0.001,Off,0.0,0.0,37.654117840716154,51.0,45.44,2545.8960460890926,0,5.590603282359009,0.0,51.20789362282473,0.0,0.0,0.0,49.20549045428821,44.683003068773324,51.42154752736844,14.973133757096276,7.0
2018-01-01 11:34:00,0.001,Off,0.0,0.0,37.65099570412974,51.0,45.44,2545.9592329673014,0,5.590936178622615,0.0,51.20071666487003,0.0,0.0,0.0,49.20132760550632,44.680179899347316,51.41822336107365,14.985122030352208,7.0
2018-01-01 11:35:00,0.001,Off,0.0,0.0,37.6478725164042,51.0,45.44,2546.0223569410596,0,5.591268782035435,0.0,51.19354488508162,0.0,0.0,0.0,49.197163355205596,44.67735696876511,51.41489904118173,14.997095373055776,7.0
2018-01-01 11:36:00,0.001,Off,0.0,0.0,37.64474828002604,51.0,45.44,2546.085418132706,0,5.5916010931411355,0.0,51.18637827472091,0.0,0.0,0.0,49.19299770670139,44.67453427710717,51.411574567285605,15.009053810351988,7.0
2018-01-01 11:37:00,0.001,Off,0.0,0.0,37.64162299732501,51.0,45.44,2546.1484166642795,0,5.591933112482154,0.0,51.17921682506927,0.0,0.0,0.0,49.18883066310001,44.67171182445365,51.40824993898281,15.020997367332285,7.0
2018-01-01 11:38:00,0.001,Off,0.0,0.0,37.63849667078378,51.0,45.44,2546.211352657528,0,5.592264840599704,0.0,51.17206052742798,0.0,0.0,0.0,49.184662227711705,44.66888961088465,51.40492515587547,15.03292606903468,7.0
2018-01-01 11:39:00,0.001,Off,0.0,0.0,37.65514589057802,51.0,45.44,2546.274226233901,0,5.592596278033774,0.0,51.30537362435646,0.0,0.0,0.0,49.20686118743736,44.66606763648001,51.40160021757025,15.044839940443886,7.0
2018-01-01 11:40:00,0.001,Off,0.0,0.0,37.651998192947445,51.0,45.44,2546.3370375145732,0,5.592927425323232,0.0,51.298105086271974,0.0,0.0,0.0,49.202664257263265,44.663244388408046,51.398275123657385,15.05673900649144,7.0
2018-01-01 11:41:00,0.001,Off,0.0,0.0,37.64884946644601,51.0,45.44,2546.3997866204927,0,5.593258283006102,0.0,51.290841715125076,0.0,0.0,0.0,49.19846595526135,44.66042138113534,51.3949498736479,15.068623292055841,7.0
2018-01-01 11:42:00,0.001,Off,0.0,0.0,37.64569971342286,51.0,45.44,2546.4624736723354,0,5.5935888516192795,0.0,51.28358350262817,0.0,0.0,0.0,49.19426628456381,44.657598614740586,51.39162446703719,15.080492821962672,7.0
2018-01-01 11:43:00,0.001,Off,0.0,0.0,37.642548936387676,51.0,45.44,2546.5250987904824,0,5.593919131698459,0.0,51.276330440511515,0.0,0.0,0.0,49.1900652485169,44.65477608930231,51.388298903326096,15.092347620984729,7.0
2018-01-01 11:44:00,0.001,Off,0.0,0.0,37.63939713771672,51.0,45.44,2546.5876620950244,0,5.594249123778114,0.0,51.269082520523206,0.0,0.0,0.0,49.18586285028896,44.65195380489887,51.38497318202088,15.104187713842153,7.0
2018-01-01 11:45:00,0.001,Off,0.0,0.0,37.63624431977458,51.0,45.44,2546.650163705761,0,5.594578828391519,0.0,51.26183973442912,0.0,0.0,0.0,49.18165909303278,44.64913176160837,51.38164730263319,15.116013125202558,7.0
2018-01-01 11:46:00,0.001,Off,0.0,0.0,37.63309048509034,51.0,45.44,2546.7126037421986,0,5.594908246070742,0.0,51.25460207401287,0.0,0.0,0.0,49.177453980120454,44.646309959508855,51.37832126468007,15.127823879681152,7.0
2018-01-01 11:47:00,0.001,Off,0.0,0.0,37.62993563596473,51.0,45.44,2546.7749823235577,0,5.595237377346653,0.0,51.247369531075776,0.0,0.0,0.0,49.17324751461963,44.64348839867805,51.37499506768386,15.139620001840877,7.0
2018-01-01 11:48:00,0.001,Off,0.0,0.0,37.62677977491908,51.0,45.44,2546.8372995687696,0,5.595566222748921,0.0,51.24014209743679,0.0,0.0,0.0,49.1690396998921,44.640667079193584,51.371668711172255,15.151401516192518,7.0
2018-01-01 11:49:00,0.001,Off,0.0,0.0,37.62362290418645,51.0,45.44,2546.8995555964757,0,5.595894782806022,0.0,51.23291976493248,0.0,0.0,0.0,49.16483053891526,44.63784600113287,51.368342194678206,15.163168447194842,7.0
2018-01-01 11:50:00,0.001,Off,0.0,0.0,37.620465026288144,51.0,45.44,2546.961750525032,0,5.596223058045244,0.0,51.225702525417,0.0,0.0,0.0,49.16062003505086,44.63502516457314,51.365015517739955,15.174920819254726,7.0
2018-01-01 11:51:00,0.001,Off,0.0,0.0,37.617306143592636,51.0,45.44,2547.0238844725072,0,5.5965510489926835,0.0,51.21849037076199,0.0,0.0,0.0,49.15640819145685,44.63220456959146,51.36168867990098,15.186658656727275,7.0
2018-01-01 11:52:00,0.001,Off,0.0,0.0,37.61414625844714,51.0,45.44,2547.0859575566856,0,5.596878756173248,0.0,51.2112832928566,0.0,0.0,0.0,49.152195011262855,44.62938421626467,51.358361680709955,15.198381983915954,7.0
2018-01-01 11:53:00,0.001,Off,0.0,0.0,37.61098537325493,51.0,45.44,2547.147969895067,0,5.597206180110671,0.0,51.20408128360739,0.0,0.0,0.0,49.14798049767324,44.62656410466947,51.355034519720746,15.210090825072706,7.0
2018-01-01 11:54:00,0.001,Off,0.0,0.0,37.60782349038064,51.0,45.44,2547.209921604866,0,5.597533321327503,0.0,51.19688433493833,0.0,0.0,0.0,49.14376465384085,44.62374423488237,51.3517071964924,15.221785204398081,7.0
2018-01-01 11:55:00,0.001,Off,0.0,0.0,37.60466061216173,51.0,45.44,2547.271812803013,0,5.597860180345112,0.0,51.18969243879074,0.0,0.0,0.0,49.13954748288231,44.620924606979685,51.348379710589086,15.233465146041368,7.0
2018-01-01 11:56:00,0.001,Off,0.0,0.0,37.60149674100737,51.0,45.44,2547.333643606159,0,5.5981867576837026,0.0,51.18250558712325,0.0,0.0,0.0,49.135328988009825,44.61810522103756,51.3450520615801,15.245130674100704,7.0
2018-01-01 11:57:00,0.001,Off,0.0,0.0,37.59833187925888,51.0,45.44,2547.3954141306726,0,5.598513053862299,0.0,51.17532377191174,0.0,0.0,0.0,49.13110917234518,44.61528607713197,51.34172424903982,15.256781812623206,7.0
2018-01-01 11:58:00,0.001,Off,0.0,0.0,37.59516602923447,51.0,45.44,2547.45712449264,0,5.598839069398769,0.0,51.16814698514933,0.0,0.0,0.0,49.126888038979295,44.61246717533867,51.33839627254769,15.268418585605101,7.0
2018-01-01 11:59:00,0.001,Off,0.0,0.0,37.59199919334711,51.0,45.44,2547.518774807868,0,5.5991648048098055,0.0,51.16097521884632,0.0,0.0,0.0,49.122665591129476,44.60964851573328,51.335068131688196,15.280041016991841,7.0
2018-01-01 12:00:00,0.001,Off,0.0,0.0,37.58883137386076,51.0,45.44,2547.5803651918854,0,5.59949026061094,0.0,51.15380846503014,0.0,0.0,0.0,49.11844183181434,44.60683009839121,51.33173982605083,15.291649130678225,7.0
2018-01-01 12:01:00,0.001,Off,0.0,0.0,37.585662573145825,51.0,45.44,2547.64189575994,0,5.599815437316555,0.0,51.14664671574533,0.0,0.0,0.0,49.11421676419444,44.60401192338771,51.32841135523008,15.303242950508526,7.0
2018-01-01 12:02:00,0.001,Off,0.0,0.0,37.58249279358822,51.0,45.44,2547.703366627006,0,5.600140335439865,0.0,51.13948996305347,0.0,0.0,0.0,49.109990391450964,44.601193990797846,51.325082718825406,15.31482250027661,7.0
2018-01-01 12:03:00,0.001,Off,0.0,0.0,37.57932203744223,51.0,45.44,2547.764777907775,0,5.600464955492942,0.0,51.13233819903317,0.0,0.0,0.0,49.105762716589645,44.59837630069649,51.3217539164412,15.326387803726062,7.0
2018-01-01 12:04:00,0.001,Off,0.0,0.0,37.576150307045374,51.0,45.44,2547.8261297166678,0,5.600789297986696,0.0,51.12519141578,0.0,0.0,0.0,49.10153374272716,44.595558853158366,51.318424947686786,15.337938884550304,7.0
2018-01-01 12:05:00,0.001,Off,0.0,0.0,37.57297760473516,51.0,45.44,2547.887422167827,0,5.601113363430902,0.0,51.11804960540647,0.0,0.0,0.0,49.097303472980215,44.592741648258,51.315095812176374,15.349475766392722,7.0
2018-01-01 12:06:00,0.001,Off,0.0,0.0,37.5823143801136,51.0,45.44,2547.9486553751194,0,5.601437152334182,0.0,51.19981940585321,0.0,0.0,0.0,49.10975250681813,44.58992468606973,51.311766509529036,15.360998472846779,7.0
2018-01-01 12:07:00,0.001,Off,0.0,0.0,37.57911333781196,51.0,45.44,2548.00982945214,0,5.601760665204018,0.0,51.19250900438827,0.0,0.0,0.0,49.10548445041595,44.587107009617036,51.30843703936871,15.372507027456138,7.0
2018-01-01 12:08:00,0.001,Off,0.0,0.0,37.57591139202528,51.0,45.44,2548.07094451221,0,5.602083902546757,0.0,51.18520397047301,0.0,0.0,0.0,49.101215189367046,44.584289578044455,51.30510740132413,15.384001453714788,7.0
2018-01-01 12:09:00,0.001,Off,0.0,0.0,37.57270854493629,51.0,45.44,2548.132000668378,0,5.602406864867604,0.0,51.17790429520608,0.0,0.0,0.0,49.096944726581725,44.581472391421116,51.301777595028746,15.39548177506716,7.0
2018-01-01 12:10:00,0.001,Off,0.0,0.0,37.56950479872191,51.0,45.44,2548.1929980334216,0,5.602729552670639,0.0,51.17060996970587,0.0,0.0,0.0,49.09267306496254,44.578655449815955,51.29844762012076,15.406948014908247,7.0
2018-01-01 12:11:00,0.001,Off,0.0,0.0,37.56630015541387,51.0,45.44,2548.2539367198456,0,5.603051966458807,0.0,51.163320985110374,0.0,0.0,0.0,49.0884002072185,44.57583875329777,51.295117476243064,15.41840019658372,7.0
2018-01-01 12:12:00,0.001,Off,0.0,0.0,37.563094617204584,51.0,45.44,2548.3148168398866,0,5.603374106733924,0.0,51.15603733257723,0.0,0.0,0.0,49.08412615627278,44.57302230193517,51.291787163043224,15.429838343390053,7.0
2018-01-01 12:13:00,0.001,Off,0.0,0.0,37.55988818619163,51.0,45.44,2548.3756385055117,0,5.603695973996687,0.0,51.1487590032836,0.0,0.0,0.0,49.079850914922176,44.57020609579663,51.28845668017346,15.441262478574638,7.0
2018-01-01 12:14:00,0.001,Off,0.0,0.0,37.55668086449965,51.0,45.44,2548.4364018284186,0,5.604017568746669,0.0,51.14148598842619,0.0,0.0,0.0,49.07557448599953,44.567390134950436,51.28512602729063,15.452672625335909,7.0
2018-01-01 12:15:00,0.001,Off,0.0,0.0,37.553472654245574,51.0,45.44,2548.497106920036,0,5.604338891482319,0.0,51.134218279221145,0.0,0.0,0.0,49.07129687232743,44.56457441946476,51.281795204056195,15.464068806823454,7.0
2018-01-01 12:16:00,0.001,Off,0.0,0.0,37.55026355752309,51.0,45.44,2548.5577538915268,0,5.604659942700981,0.0,51.12695586690402,0.0,0.0,0.0,49.06701807669745,44.56175894940753,51.2784642101362,15.475451046138133,7.0
2018-01-01 12:17:00,0.001,Off,0.0,0.0,37.54705357648008,51.0,45.44,2548.6183428537875,0,5.604980722898876,0.0,51.11969874272972,0.0,0.0,0.0,49.062738101973444,44.5589437248466,51.275133045201265,15.4868193663322,7.0
2018-01-01 12:18:00,0.001,Off,0.0,0.0,37.543842713173476,51.0,45.44,2548.678873917449,0,5.605301232571121,0.0,51.112446897972475,0.0,0.0,0.0,49.05845695089797,44.55612874584959,51.271801708926546,15.49817379040942,7.0
2018-01-01 12:19:00,0.001,Off,0.0,0.0,37.540630969685374,51.0,45.44,2548.739347192876,0,5.6056214722117215,0.0,51.10520032392578,0.0,0.0,0.0,49.05417462624717,44.55331401248401,51.26847020099171,15.509514341325179,7.0
2018-01-01 12:20:00,0.001,Off,0.0,0.0,37.53741834813849,51.0,45.44,2548.799762790169,0,5.605941442313582,0.0,51.09795901190235,0.0,0.0,0.0,49.04989113085132,44.5504995248172,51.265138521080935,15.52084104198661,7.0
2018-01-01 12:21:00,0.001,Off,0.0,0.0,37.534204850616845,51.0,45.44,2548.8601208191662,0,5.606261143368498,0.0,51.090722953234035,0.0,0.0,0.0,49.04560646748913,44.547685282916305,51.26180666888288,15.532153915252707,7.0
2018-01-01 12:22:00,0.001,Off,0.0,0.0,37.53099047920835,51.0,45.44,2548.920421389442,0,5.606580575867171,0.0,51.08349213927185,0.0,0.0,0.0,49.04132063894446,44.54487128684838,51.25847464409065,15.543452983934433,7.0
2018-01-01 12:23:00,0.001,Off,0.0,0.0,37.52777523598153,51.0,45.44,2548.980664610308,0,5.606899740299207,0.0,51.07626656138585,0.0,0.0,0.0,49.03703364797537,44.542057536680225,51.25514244640176,15.554738270794845,7.0
2018-01-01 12:24:00,0.001,Off,0.0,0.0,37.52455912302233,51.0,45.44,2549.040850590815,0,5.607218637153115,0.0,51.06904621096512,0.0,0.0,0.0,49.03274549736311,44.53924403247858,51.251810075518186,15.566009798549208,7.0
2018-01-01 12:25:00,0.001,Off,0.0,0.0,37.52134214237224,51.0,45.44,2549.100979439754,0,5.607537266916314,0.0,51.06183107941772,0.0,0.0,0.0,49.028456189829654,44.53643077430994,51.24847753114625,15.577267589865109,7.0
2018-01-01 12:26:00,0.001,Off,0.0,0.0,37.51812429612106,51.0,45.44,2549.161051265656,0,5.607855630075134,0.0,51.054621158170654,0.0,0.0,0.0,49.02416572816141,44.533617762240716,51.24514481299667,15.58851166736257,7.0
2018-01-01 12:27:00,0.001,Off,0.0,0.0,37.514905586337356,51.0,45.44,2549.2210661767895,0,5.608173727114817,0.0,51.047416438669785,0.0,0.0,0.0,49.01987411511647,44.53080499633712,51.241811920784485,15.599742053614163,7.0
2018-01-01 12:28:00,0.001,Off,0.0,0.0,37.51168601504126,51.0,45.44,2549.281024281168,0,5.608491558519527,0.0,51.04021691237982,0.0,0.0,0.0,49.01558135338835,44.52799247666521,51.23847885422908,15.610958771145128,7.0
2018-01-01 12:29:00,0.001,Off,0.0,0.0,37.50846558435746,51.0,45.44,2549.340925686546,0,5.608809124772345,0.0,51.033022570784254,0.0,0.0,0.0,49.01128744580995,44.52518020329088,51.23514561305414,15.622161842433485,7.0
2018-01-01 12:30:00,0.001,Off,0.0,0.0,37.50524429624614,51.0,45.44,2549.4007705004205,0,5.609126426355277,0.0,51.02583340538531,0.0,0.0,0.0,49.00699239499485,44.52236817627988,51.23181219698761,15.633351289910143,7.0
2018-01-01 12:31:00,0.001,Off,0.0,0.0,37.50202215280679,51.0,45.44,2549.460558830031,0,5.6094434637492485,0.0,51.018649407703926,0.0,0.0,0.0,49.00269620374238,44.519556395697805,51.228478605761744,15.644527135959024,7.0
2018-01-01 12:32:00,0.001,Off,0.0,0.0,37.49879915606731,51.0,45.44,2549.5202907823646,0,5.609760237434115,0.0,51.011470569279666,0.0,0.0,0.0,48.99839887475641,44.5167448616101,51.225144839113,15.655689402917163,7.0
2018-01-01 12:33:00,0.001,Off,0.0,0.0,37.49557530809432,51.0,45.44,2549.5799664641486,0,5.610076747888665,0.0,51.0042968816707,0.0,0.0,0.0,48.99410041079243,44.513933574082024,51.22181089678207,15.666838113074835,7.0
2018-01-01 12:34:00,0.001,Off,0.0,0.0,37.492350610857685,51.0,45.44,2549.6395859818595,0,5.610392995590618,0.0,50.997128336453734,0.0,0.0,0.0,48.98980081447691,44.5111225331787,51.21847677851383,15.677973288675654,7.0
2018-01-01 12:35:00,0.001,Off,0.0,0.0,37.48912506640464,51.0,45.44,2549.699149441719,0,5.61070898101663,0.0,50.98996492522402,0.0,0.0,0.0,48.985500088539524,44.508311738965105,51.21514248405736,15.68909495191669,7.0
2018-01-01 12:36:00,0.001,Off,0.0,0.0,37.485898676801824,51.0,45.44,2549.758656949695,0,5.611024704642294,0.0,50.98280663959525,0.0,0.0,0.0,48.98119823573577,44.505501191506056,51.211808013165886,15.700203124948588,7.0
2018-01-01 12:37:00,0.001,Off,0.0,0.0,37.48267144404228,51.0,45.44,2549.8181086115037,0,5.611340166942145,0.0,50.97565347119952,0.0,0.0,0.0,48.97689525872305,44.502690890866184,51.20847336559677,15.711297829875672,7.0
2018-01-01 12:38:00,0.001,Off,0.0,0.0,37.47944337014427,51.0,45.44,2549.877504532611,0,5.611655368389659,0.0,50.9685054116873,0.0,0.0,0.0,48.97259116019235,44.49988083711,51.20513854111148,15.722379088756055,7.0
2018-01-01 12:39:00,0.001,Off,0.0,0.0,37.47621445707569,51.0,45.44,2549.936844818229,0,5.611970309457265,0.0,50.96136245272739,0.0,0.0,0.0,48.96828594276759,44.49707103030186,51.201803539475605,15.733446923601756,7.0
2018-01-01 12:40:00,0.001,Off,0.0,0.0,37.472984706937986,51.0,45.44,2549.9961295733224,0,5.612284990616333,0.0,50.95422458600686,0.0,0.0,0.0,48.96397960925065,44.494261470505954,51.1984683604588,15.744501356378805,7.0
2018-01-01 12:41:00,0.001,Off,0.0,0.0,37.46975412165072,51.0,45.44,2550.055358902604,0,5.612599412337191,0.0,50.947091803231004,0.0,0.0,0.0,48.95967216220097,44.49145215778632,51.19513300383476,15.755542409007361,7.0
2018-01-01 12:42:00,0.001,Off,0.0,0.0,37.46652270321276,51.0,45.44,2550.114532910538,0,5.612913575089116,0.0,50.93996409612331,0.0,0.0,0.0,48.95536360428368,44.48864309220686,51.19179746938125,15.766570103361817,7.0
2018-01-01 12:43:00,0.001,Off,0.0,0.0,37.463290453712006,51.0,45.44,2550.1736517013424,0,5.613227479340343,0.0,50.932841456425415,0.0,0.0,0.0,48.951053938282676,44.48583427383127,51.188461756880024,15.777584461270905,7.0
2018-01-01 12:44:00,0.001,Off,0.0,0.0,37.46005737506605,51.0,45.44,2550.232715378985,0,5.613541125558069,0.0,50.925723875897035,0.0,0.0,0.0,48.946743166754736,44.483025702723175,51.18512586611684,15.788585504517817,7.0
2018-01-01 12:45:00,0.001,Off,0.0,0.0,37.45682346923897,51.0,45.44,2550.2917240471884,0,5.61385451420845,0.0,50.91861134631594,0.0,0.0,0.0,48.94243129231863,44.48021737894597,51.181789796881446,15.799573254840306,7.0
2018-01-01 12:46:00,0.001,Off,0.0,0.0,37.45358873826253,51.0,45.44,2550.350677809428,0,5.614167645756607,0.0,50.91150385947791,0.0,0.0,0.0,48.938118317683376,44.477409302562954,51.178453548967525,15.810547733930797,7.0
2018-01-01 12:47:00,0.001,Off,0.0,0.0,37.45035318412786,51.0,45.44,2550.4095767689346,0,5.61448052066663,0.0,50.90440140719669,0.0,0.0,0.0,48.93380424550382,44.47460147363726,51.17511712217271,15.821508963436496,7.0
2018-01-01 12:48:00,0.001,Off,0.0,0.0,37.447116808793254,51.0,45.44,2550.4684210286923,0,5.6147931394015735,0.0,50.897303981303914,0.0,0.0,0.0,48.92948907839101,44.471793892231815,51.17178051629853,15.832456964959505,7.0
2018-01-01 12:49:00,0.001,Off,0.0,0.0,37.44387961415498,51.0,45.44,2550.5272106914445,0,5.615105502423471,0.0,50.89021157364911,0.0,0.0,0.0,48.92517281887331,44.46898655840949,51.168443731150454,15.843391760056916,7.0
2018-01-01 12:50:00,0.001,Off,0.0,0.0,37.4406416022816,51.0,45.44,2550.585945859687,0,5.615417610193326,0.0,50.88312417609964,0.0,0.0,0.0,48.9208554697088,44.46617947223294,51.16510676653779,15.854313370240927,7.0
2018-01-01 12:51:00,0.001,Off,0.0,0.0,37.45826610480233,51.0,45.44,2550.7991006172015,0,5.616550563044114,0.0,51.02422296562443,0.0,0.0,0.0,48.944354806403105,44.46337263376467,51.071923973902145,15.865221816978954,7.0
2018-01-01 12:52:00,0.001,Off,0.0,0.0,37.45500661371616,51.0,45.44,2550.8577542072157,0,5.616862395890683,0.0,51.017019761187164,0.0,0.0,0.0,48.94000881828821,44.46056444701987,51.067716563297004,15.876117121693733,7.0
2018-01-01 12:53:00,0.001,Off,0.0,0.0,37.451746347781636,51.0,45.44,2550.916353619633,0,5.617173974899596,0.0,51.00982178810292,0.0,0.0,0.0,48.93566179704218,44.45775650962651,51.06350888311145,15.886999305763426,7.0
2018-01-01 12:54:00,0.001,Off,0.0,0.0,37.44848530896088,51.0,45.44,2550.974898955758,0,5.617485300526662,0.0,51.00262903764748,0.0,0.0,0.0,48.93131374528117,44.454948821643896,51.059300935707284,15.897868390521733,7.0
2018-01-01 12:55:00,0.001,Off,0.0,0.0,37.4452234989509,51.0,45.44,2551.033390316655,0,5.617796373226681,0.0,50.995441501116126,0.0,0.0,0.0,48.92696466526787,44.452141383131135,51.055092723438925,15.90872439725799,7.0
2018-01-01 12:56:00,0.001,Off,0.0,0.0,37.44196091973317,51.0,45.44,2551.0918278031522,0,5.618107193453453,0.0,50.98825916982363,0.0,0.0,0.0,48.922614559644224,44.44933419414724,51.05088424865344,15.919567347217285,7.0
2018-01-01 12:57:00,0.001,Off,0.0,0.0,37.43869757310921,51.0,45.44,2551.150211515838,0,5.6184177616597735,0.0,50.981082035104194,0.0,0.0,0.0,48.918263430812274,44.446527254751025,51.04667551369057,15.93039726160056,7.0
2018-01-01 12:58:00,0.001,Off,0.0,0.0,37.43543346088242,51.0,45.44,2551.2085415550628,0,5.618728078297435,0.0,50.97391008831141,0.0,0.0,0.0,48.91391128117657,44.443720565001236,51.04246652088277,15.94121416156471,7.0
2018-01-01 12:59:00,0.001,Off,0.0,0.0,37.43216858491243,51.0,45.44,2551.266818020941,0,5.619038143817233,0.0,50.96674332081821,0.0,0.0,0.0,48.909558113216576,44.440914124956414,51.038257272555185,15.952018068222701,7.0
2018-01-01 13:00:00,0.001,Off,0.0,0.0,37.42890294702779,51.0,45.44,2551.3250410133537,0,5.619347958668976,0.0,50.959581724016786,0.0,0.0,0.0,48.90520392937038,44.438107934674996,51.03404777102573,15.962809002643665,7.0
2018-01-01 13:01:00,0.001,Off,0.0,0.0,37.425636549078405,51.0,45.44,2551.383210631943,0,5.619657523301463,0.0,50.95242528931856,0.0,0.0,0.0,48.90084873210454,44.435301994215266,51.029838018605105,15.973586985853014,7.0
2018-01-01 13:02:00,0.001,Off,0.0,0.0,37.42236939284254,51.0,45.44,2551.441326976118,0,5.619966838162519,0.0,50.94527400815418,0.0,0.0,0.0,48.89649252379005,44.432496303635375,51.02562801759677,15.984352038832531,7.0
2018-01-01 13:03:00,0.001,Off,0.0,0.0,37.41910148021076,51.0,45.44,2551.4993901450516,0,5.620275903698975,0.0,50.938127871973386,0.0,0.0,0.0,48.89213530694769,44.429690862993326,51.021417770297056,15.995104182520489,7.0
2018-01-01 13:04:00,0.001,Off,0.0,0.0,37.41583281290906,51.0,45.44,2551.5574002376866,0,5.620584720356671,0.0,50.93098687224503,0.0,0.0,0.0,48.887777083878746,44.42688567234697,51.01720727899509,16.005843437811745,7.0
2018-01-01 13:05:00,0.001,Off,0.0,0.0,37.41256339284347,51.0,45.44,2551.61535735273,0,5.620893288580473,0.0,50.923851000457,0.0,0.0,0.0,48.88341785712463,44.42408073175407,51.01299654597289,16.01656982555785,7.0
2018-01-01 13:06:00,0.001,Off,0.0,0.0,37.40929322177486,51.0,45.44,2551.673261588659,0,5.621201608814263,0.0,50.916720248116185,0.0,0.0,0.0,48.87905762903315,44.42127604127218,51.00878557350537,16.027283366567147,7.0
2018-01-01 13:07:00,0.001,Off,0.0,0.0,37.40602230153376,51.0,45.44,2551.731113043717,0,5.621509681500943,0.0,50.9095946067484,0.0,0.0,0.0,48.87469640204501,44.41847160095878,51.00457436386037,16.037984081604883,7.0
2018-01-01 13:08:00,0.001,Off,0.0,0.0,37.402750633888786,51.0,45.44,2551.788911815917,0,5.621817507082443,0.0,50.90247406789836,0.0,0.0,0.0,48.87033417851838,44.41566741087116,51.00036291929865,16.048671991393302,7.0
2018-01-01 13:09:00,0.001,Off,0.0,0.0,37.39947822067045,51.0,45.44,2551.846658003043,0,5.622125085999714,0.0,50.89535862312964,0.0,0.0,0.0,48.86597096089394,44.41286347106652,50.996151242073964,16.059347116611747,7.0
2018-01-01 13:10:00,0.001,Off,0.0,0.0,37.396205063635804,51.0,45.44,2551.904351702647,0,5.622432418692741,0.0,50.888248264024604,0.0,0.0,0.0,48.86160675151441,44.41005978160187,50.99193933443302,16.070009477896775,7.0
2018-01-01 13:11:00,0.001,Off,0.0,0.0,37.392931164657924,51.0,45.44,2551.961993012055,0,5.622739505600538,0.0,50.88114298218438,0.0,0.0,0.0,48.857241552877234,44.40725634253413,50.98772719861558,16.08065909584225,7.0
2018-01-01 13:12:00,0.001,Off,0.0,0.0,37.38965652545898,51.0,45.44,2552.01958202836,0,5.623046347161158,0.0,50.87404276922878,0.0,0.0,0.0,48.85287536727864,44.404453153920045,50.98351483685442,16.09129599099944,7.0
2018-01-01 13:13:00,0.001,Off,0.0,0.0,37.3863811478579,51.0,45.44,2552.0771188484323,0,5.623352943811681,0.0,50.86694761679628,0.0,0.0,0.0,48.848508197143865,44.40165021581626,50.97930225137538,16.101920183877134,7.0
2018-01-01 13:14:00,0.001,Off,0.0,0.0,37.383105033584606,51.0,45.44,2552.13460356891,0,5.623659295988232,0.0,50.85985751654399,0.0,0.0,0.0,48.84414004477947,44.39884752827926,50.975089444397376,16.11253169494173,7.0
2018-01-01 13:15:00,0.001,Off,0.0,0.0,37.37982818444641,51.0,45.44,2552.192036286209,0,5.623965404125978,0.0,50.85277246014755,0.0,0.0,0.0,48.83977091259521,44.39604509136537,50.97087641813246,16.12313054461734,7.0
2018-01-01 13:16:00,0.001,Off,0.0,0.0,37.37655060227771,51.0,45.44,2552.249417096515,0,5.624271268659123,0.0,50.84569243930113,0.0,0.0,0.0,48.83540080303695,44.39324290513085,50.96666317478579,16.133716753285892,7.0
2018-01-01 13:17:00,0.001,Off,0.0,0.0,37.38513850691914,51.0,45.44,2552.3067460957905,0,5.624576890020925,0.0,50.92294581780786,0.0,0.0,0.0,48.84685134255886,44.39044096963175,50.96244971655569,16.14429034128723,7.0
2018-01-01 13:18:00,0.001,Off,0.0,0.0,37.381834420437116,51.0,45.44,2552.3640233797737,0,5.624882268643681,0.0,50.91570652255443,0.0,0.0,0.0,48.84244589391615,44.38763837715692,50.958236045633654,16.15485132891922,7.0
2018-01-01 13:19:00,0.001,Off,0.0,0.0,37.37852966451727,51.0,45.44,2552.4212490439777,0,5.625187404958746,0.0,50.90847263473859,0.0,0.0,0.0,48.8380395526897,44.3848360374451,50.95402216420438,16.165399736437838,7.0
2018-01-01 13:20:00,0.001,Off,0.0,0.0,37.37522424078894,51.0,45.44,2552.478423183691,0,5.625492299396526,0.0,50.901244145102616,0.0,0.0,0.0,48.833632321051915,44.3820339505475,50.94980807444581,16.17593558405727,7.0
2018-01-01 13:21:00,0.001,Off,0.0,0.0,37.37191815094715,51.0,45.44,2552.5355458939803,0,5.6257969523864775,0.0,50.89402104440992,0.0,0.0,0.0,48.829224201262875,44.37923211651521,50.945593778529116,16.186458891950036,7.0
2018-01-01 13:22:00,0.001,Off,0.0,0.0,37.36861139648194,51.0,45.44,2552.59261726969,0,5.626101364357121,0.0,50.88680332344496,0.0,0.0,0.0,48.82481519530925,44.3764305353992,50.941379278618726,16.196969680247054,7.0
2018-01-01 13:23:00,0.001,Off,0.0,0.0,37.36530397906513,51.0,45.44,2552.6496374054414,0,5.6264055357360325,0.0,50.87959097301318,0.0,0.0,0.0,48.820405305420174,44.37362920725029,50.937164576872384,16.207467969037765,7.0
2018-01-01 13:24:00,0.001,Off,0.0,0.0,37.36199590028346,51.0,45.44,2552.706606395637,0,5.626709466949855,0.0,50.872383983941006,0.0,0.0,0.0,48.815994533711276,44.370828132119215,50.93294967544113,16.217953778370223,7.0
2018-01-01 13:25:00,0.001,Off,0.0,0.0,37.35868716173136,51.0,45.44,2552.7635243344557,0,5.627013158424291,0.0,50.86518234707572,0.0,0.0,0.0,48.81158288230848,44.368027310056554,50.92873457646936,16.228427128251187,7.0
2018-01-01 13:26:00,0.001,Off,0.0,0.0,37.35537776495689,51.0,45.44,2552.8203913158586,0,5.6273166105841135,0.0,50.85798605328545,0.0,0.0,0.0,48.80717035327586,44.36522674111279,50.92451928209483,16.238888038646234,7.0
2018-01-01 13:27:00,0.001,Off,0.0,0.0,37.35206771160867,51.0,45.44,2552.8772074335866,0,5.62761982385316,0.0,50.85079509345914,0.0,0.0,0.0,48.80275694881156,44.36242642533829,50.92030379444867,16.249336529479844,7.0
2018-01-01 13:28:00,0.001,Off,0.0,0.0,37.34875700323859,51.0,45.44,2552.9339727811603,0,5.6279227986543425,0.0,50.843609458506435,0.0,0.0,0.0,48.79834267098479,44.35962636278325,50.91608811565543,16.259772620635506,7.0
2018-01-01 13:29:00,0.001,Off,0.0,0.0,37.34544564142565,51.0,45.44,2552.990687451885,0,5.628225535409649,0.0,50.83642913935766,0.0,0.0,0.0,48.79392752190086,44.356826553497804,50.91187224783307,16.27019633195581,7.0
2018-01-01 13:30:00,0.001,Off,0.0,0.0,37.34213362781847,51.0,45.44,2553.047351538846,0,5.628528034540141,0.0,50.8292541269638,0.0,0.0,0.0,48.789511503757964,44.354026997531925,50.907656193093004,16.280607683242543,7.0
2018-01-01 13:31:00,0.001,Off,0.0,0.0,37.338820963891564,51.0,45.44,2553.1039651349115,0,5.628830296465954,0.0,50.822084412296356,0.0,0.0,0.0,48.78509461852209,44.351227694935496,50.90343995354012,16.29100669425679,7.0
2018-01-01 13:32:00,0.001,Off,0.0,0.0,37.335507651293554,51.0,45.44,2553.160528332735,0,5.629132321606313,0.0,50.81491998634739,0.0,0.0,0.0,48.78067686839141,44.34842864575824,50.89922353127282,16.30139338471904,7.0
2018-01-01 13:33:00,0.001,Off,0.0,0.0,37.33219369156859,51.0,45.44,2553.2170412247524,0,5.62943411037952,0.0,50.807760840129426,0.0,0.0,0.0,48.77625825542479,44.3456298500498,50.89500692838298,16.311767774309267,7.0
2018-01-01 13:34:00,0.001,Off,0.0,0.0,37.328879086287934,51.0,45.44,2553.273503903183,0,5.62973566320296,0.0,50.800606964675396,0.0,0.0,0.0,48.77183878171724,44.34283130785966,50.890790146956064,16.322129882667024,7.0
2018-01-01 13:35:00,0.001,Off,0.0,0.0,37.32556383704215,51.0,45.44,2553.329916460035,0,5.63003698049311,0.0,50.793458351038595,0.0,0.0,0.0,48.76741844938953,44.340033019237225,50.88657318907107,16.33247972939156,7.0
2018-01-01 13:36:00,0.001,Off,0.0,0.0,37.32224794531736,51.0,45.44,2553.3862789870996,0,5.630338062665536,0.0,50.78631499029263,0.0,0.0,0.0,48.76299726042315,44.33723498423177,50.88235605680058,16.342817334041897,7.0
2018-01-01 13:37:00,0.001,Off,0.0,0.0,37.31893141278155,51.0,45.44,2553.4425915759543,0,5.630638910134892,0.0,50.77917687353136,0.0,0.0,0.0,48.75857521704207,44.334437202892424,50.87813875221079,16.353142716136926,7.0
2018-01-01 13:38:00,0.001,Off,0.0,0.0,37.31561424089374,51.0,45.44,2553.498854317965,0,5.630939523314929,0.0,50.77204399186886,0.0,0.0,0.0,48.754152321191654,44.331639675268214,50.87441521444471,16.363455895155518,7.0
2018-01-01 13:39:00,0.001,Off,0.0,0.0,37.31229643125223,51.0,45.44,2553.5550673042835,0,5.631239902618492,0.0,50.764916336439356,0.0,0.0,0.0,48.74972857500297,44.32884240140804,50.87123386933101,16.373756890536598,7.0
2018-01-01 13:40:00,0.001,Off,0.0,0.0,37.3089779854399,51.0,45.44,2553.6112306258515,0,5.631540048457527,0.0,50.75779389839717,0.0,0.0,0.0,48.745303980586534,44.32604538136071,50.86805276316662,16.384045721679257,7.0
2018-01-01 13:41:00,0.001,Off,0.0,0.0,37.30565890495444,51.0,45.44,2553.667344373396,0,5.63183996124308,0.0,50.75067666891667,0.0,0.0,0.0,48.74087853993926,44.32324861517487,50.86487189636199,16.39432240794284,7.0
2018-01-01 13:42:00,0.001,Off,0.0,0.0,37.302339191316825,51.0,45.44,2553.723408637438,0,5.632139641385297,0.0,50.743564639192236,0.0,0.0,0.0,48.7364522550891,44.3204521028991,50.86169126932231,16.404586968647042,7.0
2018-01-01 13:43:00,0.001,Off,0.0,0.0,37.29901884614469,51.0,45.44,2553.7794235082833,0,5.632439089293433,0.0,50.736457800438195,0.0,0.0,0.0,48.732025128192916,44.3176558445818,50.858510882447526,16.414839423071996,7.0
2018-01-01 13:44:00,0.001,Off,0.0,0.0,37.29569787096283,51.0,45.44,2553.835389076031,0,5.632738305375845,0.0,50.729356143888765,0.0,0.0,0.0,48.727597161283775,44.31485984027132,50.855330736132416,16.42507979045837,7.0
2018-01-01 13:45:00,0.001,Off,0.0,0.0,37.29237626725738,51.0,45.44,2553.8913054305713,0,5.633037290040004,0.0,50.722259660797995,0.0,0.0,0.0,48.72316835634318,44.312064090015824,50.85215083076656,16.435308090007464,7.0
2018-01-01 13:46:00,0.001,Off,0.0,0.0,37.28905403660731,51.0,45.44,2553.947172661582,0,5.633336043692493,0.0,50.71516834243976,0.0,0.0,0.0,48.71873871547641,44.30926859386342,50.8489711667344,16.445524340881306,7.0
2018-01-01 13:47:00,0.001,Off,0.0,0.0,37.28573118050258,51.0,45.44,2554.0029908585384,0,5.633634566739006,0.0,50.70808218010767,0.0,0.0,0.0,48.71430824067011,44.30647335186205,50.84579174441528,16.45572856220273,7.0
2018-01-01 13:48:00,0.001,Off,0.0,0.0,37.282407700471886,51.0,45.44,2554.058760110705,0,5.63393285958435,0.0,50.70100116511501,0.0,0.0,0.0,48.70987693396251,44.303678364059586,50.842612564183455,16.46592077305549,7.0
2018-01-01 13:49:00,0.001,Off,0.0,0.0,37.27908359811738,51.0,45.44,2554.1144805071376,0,5.634230922632457,0.0,50.69392528879473,0.0,0.0,0.0,48.70544479748985,44.300883630503726,50.839433626408116,16.476100992484334,7.0
2018-01-01 13:50:00,0.001,Off,0.0,0.0,37.27575887486717,51.0,45.44,2554.17015213669,0,5.634528756286374,0.0,50.686854542499354,0.0,0.0,0.0,48.70101183315623,44.298089151242095,50.83625493145344,16.4862692394951,7.0
2018-01-01 13:51:00,0.001,Off,0.0,0.0,37.27243353230408,51.0,45.44,2554.2257750880062,0,5.634826360948274,0.0,50.679788917600966,0.0,0.0,0.0,48.6965780430721,44.29529492632219,50.83307647967859,16.496425533054826,7.0
2018-01-01 13:52:00,0.001,Off,0.0,0.0,37.26910757189484,51.0,45.44,2554.281349449528,0,5.635123737019449,0.0,50.672728405491135,0.0,0.0,0.0,48.69214342919312,44.29250095579138,50.82989827143777,16.506569892091818,7.0
2018-01-01 13:53:00,0.001,Off,0.0,0.0,37.26578099519137,51.0,45.44,2554.336875309491,0,5.635420884900325,0.0,50.66567299758087,0.0,0.0,0.0,48.687707993588496,44.289707239696966,50.826720307080244,16.51670233549575,7.0
2018-01-01 13:54:00,0.001,Off,0.0,0.0,37.26245380366042,51.0,45.44,2554.392352755927,0,5.63571780499045,0.0,50.65862268530058,0.0,0.0,0.0,48.6832717382139,44.28691377808604,50.82354258695035,16.526822882117767,7.0
2018-01-01 13:55:00,0.001,Off,0.0,0.0,37.25912599888483,51.0,45.44,2554.4477818766622,0,5.636014497688508,0.0,50.651577460100015,0.0,0.0,0.0,48.678834665179764,44.28412057100568,50.82036511138757,16.536931550770554,7.0
2018-01-01 13:56:00,0.001,Off,0.0,0.0,37.25579758226168,51.0,45.44,2554.503162759322,0,5.636310963392312,0.0,50.64453731344821,0.0,0.0,0.0,48.67439677634891,44.281327618502765,50.817187880726465,16.54702836022845,7.0
2018-01-01 13:57:00,0.001,Off,0.0,0.0,37.25246855538933,51.0,45.44,2554.5584954913284,0,5.636607202498811,0.0,50.63750223683346,0.0,0.0,0.0,48.669958073852435,44.27853492062413,50.814010895296825,16.557113329227516,7.0
2018-01-01 13:58:00,0.001,Off,0.0,0.0,37.24913891971515,51.0,45.44,2554.6137801599016,0,5.636903215404096,0.0,50.63047222176324,0.0,0.0,0.0,48.6655185596202,44.275742477416465,50.810834155423606,16.567186476465654,7.0
2018-01-01 13:59:00,0.001,Off,0.0,0.0,37.26499285300449,51.0,45.44,2554.66901685206,0,5.637199002503389,0.0,50.759705397370304,0.0,0.0,0.0,48.686657137339324,44.272950288926296,50.7853185569167,16.57724782060266,7.0
2018-01-01 14:00:00,0.001,Off,0.0,0.0,37.26164287361799,51.0,45.44,2554.7242629131247,0,5.637494870853073,0.0,50.752563608624996,0.0,0.0,0.0,48.68219049815731,44.270156887608366,50.78109781412393,16.58729738026036,7.0
2018-01-01 14:01:00,0.001,Off,0.0,0.0,37.258292313108285,51.0,45.44,2554.7794610763985,0,5.637790513741185,0.0,50.74542700662934,0.0,0.0,0.0,48.677723084144375,44.267363742564235,50.776876885474174,16.59733517402265,7.0
2018-01-01 14:02:00,0.001,Off,0.0,0.0,37.25494117288406,51.0,45.44,2554.834611428548,0,5.63808593156151,0.0,50.73829558273346,0.0,0.0,0.0,48.673254897178744,44.26457085383839,50.77265577319243,16.607361220435617,7.0
2018-01-01 14:03:00,0.001,Off,0.0,0.0,37.25158945437339,51.0,45.44,2554.8897140560416,0,5.638381124706982,0.0,50.731169328306805,0.0,0.0,0.0,48.66878593916452,44.26177822147518,50.76843447949659,16.617375538007632,7.0
2018-01-01 14:04:00,0.001,Off,0.0,0.0,37.24823715912042,51.0,45.44,2554.944769045146,0,5.638676093569682,0.0,50.72404823473815,0.0,0.0,0.0,48.664316212160564,44.258985845518836,50.76421300659743,16.62737814520942,7.0
2018-01-01 14:05:00,0.001,Off,0.0,0.0,37.24488428851063,51.0,45.44,2554.99977648193,0,5.638970838540835,0.0,50.71693229343548,0.0,0.0,0.0,48.65984571801418,44.256193726013485,50.75999135669868,16.637369060474153,7.0
2018-01-01 14:06:00,0.001,Off,0.0,0.0,37.24153084398755,51.0,45.44,2555.054736452265,0,5.6392653600108185,0.0,50.709821495826,0.0,0.0,0.0,48.655374458650066,44.25340186300312,50.75576953199698,16.647348302197553,7.0
2018-01-01 14:07:00,0.001,Off,0.0,0.0,37.23817682696373,51.0,45.44,2555.1096490418204,0,5.639559658369161,0.0,50.70271583335605,0.0,0.0,0.0,48.65090243595164,44.250610256531665,50.751547534682004,16.657315888737966,7.0
2018-01-01 14:08:00,0.001,Off,0.0,0.0,37.23482223891755,51.0,45.44,2555.1645143360724,0,5.639853734004549,0.0,50.6956152974911,0.0,0.0,0.0,48.64642965189007,44.24781890664293,50.74732536693638,16.667271838416447,7.0
2018-01-01 14:09:00,0.001,Off,0.0,0.0,37.23146708131962,51.0,45.44,2555.2193324202967,0,5.64014758730482,0.0,50.688519879715635,0.0,0.0,0.0,48.64195610842616,44.24502781338056,50.74310303093578,16.677216169516875,7.0
2018-01-01 14:10:00,0.001,Off,0.0,0.0,37.228111355485765,51.0,45.44,2555.2741033795746,0,5.640441218656979,0.0,50.68142957153315,0.0,0.0,0.0,48.63748180731436,44.242236976788156,50.73888052884891,16.687148900285997,7.0
2018-01-01 14:11:00,0.001,Off,0.0,0.0,37.224755062929184,51.0,45.44,2555.32882729879,0,5.64073462844718,0.0,50.67434436446612,0.0,0.0,0.0,48.63300675057224,44.23944639690918,50.73465786283756,16.697070048933554,7.0
2018-01-01 14:12:00,0.001,Off,0.0,0.0,37.221398205101124,51.0,45.44,2555.3835042626333,0,5.641027817060747,0.0,50.6672642500559,0.0,0.0,0.0,48.62853094013484,44.23665607378699,50.73043503505662,16.706979633632354,7.0
2018-01-01 14:13:00,0.001,Off,0.0,0.0,37.21804078331354,51.0,45.44,2555.4381343555974,0,5.641320784882172,0.0,50.660189219862716,0.0,0.0,0.0,48.624054377751385,44.233866007464826,50.72621204765411,16.716877672518354,7.0
2018-01-01 14:14:00,0.001,Off,0.0,0.0,37.21468279906416,51.0,45.44,2555.4927176619813,0,5.641613532295104,0.0,50.65311926546562,0.0,0.0,0.0,48.61957706541887,44.23107619798582,50.72198890277115,16.72676418369075,7.0
2018-01-01 14:15:00,0.001,Off,0.0,0.0,37.211324253765525,51.0,45.44,2555.547254265892,0,5.641906059682368,0.0,50.64605437846241,0.0,0.0,0.0,48.6150990050207,44.22828664539302,50.71776560254209,16.736639185212077,7.0
2018-01-01 14:16:00,0.001,Off,0.0,0.0,37.20796514881474,51.0,45.44,2555.6017442512407,0,5.642198367425957,0.0,50.6389945504696,0.0,0.0,0.0,48.61062019841966,44.22549734972934,50.713542149094415,16.74650269510827,7.0
2018-01-01 14:17:00,0.001,Off,0.0,0.0,37.20460548564761,51.0,45.44,2555.6561877017452,0,5.642490455907039,0.0,50.631939773122376,0.0,0.0,0.0,48.60614064753015,44.22270831103758,50.70931854454888,16.756354731368774,7.0
2018-01-01 14:18:00,0.001,Off,0.0,0.0,37.20124526565733,51.0,45.44,2555.7105847009348,0,5.642782325505954,0.0,50.62489003807457,0.0,0.0,0.0,48.60166035420977,44.219919529360446,50.70581012556181,16.766195311946614,7.0
2018-01-01 14:19:00,0.001,Off,0.0,0.0,37.19788449023711,51.0,45.44,2555.7649353321417,0,5.643073976602221,0.0,50.61784533699856,0.0,0.0,0.0,48.597179320316144,44.21713100474056,50.702614853997446,16.77602445475849,7.0
2018-01-01 14:20:00,0.001,Off,0.0,0.0,37.19452316080728,51.0,45.44,2555.819239678511,0,5.643365409574539,0.0,50.610805661585275,0.0,0.0,0.0,48.592697547743036,44.21434273722038,50.69941908482522,16.785842177684856,7.0
2018-01-01 14:21:00,0.001,Off,0.0,0.0,37.191161278811386,51.0,45.44,2555.8734978229945,0,5.6436566248007844,0.0,50.6037710035441,0.0,0.0,0.0,48.58821503841518,44.211554726842316,50.69622281898672,16.795648498570017,7.0
2018-01-01 14:22:00,0.001,Off,0.0,0.0,37.18779884557294,51.0,45.44,2555.9277098483535,0,5.643947622658018,0.0,50.59674135460287,0.0,0.0,0.0,48.58373179409726,44.20876697364862,50.693026057423275,16.80544343522219,7.0
2018-01-01 14:23:00,0.001,Off,0.0,0.0,37.18443586249293,51.0,45.44,2555.9818758371607,0,5.644238403522486,0.0,50.58971670650782,0.0,0.0,0.0,48.579247816657244,44.20597947768148,50.68982880107603,16.815227005413615,7.0
2018-01-01 14:24:00,0.001,Off,0.0,0.0,37.1810723310265,51.0,45.44,2556.0359958717986,0,5.644528967769622,0.0,50.58269705102352,0.0,0.0,0.0,48.57476310803533,44.203192238982936,50.68663105088589,16.82499922688063,7.0
2018-01-01 14:25:00,0.001,Off,0.0,0.0,37.18941241080416,51.0,45.44,2556.0900700344605,0,5.644819315774048,0.0,50.65885905851329,0.0,0.0,0.0,48.58588321440555,44.20040525759495,50.68343280779352,16.834760117323754,7.0
2018-01-01 14:26:00,0.001,Off,0.0,0.0,37.18602308523706,51.0,45.44,2556.144098407153,0,5.645109447909574,0.0,50.65168235540825,0.0,0.0,0.0,48.581364113649414,44.19761763818987,50.68023407273937,16.844509694407762,7.0
2018-01-01 14:27:00,0.001,Off,0.0,0.0,37.182633273010865,51.0,45.44,2556.1980810716914,0,5.645399364549208,0.0,50.6445110115939,0.0,0.0,0.0,48.57684436401449,44.19483027806861,50.677034846663595,16.854247975761787,7.0
2018-01-01 14:28:00,0.001,Off,0.0,0.0,37.17924297531755,51.0,45.44,2556.2520181097066,0,5.645689066065148,0.0,50.63734501789625,0.0,0.0,0.0,48.57232396709007,44.192043177268374,50.67383513050608,16.863974978979396,7.0
2018-01-01 14:29:00,0.001,Off,0.0,0.0,37.17585219345361,51.0,45.44,2556.305909602642,0,5.645978552828792,0.0,50.630184365162215,0.0,0.0,0.0,48.567802924604806,44.189256335826315,50.6706349252064,16.87369072161867,7.0
2018-01-01 14:30:00,0.001,Off,0.0,0.0,37.172460928622584,51.0,45.44,2556.359755631753,0,5.646267825210738,0.0,50.62302904425953,0.0,0.0,0.0,48.56328123816344,44.18646975377948,50.66743423170382,16.883395221202285,7.0
2018-01-01 14:31:00,0.001,Off,0.0,0.0,37.16906918199325,51.0,45.44,2556.413556278113,0,5.64655688358078,0.0,50.615879046076756,0.0,0.0,0.0,48.55875890932433,44.183683431164816,50.66423305093732,16.893088495217615,7.0
2018-01-01 14:32:00,0.001,Off,0.0,0.0,37.16567695493174,51.0,45.44,2556.4673116226036,0,5.64684572830792,0.0,50.60873436152316,0.0,0.0,0.0,48.554235939908985,44.18089736801918,50.66103138384556,16.90277056111679,7.0
2018-01-01 14:33:00,0.001,Off,0.0,0.0,37.16228424852554,51.0,45.44,2556.5210217459285,0,5.647134359760359,0.0,50.60159498152871,0.0,0.0,0.0,48.54971233136739,44.17811156437931,50.657829231366875,16.912441436316783,7.0
2018-01-01 14:34:00,0.001,Off,0.0,0.0,37.1588910640595,51.0,45.44,2556.574686728601,0,5.6474227783055095,0.0,50.59446089704402,0.0,0.0,0.0,48.54518808541267,44.17532602028188,50.654626594439286,16.922101138199512,7.0
2018-01-01 14:35:00,0.001,Off,0.0,0.0,37.15549740273335,51.0,45.44,2556.6283066509545,0,5.6477109843099935,0.0,50.58733209904027,0.0,0.0,0.0,48.54066320364447,44.17254073576348,50.651423474000495,16.9317496841119,7.0
2018-01-01 14:36:00,0.001,Off,0.0,0.0,37.152103265808705,51.0,45.44,2556.681881593137,0,5.647998978139635,0.0,50.58020857850916,0.0,0.0,0.0,48.53613768774494,44.16975571086055,50.64821987098788,16.941387091365964,7.0
2018-01-01 14:37:00,0.001,Off,0.0,0.0,37.14870865441951,51.0,45.44,2556.7354116351153,0,5.6482867601594835,0.0,50.57309032646288,0.0,0.0,0.0,48.531611539226006,44.166970945609535,50.645015786338476,16.951013377238908,7.0
2018-01-01 14:38:00,0.001,Off,0.0,0.0,37.14531356985836,51.0,45.44,2556.78889685667,0,5.6485743307337914,0.0,50.56597733393404,0.0,0.0,0.0,48.527084759811146,44.16418644004667,50.641811220989005,16.960628558973188,7.0
2018-01-01 14:39:00,0.001,Off,0.0,0.0,37.1419180132669,51.0,45.44,2556.842337337402,0,5.64886169022603,0.0,50.55886959197562,0.0,0.0,0.0,48.52255735102254,44.161402194208186,50.638606175875836,16.970232653776595,7.0
2018-01-01 14:40:00,0.001,Off,0.0,0.0,37.13852198595323,51.0,45.44,2556.8957331567326,0,5.649148838998894,0.0,50.55176709166091,0.0,0.0,0.0,48.51802931460431,44.15861820813021,50.635400651935015,16.979825678822355,7.0
2018-01-01 14:41:00,0.001,Off,0.0,0.0,37.13512548902418,51.0,45.44,2556.949084393898,0,5.6494357774142925,0.0,50.54466982408348,0.0,0.0,0.0,48.51350065203224,44.1558344818487,50.632194650102214,16.989407651249188,7.0
2018-01-01 14:42:00,0.001,Off,0.0,0.0,37.131728523722046,51.0,45.44,2557.002391127957,0,5.649722505833356,0.0,50.53757778035708,0.0,0.0,0.0,48.508971364962726,44.153051015399626,50.6289881713128,16.9989785881614,7.0
2018-01-01 14:43:00,0.001,Off,0.0,0.0,37.12833109127361,51.0,45.44,2557.0556534377865,0,5.650009024616445,0.0,50.53049095161566,0.0,0.0,0.0,48.50444145503148,44.150267808818796,50.62578121650174,17.008538506628962,7.0
2018-01-01 14:44:00,0.001,Off,0.0,0.0,37.12493319281281,51.0,45.44,2557.108871402084,0,5.65029533412314,0.0,50.523409329013276,0.0,0.0,0.0,48.49991092375041,44.147484862141965,50.62257378660368,17.018087423687593,7.0
2018-01-01 14:45:00,0.001,Off,0.0,0.0,37.12153482962838,51.0,45.44,2557.1620450993682,0,5.650581434712249,0.0,50.51633290372403,0.0,0.0,0.0,48.49537977283784,44.144702175404774,50.619365882552906,17.027625356338827,7.0
2018-01-01 14:46:00,0.001,Off,0.0,0.0,37.11813600286972,51.0,45.44,2557.215174607979,0,5.650867326741812,0.0,50.50926166694202,0.0,0.0,0.0,48.490848003826294,44.141919748642756,50.61615750528332,17.03715232155011,7.0
2018-01-01 14:47:00,0.001,Off,0.0,0.0,37.114736713709455,51.0,45.44,2557.268260006077,0,5.651153010569099,0.0,50.50219560988132,0.0,0.0,0.0,48.48631561827927,44.139137581891404,50.61294865572848,17.046668336254868,7.0
2018-01-01 14:48:00,0.001,Off,0.0,0.0,37.11133696335504,51.0,45.44,2557.3213013716477,0,5.651438486550616,0.0,50.495134723775905,0.0,0.0,0.0,48.48178261780672,44.136355675186074,50.60973933482156,17.056173417352596,7.0
2018-01-01 14:49:00,0.001,Off,0.0,0.0,37.10793675302167,51.0,45.44,2557.3742987824967,0,5.651723755042099,0.0,50.488078999879605,0.0,0.0,0.0,48.47724900402889,44.133574028562045,50.60652954349538,17.065667581708933,7.0
2018-01-01 14:50:00,0.001,Off,0.0,0.0,37.10453608387811,51.0,45.44,2557.4272523162517,0,5.652008816398523,0.0,50.48102842946605,0.0,0.0,0.0,48.47271477850415,44.13079264205453,50.60331928268236,17.075150846155733,7.0
2018-01-01 14:51:00,0.001,Off,0.0,0.0,37.10113495709698,51.0,45.44,2557.480162050368,0,5.652293670974102,0.0,50.47398300382863,0.0,0.0,0.0,48.46817994279598,44.1280115156986,50.60010855331456,17.084623227491164,7.0
2018-01-01 14:52:00,0.001,Off,0.0,0.0,37.09773337390123,51.0,45.44,2557.5330280621215,0,5.652578319122293,0.0,50.46694271428043,0.0,0.0,0.0,48.46364449853497,44.125230649529286,50.59689735632365,17.094084742479758,7.0
2018-01-01 14:53:00,0.001,Off,0.0,0.0,37.09433133544797,51.0,45.44,2557.5858504286143,0,5.652862761195788,0.0,50.45990755215418,0.0,0.0,0.0,48.45910844726396,44.12245004358148,50.59368569264092,17.103535407852522,7.0
2018-01-01 14:54:00,0.001,Off,0.0,0.0,37.09092884289825,51.0,45.44,2557.6386292267716,0,5.65314699754653,0.0,50.452877508802224,0.0,0.0,0.0,48.454571790531006,44.11966969789003,50.59047356319725,17.11297524030699,7.0
2018-01-01 14:55:00,0.001,Off,0.0,0.0,37.087525897482735,51.0,45.44,2557.6913645333475,0,5.653431028525708,0.0,50.44585257559646,0.0,0.0,0.0,48.45003452997698,44.11688961248967,50.58726096892316,17.122404256507316,7.0
2018-01-01 14:56:00,0.001,Off,0.0,0.0,37.08412250031988,51.0,45.44,2557.7440564249187,0,5.653714854483756,0.0,50.43883274392827,0.0,0.0,0.0,48.44549666709317,44.11410978741504,50.58404791074875,17.131822473084345,7.0
2018-01-01 14:57:00,0.001,Off,0.0,0.0,37.08071865260163,51.0,45.44,2557.7967049778895,0,5.653998475770354,0.0,50.431818005208505,0.0,0.0,0.0,48.440958203468846,44.11133022270069,50.58083438960373,17.141229906635697,7.0
2018-01-01 14:58:00,0.001,Off,0.0,0.0,37.07731435550452,51.0,45.44,2557.8493102684906,0,5.654281892734444,0.0,50.42480835086741,0.0,0.0,0.0,48.43641914067269,44.108550918381106,50.5776204064174,17.150626573725834,7.0
2018-01-01 14:59:00,0.001,Off,0.0,0.0,37.073909610216624,51.0,45.44,2557.9018723727804,0,5.654565105724213,0.0,50.41780377235458,0.0,0.0,0.0,48.431879480288835,44.10577187449065,50.57440596211867,17.16001249088615,7.0
2018-01-01 15:00:00,0.001,Off,0.0,0.0,37.070504417879626,51.0,45.44,2557.954391366645,0,5.654848115087102,0.0,50.41080426113892,0.0,0.0,0.0,48.4273392238395,44.10299309106362,50.57119105763601,17.169387674615038,7.0
2018-01-01 15:01:00,0.001,Off,0.0,0.0,37.0670987796623,51.0,45.44,2558.006867325798,0,5.655130921169817,0.0,50.40380980870859,0.0,0.0,0.0,48.422798372883065,44.10021456813421,50.5679756938975,17.17875214137798,7.0
2018-01-01 15:02:00,0.001,Off,0.0,0.0,37.063692696744965,51.0,45.44,2558.059300325782,0,5.655413524318315,0.0,50.39682040657094,0.0,0.0,0.0,48.41825692899329,44.09743630573653,50.56475987183082,17.188105907607603,7.0
2018-01-01 15:03:00,0.001,Off,0.0,0.0,37.06028617027705,51.0,45.44,2558.1116904419687,0,5.655695924877817,0.0,50.3898360462525,0.0,0.0,0.0,48.41371489370274,44.0946583039046,50.56154359236321,17.197448989703776,7.0
2018-01-01 15:04:00,0.001,Off,0.0,0.0,37.056879201396356,51.0,45.44,2558.164037749559,0,5.655978123192804,0.0,50.38285671929887,0.0,0.0,0.0,48.40917226852848,44.09188056267235,50.558326856421466,17.206781404033674,7.0
2018-01-01 15:05:00,0.001,Off,0.0,0.0,37.05347179129486,51.0,45.44,2558.2163423235847,0,5.656260119607024,0.0,50.375882417274745,0.0,0.0,0.0,48.404629055059814,44.089103082073635,50.55510966493201,17.21610316693186,7.0
2018-01-01 15:06:00,0.001,Off,0.0,0.0,37.05006394109874,51.0,45.44,2558.268604238906,0,5.656541914463488,0.0,50.36891313176382,0.0,0.0,0.0,48.40008525479833,44.086325862142196,50.5518920188208,17.225414294700357,7.0
2018-01-01 15:07:00,0.001,Off,0.0,0.0,37.065577725886456,51.0,45.44,2558.3208235702155,0,5.656823508104478,0.0,50.49634595471308,0.0,0.0,0.0,48.42077030118194,44.083548902911694,50.54867391901338,17.23471480360873,7.0
2018-01-01 15:08:00,0.001,Off,0.0,0.0,37.062149966766775,51.0,45.44,2558.3730004314316,0,5.657104901084007,0.0,50.48926531275743,0.0,0.0,0.0,48.41619995568903,44.08077075687482,50.54545531848898,17.24400470989415,7.0
2018-01-01 15:09:00,0.001,Off,0.0,0.0,37.058721794267456,51.0,45.44,2558.4251349361007,0,5.65738609395436,0.0,50.4821898130912,0.0,0.0,0.0,48.41162905902328,44.077992873061916,50.54223617056531,17.253284029761485,7.0
2018-01-01 15:10:00,0.001,Off,0.0,0.0,37.055293209402436,51.0,45.44,2558.477227158108,0,5.657667087054129,0.0,50.475119447086776,0.0,0.0,0.0,48.40705761253658,44.075215251504616,50.53901647667338,17.262552779383366,7.0
2018-01-01 15:11:00,0.001,Off,0.0,0.0,37.051864213359835,51.0,45.44,2558.529277171172,0,5.657947880721183,0.0,50.468054206136095,0.0,0.0,0.0,48.40248561781311,44.072437892234475,50.53579623824172,17.271810974900262,7.0
2018-01-01 15:12:00,0.001,Off,0.0,0.0,37.048434807180676,51.0,45.44,2558.5812850488464,0,5.658228475292675,0.0,50.46099408165061,0.0,0.0,0.0,48.397913076240904,44.069660795282935,50.53257545669633,17.281058632420546,7.0
2018-01-01 15:13:00,0.001,Off,0.0,0.0,37.04500499196021,51.0,45.44,2558.6332508645182,0,5.658508871105038,0.0,50.45393906506124,0.0,0.0,0.0,48.39333998928028,44.06688396068139,50.529354133460714,17.290295768020595,7.0
2018-01-01 15:14:00,0.001,Off,0.0,0.0,37.04157476881298,51.0,45.44,2558.685174691408,0,5.658789068493993,0.0,50.44688914781831,0.0,0.0,0.0,48.38876635841731,44.06410738846111,50.52613226995591,17.299522397744845,7.0
2018-01-01 15:15:00,0.001,Off,0.0,0.0,37.03814413881875,51.0,45.44,2558.737056602574,0,5.659069067794541,0.0,50.4398443213915,0.0,0.0,0.0,48.38419218509167,44.06133107865332,50.52290986760043,17.308738537605866,7.0
2018-01-01 15:16:00,0.001,Off,0.0,0.0,37.03471310313468,51.0,45.44,2558.788896670908,0,5.659348869340983,0.0,50.432804577269806,0.0,0.0,0.0,48.379617470846235,44.058555031289124,50.51968692781033,17.31794420358444,7.0
2018-01-01 15:17:00,0.001,Off,0.0,0.0,37.03128166276696,51.0,45.44,2558.840694969141,0,5.659628473466896,0.0,50.42576990696148,0.0,0.0,0.0,48.37504221702261,44.055779246399574,50.51646345199917,17.327139411629634,7.0
2018-01-01 15:18:00,0.001,Off,0.0,0.0,37.02784981883405,51.0,45.44,2558.892451569838,0,5.659907880505157,0.0,50.41874030199399,0.0,0.0,0.0,48.37046642511206,44.0530037240156,50.51323944157804,17.336324177658877,7.0
2018-01-01 15:19:00,0.001,Off,0.0,0.0,37.02441757246211,51.0,45.44,2558.9441665454015,0,5.6601870907879315,0.0,50.411715753913974,0.0,0.0,0.0,48.365890096616155,44.05022846416813,50.51001489795555,17.34549851755803,7.0
2018-01-01 15:20:00,0.001,Off,0.0,0.0,37.02098492467286,51.0,45.44,2558.9958399680722,0,5.6604661046466855,0.0,50.40469625428716,0.0,0.0,0.0,48.361313232897146,44.0474534668879,50.50678982253787,17.35466244718146,7.0
2018-01-01 15:21:00,0.001,Off,0.0,0.0,37.01755187660797,51.0,45.44,2559.0474719099257,0,5.660744922412174,0.0,50.39768179469835,0.0,0.0,0.0,48.356735835477295,44.04467873220564,50.503564216728684,17.363815982352108,7.0
2018-01-01 15:22:00,0.001,Off,0.0,0.0,37.014118429296865,51.0,45.44,2559.099062442882,0,5.66102354441446,0.0,50.39067236675136,0.0,0.0,0.0,48.35215790572915,44.041904260151966,50.500338081929215,17.37295913886157,7.0
2018-01-01 15:23:00,0.001,Off,0.0,0.0,37.01068458386183,51.0,45.44,2559.150611638693,0,5.661301970982895,0.0,50.383667962068984,0.0,0.0,0.0,48.34757944514911,44.039130050757414,50.49711141953827,17.38209193247018,7.0
2018-01-01 15:24:00,0.001,Off,0.0,0.0,37.007250341378786,51.0,45.44,2559.202119568954,0,5.661580202446141,0.0,50.37666857229291,0.0,0.0,0.0,48.34300045517171,44.036356104052466,50.493884230952176,17.391214378907037,7.0
2018-01-01 15:25:00,0.001,Off,0.0,0.0,37.00381570291196,51.0,45.44,2559.253586305098,0,5.661858239132158,0.0,50.36967418908369,0.0,0.0,0.0,48.33842093721594,44.03358242006747,50.49065651756483,17.400326493870146,7.0
2018-01-01 15:26:00,0.001,Off,0.0,0.0,37.000380669548875,51.0,45.44,2559.3050119183995,0,5.662136081368216,0.0,50.362684804120725,0.0,0.0,0.0,48.33384089273183,44.030808998832725,50.48742828076769,17.40942829302643,7.0
2018-01-01 15:27:00,0.001,Off,0.0,0.0,36.996945242315064,51.0,45.44,2559.356396479972,0,5.662413729480885,0.0,50.35570040910218,0.0,0.0,0.0,48.32926032308676,44.02803584037844,50.48419952194977,17.418519792011836,7.0
2018-01-01 15:28:00,0.001,Off,0.0,0.0,36.99350942235995,51.0,45.44,2559.407740060769,0,5.66269118379605,0.0,50.348720995744905,0.0,0.0,0.0,48.32467922981326,44.025262944734756,50.48097024249768,17.427601006431395,7.0
2018-01-01 15:29:00,0.001,Off,0.0,0.0,36.99007321067039,51.0,45.44,2559.4590427315875,0,5.662968444638898,0.0,50.34174655578447,0.0,0.0,0.0,48.32009761422719,44.022490311931705,50.47774044379559,17.436671951859296,7.0
2018-01-01 15:30:00,0.001,Off,0.0,0.0,36.98663660835321,51.0,45.44,2559.510304563064,0,5.663245512333938,0.0,50.334777080975044,0.0,0.0,0.0,48.315515477804276,44.01971794199926,50.47451012722525,17.44573264383895,7.0
2018-01-01 15:31:00,0.001,Off,0.0,0.0,36.9831996164959,51.0,45.44,2559.5615256256774,0,5.663522387204981,0.0,50.32781256308939,0.0,0.0,0.0,48.310932821994534,44.01694583496731,50.471279294166,17.454783097883084,7.0
2018-01-01 15:32:00,0.001,Off,0.0,0.0,36.979762236139514,51.0,45.44,2559.612705989751,0,5.663799069575163,0.0,50.32085299391878,0.0,0.0,0.0,48.30634964818602,44.01417399086564,50.46804794599477,17.46382332947378,7.0
2018-01-01 15:33:00,0.001,Off,0.0,0.0,36.97632446832509,51.0,45.44,2559.6638457254476,0,5.664075559766928,0.0,50.31389836527297,0.0,0.0,0.0,48.30176595776678,44.01140240972398,50.464816084086074,17.472853354062572,7.0
2018-01-01 15:34:00,0.001,Off,0.0,0.0,36.98506487473538,51.0,45.44,2559.7149449027747,0,5.6643518581020444,0.0,50.3934967312808,0.0,0.0,0.0,48.31341983298051,44.00863109157198,50.46158370981204,17.481873187070505,7.0
2018-01-01 15:35:00,0.001,Off,0.0,0.0,36.9816006325773,51.0,45.44,2559.766003591585,0,5.664627964901596,0.0,50.38637818166812,0.0,0.0,0.0,48.3088008434364,44.00585910477781,50.458350824542386,17.4908828438882,7.0
2018-01-01 15:36:00,0.001,Off,0.0,0.0,36.97813606610883,51.0,45.44,2559.8170218615733,0,5.664903880485992,0.0,50.37926495525618,0.0,0.0,0.0,48.30418142147845,44.003087382998615,50.455117429644424,17.499882339875953,7.0
2018-01-01 15:37:00,0.001,Off,0.0,0.0,36.97467117616978,51.0,45.44,2559.8679997822787,0,5.665179605174961,0.0,50.372157042875735,0.0,0.0,0.0,48.299561568226366,44.00031592625916,50.45188352648301,17.508871690363755,7.0
2018-01-01 15:38:00,0.001,Off,0.0,0.0,36.971205963688924,51.0,45.44,2559.9189374230864,0,5.665455139287557,0.0,50.365054435378674,0.0,0.0,0.0,48.294941284918565,43.99754473458419,50.44864911642058,17.517850910651415,7.0
2018-01-01 15:39:00,0.001,Off,0.0,0.0,36.967740429579635,51.0,45.44,2559.969834853226,0,5.665730483142165,0.0,50.357957123638,0.0,0.0,0.0,48.29032057277285,43.99477380799839,50.44541420081714,17.526820016008596,7.0
2018-01-01 15:40:00,0.001,Off,0.0,0.0,36.96427457471653,51.0,45.44,2560.0206921417725,0,5.666005637056495,0.0,50.35086509854775,0.0,0.0,0.0,48.285699432955376,43.99200314652638,50.44217878103026,17.535779021674898,7.0
2018-01-01 15:41:00,0.001,Off,0.0,0.0,36.96080840000521,51.0,45.44,2560.071509357648,0,5.666280601347581,0.0,50.34377835102292,0.0,0.0,0.0,48.28107786667362,43.98923275019266,50.43894285841508,17.544727942859925,7.0
2018-01-01 15:42:00,0.001,Off,0.0,0.0,36.957341906304805,51.0,45.44,2560.1222865696213,0,5.6665553763318,0.0,50.33669687199945,0.0,0.0,0.0,48.276455875073076,43.98646261902173,50.43570643432435,17.553666794743346,7.0
2018-01-01 15:43:00,0.001,Off,0.0,0.0,36.95387509457124,51.0,45.44,2560.1730238463056,0,5.666829962324853,0.0,50.32962065243417,0.0,0.0,0.0,48.271833459428315,43.98369275303799,50.4324695101084,17.562595592474985,7.0
2018-01-01 15:44:00,0.001,Off,0.0,0.0,36.9504079656443,51.0,45.44,2560.223721256163,0,5.667104359641778,0.0,50.3225496833047,0.0,0.0,0.0,48.26721062085907,43.98092315226576,50.42923208711514,17.571514351174866,7.0
2018-01-01 15:45:00,0.001,Off,0.0,0.0,36.946940520410244,51.0,45.44,2560.2743788675043,0,5.6673785685969476,0.0,50.31548395560942,0.0,0.0,0.0,48.262587360546995,43.97815381672928,50.42599416669009,17.580423085933298,7.0
2018-01-01 15:46:00,0.001,Off,0.0,0.0,36.943472759801736,51.0,45.44,2560.3249967484862,0,5.667652589504079,0.0,50.308423460367464,0.0,0.0,0.0,48.257963679735646,43.97538474645281,50.422755750176385,17.589321811810937,7.0
2018-01-01 15:47:00,0.001,Off,0.0,0.0,36.94000468467795,51.0,45.44,2560.375574967115,0,5.667926422676216,0.0,50.30136818861857,0.0,0.0,0.0,48.2533395795706,43.97261594146042,50.41951683891476,17.598210543838853,7.0
2018-01-01 15:48:00,0.001,Off,0.0,0.0,36.936536295940584,51.0,45.44,2560.426113591246,0,5.668200068425756,0.0,50.29431813142311,0.0,0.0,0.0,48.24871506125412,43.96984740177621,50.41627743424354,17.607089297018607,7.0
2018-01-01 15:49:00,0.001,Off,0.0,0.0,36.933067594437205,51.0,45.44,2560.476612688583,0,5.668473527064432,0.0,50.28727327986199,0.0,0.0,0.0,48.24409012591627,43.967079127424135,50.41303753749872,17.615958086322305,7.0
2018-01-01 15:50:00,0.001,Off,0.0,0.0,36.929598581100464,51.0,45.44,2560.527072326679,0,5.668746798903322,0.0,50.28023362503662,0.0,0.0,0.0,48.239464774800624,43.96431111842815,50.40979715001387,17.624816926692684,7.0
2018-01-01 15:51:00,0.001,Off,0.0,0.0,35.5078859146779,51.0,45.44,2560.5774925729384,0,5.66901988425285,0.0,50.27319915806885,9.305220656226542,28072.577777777817,0.0,46.3438478862372,43.961543374812095,50.40655627312023,17.633665833043164,7.0
2018-01-01 15:52:00,0.001,Off,0.0,0.0,34.086522724476715,51.0,45.44,2616.539592521012,0,5.990901935971131,0.0,50.265940522082076,0.0,0.0,0.0,44.448696965968956,42.34821772571829,50.3868284128959,12.893781689046035,7.0
2018-01-01 15:53:00,0.001,Off,0.0,0.0,34.08357717511622,51.0,45.44,2616.5771224831374,0,5.991132157866443,0.0,50.258949076463935,0.0,0.0,0.0,44.44476956682162,42.3456674777451,50.38362283703864,12.90422932784642,7.0
2018-01-01 15:54:00,0.001,Off,0.0,0.0,34.08063094125566,51.0,45.44,2616.6146130346397,0,5.991362160005059,0.0,50.25196267209749,0.0,0.0,0.0,44.44084125500755,42.34311745510679,50.380417286500204,12.914664906611316,7.0
2018-01-01 15:55:00,0.001,Off,0.0,0.0,34.07768402464629,51.0,45.44,2616.652064257742,0,5.99159194282875,0.0,50.24498130059743,0.0,0.0,0.0,44.43691203286172,42.340567657855736,50.37721176112892,12.92508844595761,7.0
2018-01-01 15:56:00,0.001,Off,0.0,0.0,34.07473642700829,51.0,45.44,2616.68947623446,0,5.991821506778232,0.0,50.23800495359722,0.0,0.0,0.0,44.432981902677724,42.33801808604415,50.37400626077469,12.935499966456003,7.0
2018-01-01 15:57:00,0.001,Off,0.0,0.0,34.07178815023415,51.0,45.44,2616.726849046601,0,5.99205085229317,0.0,50.231033622749095,0.0,0.0,0.0,44.42905086697886,42.33546873972412,50.37080078528903,12.94589948863113,7.0
2018-01-01 15:58:00,0.001,Off,0.0,0.0,34.06883919610214,51.0,45.44,2616.7641827757607,0,5.992279979812178,0.0,50.224067299723984,0.0,0.0,0.0,44.425118928136186,42.332919618947635,50.367595334525014,12.956287032961674,7.0
2018-01-01 15:59:00,0.001,Off,0.0,0.0,34.06588956631316,51.0,45.44,2616.801477503332,0,5.992508889772817,0.0,50.21710597621148,0.0,0.0,0.0,44.42118608841755,42.33037072376648,50.36438990833731,12.96666261988049,7.0
2018-01-01 16:00:00,0.47166833350144644,Heat Pump On,2616.838733310499,5.548048379428622,-1379.2427240217698,51.0,48.22,2616.838733310499,1,5.9927375826116105,0.0,50.21014964391976,0.0,0.0,2616.838733310499,44.55965313627303,42.327822054232364,50.36118450658215,12.977026269774717,7.0
2018-01-01 16:01:00,0.4731741918604822,Heat Pump On,2611.4400457626293,5.518982418492988,-1374.4752761768486,51.0,48.22,2611.4400457626293,1,5.959821674285487,0.0,50.20319829457557,0.0,0.0,2611.4400457626293,44.84024986475788,42.47540679705853,50.40955314346766,13.069445649956853,7.0
2018-01-01 16:02:00,0.47464709939779615,Heat Pump On,2606.10395920301,5.4906138950590435,-1369.7543493041605,51.0,48.22,2606.10395920301,1,5.927717850914301,0.0,50.316676312640304,0.0,0.0,2606.10395920301,45.142904223041114,42.62266569044018,50.31667631264031,13.16202800050984,7.0
2018-01-01 16:03:00,0.47615620332454994,Heat Pump On,2600.58076377578,5.461612692680208,-1364.903429692013,51.0,48.22,2600.58076377578,1,5.894920538752084,0.0,50.30963738639288,0.0,0.0,2600.58076377578,45.422373607731515,42.76960106055616,50.394816391199676,13.25477377771165,7.0
2018-01-01 16:04:00,0.4776391675599684,Heat Pump On,2595.099015297187,5.433178833625214,-1360.0928085172118,51.0,48.22,2595.099015297187,1,5.862786679277779,0.0,50.33620898792914,0.0,0.0,2595.099015297187,45.70758798580346,42.91620350225838,50.33620898792914,13.347675618434915,7.0
2018-01-01 16:05:00,0.4791516646367426,Heat Pump On,2589.4537385411822,5.404246566698907,-1355.1599309385838,51.0,48.22,2589.4537385411822,1,5.83011152431234,0.0,50.329165526584944,0.0,0.0,2589.4537385411822,45.98591711779545,43.062475063949684,50.45950325450078,13.440733306342066,7.0
2018-01-01 16:06:00,0.4805538070740516,Heat Pump On,2584.1722056521676,5.377487739378072,-1350.5304060097108,51.0,48.22,2584.1722056521676,1,5.7999105037894445,0.0,50.39294351921231,0.0,0.0,2584.172205652168,46.27698273579426,43.208406758222125,50.39294351921231,13.533940205868063,7.0
2018-01-01 16:07:00,0.4820697122739364,Heat Pump On,2578.411016051349,5.348626869522484,-1345.5196275833591,51.0,48.22,2578.4110160513496,1,5.7673578532903615,0.0,50.385886885244,0.0,0.0,2578.411016051349,46.554177212978175,43.354018724155644,50.549777815149,13.627306199519698,7.0
2018-01-01 16:08:00,0.4834637884245614,Heat Pump On,2573.0668101460055,5.322150017751539,-1340.8542644592708,51.0,48.22,2573.066810146005,1,5.737512986689749,0.0,50.45431211273939,0.0,0.0,2573.0668101460055,46.84497316917623,43.49928423726135,50.454312112739395,13.720814771092531,7.0
2018-01-01 16:09:00,0.48498321849018594,Heat Pump On,2567.192814746104,5.29336421729828,-1335.7675741253674,51.0,48.22,2567.192814746104,1,5.7050856771052985,0.0,50.447241230210345,0.0,0.0,2567.192814746104,47.12101253805122,43.6442264416301,50.61081048578151,13.814477464689451,7.0
2018-01-01 16:10:00,0.4863802484311902,Heat Pump On,2561.7475690221663,5.266964637822017,-1331.0344761763981,51.0,48.22,2561.747569022166,1,5.675364790386229,0.0,50.51547071275888,0.0,0.0,2561.7475690221663,47.4106072181944,43.78881578720264,50.515470712758884,13.908276190815972,7.0
2018-01-01 16:11:00,0.48790334170052707,Heat Pump On,2555.763448991418,5.238257725564287,-1325.873570209736,51.0,48.22,2555.7634489914176,1,5.643066000341776,0.0,50.508385630425394,0.0,0.0,2555.763448991418,47.68546746966922,43.93307609579288,50.67161764942571,14.002222854922833,7.0
2018-01-01 16:12:00,0.48930345239842876,Heat Pump On,2550.219691013649,5.21193888682613,-1321.0743405208968,51.0,48.22,2550.2196910136495,1,5.613471959216107,0.0,50.5764130545065,0.0,0.0,2550.219691013649,47.97383595353176,44.07697729482831,50.57641305450652,14.0962990765187,7.0
2018-01-01 16:13:00,0.49083035401603936,Heat Pump On,2544.128146817527,5.183314613697241,-1315.8409230138257,51.0,48.22,2544.128146817527,1,5.581304808692066,0.0,50.569313822579424,0.0,0.0,2544.128146817527,48.24749364687523,44.22054387508517,50.732193341942406,14.19051711796831,7.0
2018-01-01 16:14:00,0.49223367855692723,Heat Pump On,2538.4884196746493,5.157079920083263,-1310.9771704310494,51.0,48.22,2538.48841967465,1,5.5518404236677386,0.0,50.637133007314766,0.0,0.0,2538.4884196746493,48.53461160886309,44.36374525131298,50.63713300731478,14.284858313568144,7.0
2018-01-01 16:15:00,0.4937645406015888,Heat Pump On,2532.2921689502764,5.128541968333739,-1305.6729518036555,51.0,48.22,2532.292168950277,1,5.5198079730173175,0.0,50.630019677428365,0.0,0.0,2532.2921689502764,48.807043875305226,44.50660657427157,50.792531736230046,14.37933527804552,7.0
2018-01-01 16:16:00,0.49516037073887914,Heat Pump On,2526.6033828574327,5.102596112623535,-1300.7820698533997,51.0,48.22,2526.6033828574323,1,5.490701815109518,0.0,50.702244323641125,0.0,0.0,2526.6033828574327,49.09375752646065,44.649096755963654,50.73458255917646,14.47392906632136,7.0
2018-01-01 16:17:00,0.49652869029869134,Heat Pump On,2520.99136499659,5.077232019523514,-1295.9628559290707,51.0,48.22,2520.9913649965897,1,5.462263599181795,0.0,50.75739708374516,0.0,0.0,2520.99136499659,49.37667916205646,44.79124409282223,50.75739708374518,14.568654031809995,7.0
2018-01-01 16:18:00,0.4980655991552709,Heat Pump On,2514.6471482185007,5.048827207667809,-1290.5583615234286,51.0,48.22,2514.6471482185007,1,5.430433944576635,0.0,50.75025583094415,0.0,0.0,2514.6471482185007,49.64728114440413,44.93305320699874,50.987201670950924,14.663511091167269,7.0
2018-01-01 16:19:00,0.4992836285332769,Heat Pump On,2509.5893258643237,5.026380162387122,-1286.1962950867337,51.0,48.22,2509.5893258643237,1,5.405293599932422,0.0,50.86734446094983,0.0,0.0,2509.5893258643237,49.94062020234287,45.07448279535585,50.867344460949845,14.758475804386975,7.0
2018-01-01 16:20:00,0.5008245622449177,Heat Pump On,2503.1537015857607,4.9980649718246974,-1280.7297109640544,51.0,48.22,2503.153701585761,1,5.3735974967109446,0.0,50.860177680565535,0.0,0.0,2503.1537015857607,50.21002800120323,45.21560536034721,51.09651957233948,14.853586944539247,7.0
2018-01-01 16:21:00,0.5020451236559873,Heat Pump On,2498.027489176592,4.975703122033105,-1276.3217947058265,51.0,48.22,2498.0274891765926,1,5.348578462017241,0.0,50.97684125577234,0.0,0.0,2498.027489176592,50.5020887170308,45.35634322352203,50.976841255772364,14.948799904784982,7.0
2018-01-01 16:22:00,0.5035902353599376,Heat Pump On,2491.502888243712,4.947480537351816,-1270.7946377299893,51.0,48.22,2491.5028882437123,1,5.317018367508059,0.0,50.96964905242098,0.0,0.0,2491.502888243712,50.77028423106913,45.49677021279057,51.20536913248677,15.044154175110922,7.0
2018-01-01 16:23:00,0.5048134453317851,Heat Pump On,2486.3103064085203,4.925206191317686,-1266.342142912479,51.0,48.22,2486.3103064085203,1,5.292122503332516,0.0,51.085879430412746,0.0,0.0,2486.3103064085203,51.061047197555126,45.636807464754,51.08587943041277,15.139604501149986,7.0
2018-01-01 16:24:00,0.5063628941974205,Heat Pump On,2479.6991648828102,4.897079136916431,-1260.7559290434674,51.0,48.22,2479.6991648828102,1,5.260700821826336,0.0,51.078661910576784,0.0,0.0,2479.6991648828102,51.328012811853114,45.77653010931786,51.31374270958472,15.235191077274331,7.0
2018-01-01 16:25:00,0.5075888736854645,Heat Pump On,2474.4422354837616,4.874894552982438,-1256.2601244269417,51.0,48.22,2474.442235483762,1,5.235929945169738,0.0,51.194451152398635,0.0,0.0,2474.4422354837616,51.61745914657922,45.915858121867956,51.19445115239864,15.330868014896467,7.0
2018-01-01 16:26:00,0.509142825019096,Heat Pump On,2467.7469931029054,4.846865892709673,-1250.6163676351098,51.0,48.22,2467.7469931029054,1,5.204649027439184,0.0,51.18720842437903,0.0,0.0,2467.7469931029054,51.88317773360586,46.05486791061309,51.421632868561495,15.42667620011713,7.0
2018-01-01 16:27:00,0.5103716994752366,Heat Pump On,2462.4277380211765,4.82477327906904,-1246.0785186306593,51.0,48.22,2462.427738021177,1,5.180004911397657,0.0,51.30254879500884,0.0,0.0,2462.4277380211765,52.17128907954839,46.19347831359867,51.30254879500884,15.522569123511346,7.0
2018-01-01 16:28:00,0.5119303248279209,Heat Pump On,2455.6508366824683,4.7968458158986875,-1240.3787298245356,51.0,48.22,2455.6508366824683,1,5.148867054256784,0.0,51.295280968877364,0.0,0.0,2455.6508366824683,52.4357439992873,46.331766993432744,51.52903238124621,15.618588350135973,7.0
2018-01-01 16:29:00,0.5131622242712081,Heat Pump On,2450.2712766238947,4.774847330400761,-1235.8000976586507,51.0,48.22,2450.2712766238947,1,5.124351427715731,0.0,51.41016493756829,0.0,0.0,2450.2712766238947,52.722502525496566,46.46965167482027,51.4101649375683,15.714686763177186,7.0
2018-01-01 16:30:00,0.5147257015497405,Heat Pump On,2443.4151588914756,4.747023806145332,-1230.0457836261376,51.0,48.22,2443.415158891476,1,5.093358873619011,0.0,51.40287212511962,0.0,0.0,2443.4151588914756,52.98567762587709,46.60721125067099,51.63593422640871,15.81090659376977,7.0
2018-01-01 16:31:00,0.5159607606390428,Heat Pump On,2437.977312212991,4.725121556130423,-1225.427624518502,51.0,48.22,2437.977312212991,1,5.068973420978667,0.0,51.517292365615816,0.0,0.0,2437.977312212991,53.27106602707181,46.744362356457216,51.51729236561582,15.907200131215886,7.0
2018-01-01 16:32:00,0.5175292742203166,Heat Pump On,2431.0444198501145,4.697404651191188,-1219.6202868828586,51.0,48.22,2431.044419850115,1,5.038128357659254,0.0,51.509974680319694,0.0,0.0,2431.0444198501145,53.53294564374437,46.88118509111765,51.742331589675565,16.00361025975415,7.0
2018-01-01 16:33:00,0.5187676323291205,Heat Pump On,2425.5503014078795,4.675600693354445,-1214.963851236745,51.0,48.22,2425.55030140788,1,5.013874718591572,0.0,51.623924070947055,0.0,0.0,2425.5503014078795,53.816947140314824,47.017595025090756,51.62392407094706,16.100088688354376,7.0
2018-01-01 16:34:00,0.5203413731780362,Heat Pump On,2418.5430739353387,4.647993026508441,-1209.1049854277187,51.0,48.22,2418.5430739353387,1,4.983179278738622,0.0,51.616581627900395,0.0,0.0,2418.5430739353387,54.07751609613479,47.15367343891438,51.84821786332547,16.19667894129875,7.0
2018-01-01 16:35:00,0.521382576980338,Heat Pump On,2413.8920813461136,4.629790460829198,-1205.13145797105,51.0,48.22,2413.8920813461136,1,4.962949323416442,0.0,51.76337102865006,0.0,0.0,2413.892081346114,54.36641988048268,47.28933486226639,51.763371028650084,16.29333216081399,7.0
2018-01-01 16:36:00,0.5229612951376582,Heat Pump On,2406.818236271645,4.602287508940987,-1199.226261635603,51.0,48.22,2406.818236271645,1,4.932395786827028,0.0,51.75599620880718,0.0,0.0,2406.818236271645,54.625759350437875,47.42471285862109,52.0573585872805,16.390120641355562,7.0
2018-01-01 16:37:00,0.5238817052073471,Heat Pump On,2402.6823898579282,4.58630711089056,-1195.6705836209371,51.0,48.22,2402.6823898579282,1,4.914649830962461,0.0,51.922456651712025,0.0,0.0,2402.6823898579282,54.91715766459538,47.55967011285516,51.92245665171204,16.48696711223934,7.0
2018-01-01 16:38:00,0.5254652935846489,Heat Pump On,2395.547181376306,4.558906574084516,-1189.7225599276062,51.0,48.22,2395.547181376306,1,4.884233834096685,0.0,51.9150448953674,0.0,0.0,2395.547181376306,55.17531468651714,47.694373353526075,52.215545600025614,16.583962110736472,7.0
2018-01-01 16:39:00,0.001,Off,0.0,0.0,42.2514561918023,51.0,48.22,2391.381846125146,0,4.8665923985108925,0.0,52.0808389584688,0.0,0.0,0.0,55.335274922403066,47.8286523991884,52.08083895846882,16.68101036038486,7.0
2018-01-01 16:40:00,0.001,Off,0.0,0.0,42.24925857229939,51.0,48.22,2391.5484584276464,0,4.867296451597302,0.0,52.07339042891842,0.0,0.0,0.0,55.332344763065855,47.825477532829,52.077536346748076,16.70320638623862,7.0
2018-01-01 16:41:00,0.001,Off,0.0,0.0,42.24705626770715,51.0,48.22,2391.7148224732814,0,4.867999588010871,0.0,52.065947308889314,0.0,0.0,0.0,55.329408356942864,47.82230283458776,52.07423407501983,16.725362095255036,7.0
2018-01-01 16:42:00,0.001,Off,0.0,0.0,42.244849289535104,51.0,48.22,2391.880938869865,0,4.868701809809053,0.0,52.05850958936011,0.0,0.0,0.0,55.32646571938014,47.819128304823074,52.07093214324907,16.747477575043344,7.0
2018-01-01 16:43:00,0.001,Off,0.0,0.0,42.24263764927732,51.0,48.22,2392.0468082234356,0,4.869403119043963,0.0,52.05107726132965,0.0,0.0,0.0,55.32351686570309,47.81595394389248,52.06763055140077,16.769552912993618,7.0
2018-01-01 16:44:00,0.001,Off,0.0,0.0,42.24042135842397,51.0,48.22,2392.2124311382618,0,4.870103517762405,0.0,52.043650315816905,0.0,0.0,0.0,55.32056181123196,47.812779752152636,52.064329299439905,16.791588196277367,7.0
2018-01-01 16:45:00,0.001,Off,0.0,0.0,42.23820042839171,51.0,48.22,2392.377808216845,0,4.870803008005872,0.0,52.03622874386093,0.0,0.0,0.0,55.31760057118894,47.80960572995931,52.06102838733143,16.813583511848133,7.0
2018-01-01 16:46:00,0.001,Off,0.0,0.0,42.235974870670724,51.0,48.22,2392.5429400599296,0,4.87150159181057,0.0,52.02881253652086,0.0,0.0,0.0,55.314633160894296,47.80643187766741,52.0577278150403,16.83553894644208,7.0
2018-01-01 16:47:00,0.001,Off,0.0,0.0,42.23374469658481,51.0,48.22,2392.707827266506,0,4.872199271207434,0.0,52.02140168487578,0.0,0.0,0.0,55.311659595446415,47.80325819563092,52.054427582531424,16.8574545865786,7.0
2018-01-01 16:48:00,0.001,Off,0.0,0.0,42.231509917542866,51.0,48.22,2392.872470433816,0,4.872896048222136,0.0,52.013996180024726,0.0,0.0,0.0,55.30867989005715,47.800084684203,52.05112768976967,16.879330518560877,7.0
2018-01-01 16:49:00,0.001,Off,0.0,0.0,42.229270544849285,51.0,48.22,2393.0368701573616,0,4.8735919248751,0.0,52.00659601308663,0.0,0.0,0.0,55.305694059799045,47.79691134373597,52.04782813671989,16.90116682847651,7.0
2018-01-01 16:50:00,0.001,Off,0.0,0.0,42.22702658985497,51.0,48.22,2393.2010270309074,0,4.874286903181528,0.0,51.99920117520027,0.0,0.0,0.0,55.30270211980663,47.79373817458122,52.04452892334691,16.922963602198067,7.0
2018-01-01 16:51:00,0.001,Off,0.0,0.0,42.22477806380243,51.0,48.22,2393.3649416464873,0,4.874980985151403,0.0,51.99181165752421,0.0,0.0,0.0,55.299704085069905,47.79056517708928,52.041230049615464,16.94472092538369,7.0
2018-01-01 16:52:00,0.001,Off,0.0,0.0,42.222524977937994,51.0,48.22,2393.528614594413,0,4.875674172789506,0.0,51.984427451236726,0.0,0.0,0.0,55.296699970583994,47.78739235160986,52.03793151549029,16.966438883477675,7.0
2018-01-01 16:53:00,0.001,Off,0.0,0.0,42.2202673434926,51.0,48.22,2393.692046463274,0,4.8763664680954335,0.0,51.977048547535816,0.0,0.0,0.0,55.293689791323466,47.784219698491775,52.03463332093604,16.988117561711046,7.0
2018-01-01 16:54:00,0.001,Off,0.0,0.0,42.218005171631326,51.0,48.22,2393.855237839947,0,4.877057873063607,0.0,51.969674937639105,0.0,0.0,0.0,55.2906735621751,47.781047218083,52.031335465917316,17.009757045102155,7.0
2018-01-01 16:55:00,0.001,Off,0.0,0.0,42.215738473592786,51.0,48.22,2394.0181893096046,0,4.877748389683299,0.0,51.96230661278381,0.0,0.0,0.0,55.28765129812371,47.77787491073063,52.02803795039866,17.031357418457237,7.0
2018-01-01 16:56:00,0.001,Off,0.0,0.0,42.21346726045698,51.0,48.22,2394.1809014557107,0,4.87843801993863,0.0,51.95494356422669,0.0,0.0,0.0,55.28462301394264,47.77470277678094,52.02474077434455,17.052918766371004,7.0
2018-01-01 16:57:00,0.001,Off,0.0,0.0,42.21119154331934,51.0,48.22,2394.343374860039,0,4.879126765808601,0.0,51.94758578324398,0.0,0.0,0.0,55.28158872442578,47.771530816579336,52.02144393771939,17.074441173227207,7.0
2018-01-01 16:58:00,0.001,Off,0.0,0.0,42.20891133331396,51.0,48.22,2394.5056101026685,0,4.87981462926709,0.0,51.94023326113136,0.0,0.0,0.0,55.27854844441861,47.76835903047036,52.0181474404875,17.09592472319923,7.0
2018-01-01 16:59:00,0.001,Off,0.0,0.0,42.20662664145121,51.0,48.22,2394.6676077619945,0,4.880501612282889,0.0,51.93288598920392,0.0,0.0,0.0,55.275502188601614,47.765187418797716,52.01485128261314,17.117369500250632,7.0
2018-01-01 17:00:00,0.001,Off,0.0,0.0,42.20433747875681,45.44,42.66,2394.82936841473,0,4.8811877168196895,0.0,51.92554395879606,0.0,0.0,0.0,55.272449971675755,47.76201598190427,52.011555464060464,17.138775588135744,7.0
2018-01-01 17:01:00,0.001,Off,0.0,0.0,42.202043856287546,45.44,42.66,2394.9908926359167,0,4.881872944836123,0.0,51.91820716126151,0.0,0.0,0.0,55.26939180838339,47.758844720132046,52.008259984793554,17.160143070400228,7.0
2018-01-01 17:02:00,0.001,Off,0.0,0.0,42.199745784922094,45.44,42.66,2395.152180998923,0,4.882557298285758,0.0,51.91087558797322,0.0,0.0,0.0,55.26632771322946,47.75567363382223,52.00496484477639,17.18147203038164,7.0
2018-01-01 17:03:00,0.001,Off,0.0,0.0,42.19744327565145,45.44,42.66,2395.31323407546,0,4.883240779117129,0.0,51.90354923032335,0.0,0.0,0.0,55.2632577008686,47.75250272331514,52.00167004397286,17.202762551210004,7.0
2018-01-01 17:04:00,0.001,Off,0.0,0.0,42.207674840797154,45.44,42.66,2395.4740524355743,0,4.883923389273731,0.0,51.98533409464931,0.0,0.0,0.0,55.27689978772954,47.74933198895028,51.99837558234675,17.224014715808366,7.0
2018-01-01 17:05:00,0.001,Off,0.0,0.0,42.20533702611408,45.44,42.66,2395.6346366476632,0,4.884605130694053,0.0,51.977839228965685,0.0,0.0,0.0,55.27378270148544,47.74616047186945,51.99508145985135,17.245228606893367,7.0
2018-01-01 17:06:00,0.001,Off,0.0,0.0,42.202994867916374,45.44,42.66,2395.794987278476,0,4.88528600531158,0.0,51.970349972380845,0.0,0.0,0.0,55.270659823888494,47.74298913363175,51.99178767639833,17.2664043069758,7.0
2018-01-01 17:07:00,0.001,Off,0.0,0.0,42.200648376776996,45.44,42.66,2395.9551048931216,0,4.885966015054814,0.0,51.96286631527967,0.0,0.0,0.0,55.267531169036,47.73981797456941,51.98849423188935,17.28754189836116,7.0
2018-01-01 17:08:00,0.001,Off,0.0,0.0,42.198297563458574,45.44,42.66,2396.114990055069,0,4.886645161847283,0.0,51.95538824806897,0.0,0.0,0.0,55.2643967512781,47.73664699501393,51.985201126226464,17.30864146315021,7.0
2018-01-01 17:09:00,0.001,Off,0.0,0.0,42.19594243847994,45.44,42.66,2396.27464332616,0,4.887323447607557,0.0,51.94791576117745,0.0,0.0,0.0,55.261256584639916,47.73347619529595,51.98190835931211,17.329703083239544,7.0
2018-01-01 17:10:00,0.001,Off,0.0,0.0,42.19358301244885,45.44,42.66,2396.434065266608,0,4.888000874249264,0.0,51.94044884505564,0.0,0.0,0.0,55.25811068326513,47.73030557574532,51.978615931049134,17.350726840322125,7.0
2018-01-01 17:11:00,0.001,Off,0.0,0.0,42.19121929596929,45.44,42.66,2396.5932564350073,0,4.888677443681098,0.0,51.93298749017585,0.0,0.0,0.0,55.25495906129238,47.727135136691054,51.97532384134077,17.371712815887847,7.0
2018-01-01 17:12:00,0.001,Off,0.0,0.0,42.188851299575525,45.44,42.66,2396.752217388334,0,4.889353157806836,0.0,51.925531687032084,0.0,0.0,0.0,55.25180173276737,47.72396487846139,51.97203209009061,17.392661091224085,7.0
2018-01-01 17:13:00,0.001,Off,0.0,0.0,42.18647903374767,45.44,42.66,2396.910948681959,0,4.890028018525359,0.0,51.91808142614003,0.0,0.0,0.0,55.24863871166357,47.72079480138372,51.968740677202625,17.413571747416242,7.0
2018-01-01 17:14:00,0.001,Off,0.0,0.0,42.18410250906257,45.44,42.66,2397.0694508696447,0,4.8907020277306525,0.0,51.91063669803696,0.0,0.0,0.0,55.24547001208343,47.71762490578468,51.96544960258117,17.434444865348304,7.0
2018-01-01 17:15:00,0.001,Off,0.0,0.0,42.18172173584166,45.44,42.66,2397.2277245035557,0,4.891375187311828,0.0,51.90319749328171,0.0,0.0,0.0,55.242295647788886,47.714455191990055,51.96215886613091,17.455280525703376,7.0
2018-01-01 17:16:00,0.001,Off,0.0,0.0,42.17933672464629,45.44,42.66,2397.385770134261,0,4.892047499153136,0.0,51.8957638024546,0.0,0.0,0.0,55.239115632861726,47.71128566032486,51.95886846775692,17.476078808964235,7.0
2018-01-01 17:17:00,0.001,Off,0.0,0.0,42.176947485790194,45.44,42.66,2397.543588310742,0,4.892718965133982,0.0,51.8883356161574,0.0,0.0,0.0,55.235929981053594,47.70811631111333,51.95557840736459,17.496839795413866,7.0
2018-01-01 17:18:00,0.001,Off,0.0,0.0,42.17455402971088,45.44,42.66,2397.701179580395,0,4.893389587128927,0.0,51.88091292501324,0.0,0.0,0.0,55.232738706281175,47.70494714467884,51.95228868485965,17.51756356513601,7.0
2018-01-01 17:19:00,0.001,Off,0.0,0.0,42.172156366756845,45.44,42.66,2397.8585444890386,0,4.894059367007719,0.0,51.87349571966661,0.0,0.0,0.0,55.22954182234246,47.70177816134403,51.94899930014817,17.53825019801571,7.0
2018-01-01 17:20:00,0.001,Off,0.0,0.0,42.16975450725343,45.44,42.66,2398.0156835809157,0,4.894728306635299,0.0,51.86608399078323,0.0,0.0,0.0,55.22633934300457,47.69860936143073,51.945710253136525,17.558899773739828,7.0
2018-01-01 17:21:00,0.001,Off,0.0,0.0,42.16734846149879,45.44,42.66,2398.1725973987036,0,4.895396407871809,0.0,51.858677729050086,0.0,0.0,0.0,55.22313128199839,47.69544074525995,51.94242154373144,17.579512371797602,7.0
2018-01-01 17:22:00,0.001,Off,0.0,0.0,42.164938239783474,45.44,42.66,2398.329286483513,0,4.896063672572613,0.0,51.8512769251753,0.0,0.0,0.0,55.21991765304463,47.69227231315197,51.93913317183994,17.600088071481174,7.0
2018-01-01 17:23:00,0.001,Off,0.0,0.0,42.16252385233209,45.44,42.66,2398.485751374899,0,4.896730102588308,0.0,51.843881569888104,0.0,0.0,0.0,55.21669846977613,47.68910406542624,51.935845137369355,17.620626951886127,7.0
2018-01-01 17:24:00,0.001,Off,0.0,0.0,42.1601053094274,45.44,42.66,2398.6419926108615,0,4.897395699764734,0.0,51.8364916539388,0.0,0.0,0.0,55.2134737459032,47.68593600240145,51.93255744022733,17.64112909191201,7.0
2018-01-01 17:25:00,0.001,Off,0.0,0.0,42.15768262121668,45.44,42.66,2398.7980107278527,0,4.898060465942993,0.0,51.82910716809868,0.0,0.0,0.0,55.21024349495557,47.68276812439546,51.929270080321785,17.661594570262878,7.0
2018-01-01 17:26:00,0.001,Off,0.0,0.0,42.15525579787815,45.44,42.66,2398.9538062607817,0,4.8987244029594565,0.0,51.821728103159984,0.0,0.0,0.0,55.207007730504195,47.67960043172541,51.92598305756094,17.682023465447813,7.0
2018-01-01 17:27:00,0.001,Off,0.0,0.0,42.15282484959394,45.44,42.66,2399.1093797430185,0,4.899387512645784,0.0,51.81435444993585,0.0,0.0,0.0,55.20376646612526,47.67643292470765,51.922696371853306,17.702415855781464,7.0
2018-01-01 17:28:00,0.001,Off,0.0,0.0,42.150389786495836,45.44,42.66,2399.264731706401,0,4.90004979682893,0.0,51.806986199260244,0.0,0.0,0.0,55.20051971532778,47.673265603657725,51.919410023107666,17.722771819384555,7.0
2018-01-01 17:29:00,0.001,Off,0.0,0.0,42.14795061865371,45.44,42.66,2399.419862681239,0,4.9007112573311655,0.0,51.79962334198794,0.0,0.0,0.0,55.19726749153828,47.6700984688904,51.916124011233066,17.74309143418443,7.0
2018-01-01 17:30:00,0.001,Off,0.0,0.0,42.14550735612971,45.44,42.66,2399.5747731963174,0,4.901371895970087,0.0,51.79226586899443,0.0,0.0,0.0,55.19400980817295,47.666931520719714,51.91283833613885,17.76337477791556,7.0
2018-01-01 17:31:00,0.001,Off,0.0,0.0,42.1430600090208,45.44,42.66,2399.7294637789023,0,4.90203171455862,0.0,51.78491377117588,0.0,0.0,0.0,55.190746678694396,47.663764759458914,51.90955299773458,17.783621928120073,7.0
2018-01-01 17:32:00,0.001,Off,0.0,0.0,42.14060858728074,45.44,42.66,2399.8839349547497,0,4.90269071490505,0.0,51.7775670394491,0.0,0.0,0.0,55.187478116374315,47.660598185420454,51.9062679959301,17.803832962148274,7.0
2018-01-01 17:33:00,0.001,Off,0.0,0.0,42.138153100998785,45.44,42.66,2400.038187248103,0,4.903348898813025,0.0,51.77022566475148,0.0,0.0,0.0,55.184204134665045,47.65743179891604,51.90298333063551,17.82400795715916,7.0
2018-01-01 17:34:00,0.001,Off,0.0,0.0,42.135693560089976,45.44,42.66,2400.1922211817046,0,4.904006268081564,0.0,51.7628896380409,0.0,0.0,0.0,55.18092474678664,47.65426560025662,51.899699001761114,17.844146990120944,7.0
2018-01-01 17:35:00,0.001,Off,0.0,0.0,42.13322997453133,45.44,42.66,2400.346037276797,0,4.904662824505081,0.0,51.755558950295736,0.0,0.0,0.0,55.177639966041774,47.6510995897524,51.8964150092175,17.864250137811563,7.0
2018-01-01 17:36:00,0.001,Off,0.0,0.0,42.13076235421084,45.44,42.66,2400.4996360531272,0,4.905318569873391,0.0,51.74823359251477,0.0,0.0,0.0,55.17434980561445,47.64793376771274,51.89313135291547,17.884317476819195,7.0
2018-01-01 17:37:00,0.001,Off,0.0,0.0,42.12829070904354,45.44,42.66,2400.653018028956,0,4.905973505971725,0.0,51.740913555717164,0.0,0.0,0.0,55.17105427872472,47.64476813444635,51.88984803276605,17.904349083542773,7.0
2018-01-01 17:38:00,0.001,Off,0.0,0.0,42.12581504892519,45.44,42.66,2400.806183721058,0,4.906627634580742,0.0,51.73359883094237,0.0,0.0,0.0,55.16775339856692,47.6416026902611,51.886565048680495,17.924345034192502,7.0
2018-01-01 17:39:00,0.001,Off,0.0,0.0,42.12333538369735,45.44,42.66,2400.959133644728,0,4.907280957476538,0.0,51.7262894092501,0.0,0.0,0.0,55.16444717826313,47.63843743546414,51.88328240057027,17.944305404790356,7.0
2018-01-01 17:40:00,0.001,Off,0.0,0.0,42.120851723162815,45.44,42.66,2401.1118683137856,0,4.907933476430669,0.0,51.718985281720286,0.0,0.0,0.0,55.161135630883756,47.635272370361875,51.88000008834706,17.9642302711706,7.0
2018-01-01 17:41:00,0.001,Off,0.0,0.0,42.11836407720571,45.44,42.66,2401.264388240583,0,4.9085851932101505,0.0,51.711686439453025,0.0,0.0,0.0,55.157818769607616,47.632107495259945,51.87671811192274,17.98411970898028,7.0
2018-01-01 17:42:00,0.001,Off,0.0,0.0,42.11587245542766,45.44,42.66,2401.4166939360034,0,4.909236109577481,0.0,51.704392873568494,0.0,0.0,0.0,55.15449660723688,47.62894281046321,51.87343647120941,18.00397379367975,7.0
2018-01-01 17:43:00,0.001,Off,0.0,0.0,42.11337686780951,45.44,42.66,2401.5687859094714,0,4.909886227290649,0.0,51.69710457520694,0.0,0.0,0.0,55.151169157079345,47.62577831627585,51.870155166119346,18.02379260054317,7.0
2018-01-01 17:44:00,0.001,Off,0.0,0.0,42.11087732387547,45.44,42.66,2401.720664668956,0,4.9105355481031445,0.0,51.689821535528615,0.0,0.0,0.0,55.147836431833966,47.62261401300124,51.86687419656501,18.043576204658994,7.0
2018-01-01 17:45:00,0.001,Off,0.0,0.0,42.10837383343999,45.44,42.66,2401.8723307209752,0,4.911184073763982,0.0,51.68254374571371,0.0,0.0,0.0,55.14449844458665,47.61944990094203,51.863593562459066,18.06332468093048,7.0
2018-01-01 17:46:00,0.001,Off,0.0,0.0,42.10586640615885,45.44,42.66,2402.0237845705974,0,4.911831806017696,0.0,51.67527119696233,0.0,0.0,0.0,55.1411552082118,47.61628598040015,51.860313263714346,18.0830381040762,7.0
2018-01-01 17:47:00,0.001,Off,0.0,0.0,42.12492019119593,45.44,42.66,2402.28016690235,0,4.912928552310513,0.0,51.82116769604554,0.0,0.0,0.0,55.16656025492791,47.61312225167676,51.85688731827633,18.102716548630518,7.0
2018-01-01 17:48:00,0.001,Off,0.0,0.0,42.122384941326146,45.44,42.66,2402.431200758882,0,4.913574794356364,0.0,51.81377945697179,0.0,0.0,0.0,55.16317992176819,47.60995706533652,51.853512564627636,18.12236008894412,7.0
2018-01-01 17:49:00,0.001,Off,0.0,0.0,42.11984580680221,45.44,42.66,2402.582023982173,0,4.914220248408542,0.0,51.80639658363313,0.0,0.0,0.0,55.15979440906961,47.60679207294321,51.850138277242465,18.141968799184465,7.0
2018-01-01 17:50:00,0.001,Off,0.0,0.0,42.11730279718318,45.44,42.66,2402.7326370712585,0,4.914864916192814,0.0,51.79901906708123,0.0,0.0,0.0,55.15640372957757,47.603627274794,51.84676445296317,18.161542753336313,7.0
2018-01-01 17:51:00,0.001,Off,0.0,0.0,42.11475592199325,45.44,42.66,2402.8830405237522,0,4.915508799430534,0.0,51.79164689838778,0.0,0.0,0.0,55.153007895990996,47.600462671185326,51.843391088647046,18.18108202520221,7.0
2018-01-01 17:52:00,0.001,Off,0.0,0.0,42.1122051907179,45.44,42.66,2403.0332348358506,0,4.91615189983867,0.0,51.78428006864444,0.0,0.0,0.0,55.1496069209572,47.5972982624129,51.8400181811663,18.200586688402975,7.0
2018-01-01 17:53:00,0.001,Off,0.0,0.0,42.10965061288908,45.44,42.66,2403.1832205023325,0,4.916794219129804,0.0,51.77691856896281,0.0,0.0,0.0,55.14620081718544,47.59413404877173,51.836645727407955,18.22005681637819,7.0
2018-01-01 17:54:00,0.001,Off,0.0,0.0,42.10709219790715,45.44,42.66,2403.3329980165736,0,4.917435759012146,0.0,51.76956239047438,0.0,0.0,0.0,55.142789597209536,47.59097003055606,51.83327372427381,18.23949248238669,7.0
2018-01-01 17:55:00,0.001,Off,0.0,0.0,42.10452995519182,45.44,42.66,2403.4825678705424,0,4.918076521189557,0.0,51.76221152433044,0.0,0.0,0.0,55.139373273589094,47.58780620805945,51.82990216868036,18.25889375950705,7.0
2018-01-01 17:56:00,0.001,Off,0.0,0.0,42.10196389419377,45.44,42.66,2403.63193055481,0,4.918716507361546,0.0,51.75486596170208,0.0,0.0,0.0,55.135951858925026,47.584642581574705,51.82653105755877,18.27826072063807,7.0
2018-01-01 17:57:00,0.001,Off,0.0,0.0,42.0993940242514,45.44,42.66,2403.7810865585493,0,4.919355719223292,0.0,51.747525693780126,0.0,0.0,0.0,55.132525365668535,47.58147915139394,51.823160387854735,18.297593438499263,7.0
2018-01-01 17:58:00,0.001,Off,0.0,0.0,42.09682035476897,45.44,42.66,2403.930036369544,0,4.9199941584656495,0.0,51.74019071177507,0.0,0.0,0.0,55.12909380635863,47.57831591780853,51.8197901565285,18.316891985631337,7.0
2018-01-01 17:59:00,0.001,Off,0.0,0.0,42.09424289506942,45.44,42.66,2404.0787804741935,0,4.920631826775169,0.0,51.732861006917034,0.0,0.0,0.0,55.125657193425894,47.575152881109155,51.816420360554744,18.336156434396674,7.0
2018-01-01 18:00:00,0.001,Off,0.0,0.0,42.09166165446798,51.0,45.44,2404.227319357511,0,4.921268725834103,0.0,51.72553657045571,0.0,0.0,0.0,55.122215539290636,47.57199004158574,51.813050996922556,18.355386856979806,7.0
2018-01-01 18:01:00,0.001,Off,0.0,0.0,42.08907664226436,51.0,45.44,2404.375653503137,0,4.921904857320413,0.0,51.71821739366034,0.0,0.0,0.0,55.11876885635248,47.56882739952754,51.80968206263532,18.374583325387906,7.0
2018-01-01 18:02:00,0.001,Off,0.0,0.0,42.086487867684795,51.0,45.44,2404.5237833933384,0,4.922540222907799,0.0,51.71090346781962,0.0,0.0,0.0,55.115317156913065,47.56566495522309,51.806313554710684,18.39374591145125,7.0
2018-01-01 18:03:00,0.001,Off,0.0,0.0,42.08389534003675,51.0,45.44,2404.6717095090094,0,4.923174824265685,0.0,51.703594784241695,0.0,0.0,0.0,55.11186045338233,47.56250270896021,51.802945470180546,18.412874686823717,7.0
2018-01-01 18:04:00,0.001,Off,0.0,0.0,42.08129906850772,51.0,45.44,2404.8194323296843,0,4.9238086630592575,0.0,51.696291334254084,0.0,0.0,0.0,55.108398758010296,47.55934066102599,51.7995778060909,18.43196972298323,7.0
2018-01-01 18:05:00,0.001,Off,0.0,0.0,42.07869906226974,51.0,45.44,2404.9669523335365,0,4.924441740949458,0.0,51.688993109203636,0.0,0.0,0.0,55.10493208302632,47.55617881170687,51.79621055950184,18.451031091232263,7.0
2018-01-01 18:06:00,0.001,Off,0.0,0.0,42.07609533054127,51.0,45.44,2405.1142699973825,0,4.9250740595930065,0.0,51.681700100456496,0.0,0.0,0.0,55.101460440721695,47.553017161288516,51.79284372748747,18.470058862698284,7.0
2018-01-01 18:07:00,0.001,Off,0.0,0.0,42.073487882513675,51.0,45.44,2405.261385796691,0,4.925705620642405,0.0,51.67441229939802,0.0,0.0,0.0,55.09798384335157,47.549855710055965,51.789477307135876,18.48905310833425,7.0
2018-01-01 18:08:00,0.001,Off,0.0,0.0,42.070876727169384,51.0,45.44,2405.4083002055795,0,4.926336425745955,0.0,51.66712969743276,0.0,0.0,0.0,55.094502302892515,47.546694458293494,51.78611129554901,18.508013898919067,7.0
2018-01-01 18:09:00,0.001,Off,0.0,0.0,42.068261873781,51.0,45.44,2405.5550136968263,0,4.926966476547765,0.0,51.65985228598443,0.0,0.0,0.0,55.091015831708,47.54353340628473,51.7827456898427,18.526941305058052,7.0
2018-01-01 18:10:00,0.001,Off,0.0,0.0,42.06564333134253,51.0,45.44,2405.701526741872,0,4.927595774687768,0.0,51.65258005649578,0.0,0.0,0.0,55.08752444179004,47.540372554312555,51.779380487146526,18.545835397183406,7.0
2018-01-01 18:11:00,0.001,Off,0.0,0.0,42.06302110894863,51.0,45.44,2405.847839810819,0,4.928224321801726,0.0,51.64531300042865,0.0,0.0,0.0,55.08402814526484,47.53721190265919,51.7760156846038,18.564696245554675,7.0
2018-01-01 18:12:00,0.001,Off,0.0,0.0,42.07273947737493,51.0,45.44,2405.993953372445,0,4.928852119521244,0.0,51.72577674207107,0.0,0.0,0.0,55.09698596983324,47.534051451606146,51.77265127937149,18.583523920259225,7.0
2018-01-01 18:13:00,0.001,Off,0.0,0.0,42.070083869803504,51.0,45.44,2406.1398678941982,0,4.929479169473782,0.0,51.71834386537678,0.0,0.0,0.0,55.093445159738,47.53089025709676,51.76928726862017,18.602318491212685,7.0
2018-01-01 18:14:00,0.001,Off,0.0,0.0,42.06742467003391,51.0,45.44,2406.2855838422092,0,4.930105473282671,0.0,51.710916549278906,0.0,0.0,0.0,55.08989956004521,47.52772926574167,51.76592364953396,18.621080028159437,7.0
2018-01-01 18:15:00,0.001,Off,0.0,0.0,42.06476188691698,51.0,45.44,2406.431101681289,0,4.930731032567117,0.0,51.70349478424815,0.0,0.0,0.0,55.08634918255598,47.524568477815684,51.76256041931046,18.639808600673046,7.0
2018-01-01 18:16:00,0.001,Off,0.0,0.0,42.062095529260965,51.0,45.44,2406.576421874937,0,4.931355848942213,0.0,51.696078560776954,0.0,0.0,0.0,55.08279403901462,47.52140789359292,51.7591975751607,18.658504278156737,7.0
2018-01-01 18:17:00,0.001,Off,0.0,0.0,42.059425605781215,51.0,45.44,2406.721544885344,0,4.931979924018963,0.0,51.68866786937946,0.0,0.0,0.0,55.07923414104162,47.51824751334684,51.755835114309086,18.677167129843845,7.0
2018-01-01 18:18:00,0.001,Off,0.0,0.0,42.05675212529756,51.0,45.44,2406.8664711733945,0,4.93260325940427,0.0,51.68126270059141,0.0,0.0,0.0,55.07566950039674,47.51508733735022,51.752473033993326,18.69579722479828,7.0
2018-01-01 18:19:00,0.001,Off,0.0,0.0,42.054075096498316,51.0,45.44,2407.011201198678,0,4.93322585670097,0.0,51.67386304497016,0.0,0.0,0.0,55.072100128664424,47.51192736587518,51.74911133146437,18.71439463191497,7.0
2018-01-01 18:20:00,0.001,Off,0.0,0.0,42.05139452806396,51.0,45.44,2407.1557354194806,0,4.933847717507831,0.0,51.66646889309456,0.0,0.0,0.0,55.068526037418614,47.50876759919317,51.745750003986394,18.73295941992032,7.0
2018-01-01 18:21:00,0.001,Off,0.0,0.0,42.04871042874084,51.0,45.44,2407.3000742928016,0,4.934468843419567,0.0,51.65908023556491,0.0,0.0,0.0,55.06494723832112,47.50560803757495,51.7423890488367,18.75149165737267,7.0
2018-01-01 18:22:00,0.001,Off,0.0,0.0,42.046022807166906,51.0,45.44,2407.444218274352,0,4.935089236026851,0.0,51.651697063002935,0.0,0.0,0.0,55.06136374288921,47.50244868129066,51.739028463305665,18.769991412662737,7.0
2018-01-01 18:23:00,0.001,Off,0.0,0.0,42.04333167198786,51.0,45.44,2407.5881678185574,0,4.935708896916325,0.0,51.644319366051704,0.0,0.0,0.0,55.05777556265048,47.49928953060973,51.73566824469671,18.788458754014066,7.0
2018-01-01 18:24:00,0.001,Off,0.0,0.0,42.04063703183391,51.0,45.44,2407.7319233785624,0,4.936327827670604,0.0,51.63694713537559,0.0,0.0,0.0,55.05418270911188,47.49613058580098,51.73230839032622,18.806893749483486,7.0
2018-01-01 18:25:00,0.001,Off,0.0,0.0,42.03793889531591,51.0,45.44,2407.8754854062404,0,4.936946029868306,0.0,51.6295803616602,0.0,0.0,0.0,55.05058519375455,47.49297184713251,51.72894889752348,18.825296466961543,7.0
2018-01-01 18:26:00,0.001,Off,0.0,0.0,42.035237270975095,51.0,45.44,2408.01885435219,0,4.9375635050840385,0.0,51.62221903561234,0.0,0.0,0.0,55.046983027966796,47.48981331487181,51.725589763630666,18.84366697417297,7.0
2018-01-01 18:27:00,0.001,Off,0.0,0.0,42.03253216741457,51.0,45.44,2408.1620306657405,0,4.93818025488843,0.0,51.61486314795993,0.0,0.0,0.0,55.04337622321943,47.486654989285704,51.72223098600273,18.862005338677097,7.0
2018-01-01 18:28:00,0.001,Off,0.0,0.0,42.02982359310202,51.0,45.44,2408.3050147949643,0,4.93879628084813,0.0,51.60751268945198,0.0,0.0,0.0,55.0397647908027,47.48349687064033,51.718872562007384,18.880311627868334,7.0
2018-01-01 18:29:00,0.001,Off,0.0,0.0,42.027111556663804,51.0,45.44,2408.4478071866656,0,4.939411584525821,0.0,51.60016765085852,0.0,0.0,0.0,55.03614874221841,47.48033895920123,51.71551448902505,18.89858590897658,7.0
2018-01-01 18:30:00,0.001,Off,0.0,0.0,42.02439606651339,51.0,45.44,2408.5904082863995,0,4.940026167480237,0.0,51.592828022970565,0.0,0.0,0.0,55.032528088684515,47.47718125523323,51.71215676444874,18.91682824906768,7.0
2018-01-01 18:31:00,0.001,Off,0.0,0.0,42.02167713114555,51.0,45.44,2408.732818538468,0,4.940640031266164,0.0,51.585493796600026,0.0,0.0,0.0,55.028902841527405,47.47402375900055,51.70879938568412,18.935038715043863,7.0
2018-01-01 18:32:00,0.001,Off,0.0,0.0,42.01895475901637,51.0,45.44,2408.8750383859247,0,4.941253177434454,0.0,51.57816496257969,0.0,0.0,0.0,55.02527301202182,47.47086647076675,51.70544235014931,18.953217373644172,7.0
2018-01-01 18:33:00,0.001,Off,0.0,0.0,42.01622895856639,51.0,45.44,2409.0170682705784,0,4.941865607532045,0.0,51.57084151176315,0.0,0.0,0.0,55.02163861142185,47.46770939079477,51.702085655274985,18.971364291444914,7.0
2018-01-01 18:34:00,0.001,Off,0.0,0.0,42.013499738232376,51.0,45.44,2409.158908633002,0,4.942477323101958,0.0,51.563523435024734,0.0,0.0,0.0,55.0179996509765,47.46455251934682,51.69872929850418,18.989479534860088,7.0
2018-01-01 18:35:00,0.001,Off,0.0,0.0,42.01076710632716,51.0,45.44,2409.300559912528,0,4.943088325683314,0.0,51.55621072325951,0.0,0.0,0.0,55.01435614176955,47.46139585668456,51.69537327729234,19.007563170141818,7.0
2018-01-01 18:36:00,0.001,Off,0.0,0.0,42.00803107126812,51.0,45.44,2409.4420225472604,0,4.943698616811347,0.0,51.54890336738317,0.0,0.0,0.0,55.010708095024164,47.45823940306896,51.692017589107195,19.0256152633808,7.0
2018-01-01 18:37:00,0.001,Off,0.0,0.0,42.00529164144555,51.0,45.44,2409.5832969740745,0,4.944308198017415,0.0,51.54160135833202,0.0,0.0,0.0,55.007055521927406,47.45508315876039,51.688662231428765,19.04363588050671,7.0
2018-01-01 18:38:00,0.001,Off,0.0,0.0,42.00254882510263,51.0,45.44,2409.7243836286198,0,4.944917070829002,0.0,51.53430468706288,0.0,0.0,0.0,55.003398433470174,47.45192712401851,51.68530720174927,19.061625087288654,7.0
2018-01-01 18:39:00,0.001,Off,0.0,0.0,41.99980263062965,51.0,45.44,2409.865282945328,0,4.945525236769738,0.0,51.52701334455309,0.0,0.0,0.0,54.99973684083954,47.448771299102404,51.68195249757308,19.07958294933559,7.0
2018-01-01 18:40:00,0.001,Off,0.0,0.0,41.99705306627757,51.0,45.44,2410.005995357413,0,4.946132697359408,0.0,51.51972732180042,0.0,0.0,0.0,54.99607075503676,47.44561568427051,51.67859811641669,19.097509532096772,7.0
2018-01-01 18:41:00,0.001,Off,0.0,0.0,41.994300140301185,51.0,45.44,2410.1465212968765,0,4.946739454113959,0.0,51.51244660982302,0.0,0.0,0.0,54.99240018706825,47.442460279780626,51.67524405580862,19.11540490086215,7.0
2018-01-01 18:42:00,0.001,Off,0.0,0.0,41.99154386098243,51.0,45.44,2410.286861194512,0,4.947345508545513,0.0,51.50517119965939,0.0,0.0,0.0,54.98872514797658,47.4393050858899,51.671890313289424,19.133269120762808,7.0
2018-01-01 18:43:00,0.001,Off,0.0,0.0,41.98878423656839,51.0,45.44,2410.427015479906,0,4.947950862162377,0.0,51.49790108236828,0.0,0.0,0.0,54.985045648757854,47.43615010285488,51.66853688641159,19.1511022567714,7.0
2018-01-01 18:44:00,0.001,Off,0.0,0.0,41.98602127518615,51.0,45.44,2410.5669845814477,0,4.948555516469057,0.0,51.49063624902869,0.0,0.0,0.0,54.98136170024819,47.43299533093144,51.665183772739496,19.168904373702556,7.0
2018-01-01 18:45:00,0.001,Off,0.0,0.0,41.98325498508668,51.0,45.44,2410.7067689263254,0,4.94915947296626,0.0,51.48337669073981,0.0,0.0,0.0,54.97767331344891,47.429840770374895,51.66183096984939,19.186675536213325,7.0
2018-01-01 18:46:00,0.001,Off,0.0,0.0,41.9804853743971,51.0,45.44,2410.8463689405353,0,4.94976273315091,0.0,51.47612239862093,0.0,0.0,0.0,54.97398049919613,47.42668642143986,51.6584784753293,19.20441580880357,7.0
2018-01-01 18:47:00,0.001,Off,0.0,0.0,41.977712451310275,51.0,45.44,2410.985785048885,0,4.9503652985161635,0.0,51.468873363811426,0.0,0.0,0.0,54.9702832684137,47.42353228438039,51.655126286779,19.22212525581641,7.0
2018-01-01 18:48:00,0.001,Off,0.0,0.0,41.974936223937874,51.0,45.44,2411.125017674994,0,4.950967170551408,0.0,51.4616295774707,0.0,0.0,0.0,54.966581631917165,47.420378359449856,51.65177440180998,19.239803941438637,7.0
2018-01-01 18:49:00,0.001,Off,0.0,0.0,41.97215670036828,51.0,45.44,2411.264067241301,0,4.951568350742282,0.0,51.454391030778126,0.0,0.0,0.0,54.96287560049104,47.41722464690105,51.648422818045354,19.25745192970111,7.0
2018-01-01 18:50:00,0.001,Off,0.0,0.0,41.969373888693795,51.0,45.44,2411.402934169065,0,4.952168840570683,0.0,51.447157714932985,0.0,0.0,0.0,54.959165184925055,47.41407114698612,51.64507153311983,19.275069284479198,7.0
2018-01-01 18:51:00,0.001,Off,0.0,0.0,41.96658779699119,51.0,45.44,2411.5416188783724,0,4.952768641514773,0.0,51.43992962115445,0.0,0.0,0.0,54.95545039598825,47.410917859956626,51.64172054467968,19.29265606949319,7.0
2018-01-01 18:52:00,0.001,Off,0.0,0.0,41.9637984333373,51.0,45.44,2411.680121788135,0,4.953367755048994,0.0,51.43270674068149,0.0,0.0,0.0,54.95173124444973,47.40776478606348,51.638369850382645,19.310212348308706,7.0
2018-01-01 18:53:00,0.001,Off,0.0,0.0,41.96100580570438,51.0,45.44,2411.818443316099,0,4.953966182644081,0.0,51.42548906477286,0.0,0.0,0.0,54.948007740939175,47.404611925556985,51.63501944789794,19.3277381843371,7.0
2018-01-01 18:54:00,0.001,Off,0.0,0.0,41.9582099221306,51.0,45.44,2411.956583878849,0,4.9545639257670615,0.0,51.41827658470703,0.0,0.0,0.0,54.94427989617413,47.40145927868683,51.631669334906164,19.34523364083589,7.0
2018-01-01 18:55:00,0.001,Off,0.0,0.0,41.97664498201739,51.0,45.44,2412.0945438918056,0,4.955160985881276,0.0,51.56188344570176,0.0,0.0,0.0,54.96885997602318,47.398306845702116,51.62831950909926,19.362698780909152,7.0
2018-01-01 18:56:00,0.001,Off,0.0,0.0,41.973822698099205,51.0,45.44,2412.2324417943732,0,4.9557578753588105,0.0,51.554555407248166,0.0,0.0,0.0,54.96509693079894,47.39515300243312,51.62496991766451,19.38013366750795,7.0
2018-01-01 18:57:00,0.001,Off,0.0,0.0,41.97099720562505,51.0,45.44,2412.3701597296526,0,4.956354083850864,0.0,51.54723269080873,0.0,0.0,0.0,54.96132960750007,47.39199937506916,51.62162050816261,19.397538363430712,7.0
2018-01-01 18:58:00,0.001,Off,0.0,0.0,41.968168512462746,51.0,45.44,2412.5076981103175,0,4.956949612812128,0.0,51.53991528750792,0.0,0.0,0.0,54.95755801661699,47.38884596385573,51.618271278860874,19.41491293132367,7.0
2018-01-01 18:59:00,0.001,Off,0.0,0.0,41.96533662651107,51.0,45.44,2412.645057347895,0,4.957544463693632,0.0,51.53260318849003,0.0,0.0,0.0,54.95378216868142,47.38569276903766,51.61492222803551,19.43225743368125,7.0
2018-01-01 19:00:00,0.001,Off,0.0,0.0,41.96250155563007,51.0,45.44,2412.7822378527667,0,4.958138637942759,0.0,51.525296384919116,0.0,0.0,0.0,54.950002074173426,47.3825397908592,51.61157335397154,19.449571932846478,7.0
2018-01-01 19:01:00,0.001,Off,0.0,0.0,41.959663307625675,51.0,45.44,2412.919240034175,0,4.958732137003254,0.0,51.51799486797894,0.0,0.0,0.0,54.946217743500895,47.379387029564,51.60822465496279,19.466856491011388,7.0
2018-01-01 19:02:00,0.001,Off,0.0,0.0,41.956821890350184,51.0,45.44,2413.0560643002214,0,4.959324962315231,0.0,51.51069862887294,0.0,0.0,0.0,54.94242918713358,47.376234485395116,51.60487612931187,19.484111170217407,7.0
2018-01-01 19:03:00,0.001,Off,0.0,0.0,41.9539773116134,51.0,45.44,2413.1927110578767,0,4.959917115315189,0.0,51.50340765882414,0.0,0.0,0.0,54.93863641548454,47.373082158595,51.60152777533009,19.50133603235579,7.0
2018-01-01 19:04:00,0.001,Off,0.0,0.0,41.95112957913993,51.0,45.44,2413.3291807129817,0,4.960508597436024,0.0,51.49612194907514,0.0,0.0,0.0,54.934839438853245,47.36993004940549,51.59817959133747,19.518531139167994,7.0
2018-01-01 19:05:00,0.001,Off,0.0,0.0,41.948278700735656,51.0,45.44,2413.4654736702487,0,4.9610994101070265,0.0,51.48884149088806,0.0,0.0,0.0,54.931038267647544,47.36677815806785,51.59483157566265,19.535696552246076,7.0
2018-01-01 19:06:00,0.001,Off,0.0,0.0,41.94542468412912,51.0,45.44,2413.6015903332677,0,4.961689554753897,0.0,51.48156627554447,0.0,0.0,0.0,54.92723291217216,47.36362648482275,51.591483726642906,19.55283233303311,7.0
2018-01-01 19:07:00,0.001,Off,0.0,0.0,41.94256753702169,51.0,45.44,2413.73753110451,0,4.962279032798767,0.0,51.47429629434537,0.0,0.0,0.0,54.92342338269559,47.360475029910276,51.588136042624086,19.569938542823564,7.0
2018-01-01 19:08:00,0.001,Off,0.0,0.0,41.939707267130245,51.0,45.44,2413.873296385328,0,4.962867845660191,0.0,51.46703153861111,0.0,0.0,0.0,54.919609689507,47.35732379356988,51.58478852196054,19.58701524276371,7.0
2018-01-01 19:09:00,0.001,Off,0.0,0.0,41.93684388221426,51.0,45.44,2414.0088865759662,0,4.963455994753171,0.0,51.45977199968138,0.0,0.0,0.0,54.915791842952345,47.354172776040485,51.58144116301516,19.60406249385201,7.0
2018-01-01 19:10:00,0.001,Off,0.0,0.0,41.93397738981645,51.0,45.44,2414.1443020755555,0,4.9640434814891545,0.0,51.4525176689151,0.0,0.0,0.0,54.91196985308859,47.35102197756037,51.57809396415925,19.621080356939512,7.0
2018-01-01 19:11:00,0.001,Off,0.0,0.0,41.93110779764598,51.0,45.44,2414.2795432821226,0,4.964630307276054,0.0,51.44526853769045,0.0,0.0,0.0,54.90814373019464,47.347871398367275,51.57474692377259,19.63806889273025,7.0
2018-01-01 19:12:00,0.001,Off,0.0,0.0,41.92823511331522,51.0,45.44,2414.4146105925934,0,4.965216473518247,0.0,51.43802459740476,0.0,0.0,0.0,54.90431348442029,47.34472103869832,51.5714000402433,19.65502816178162,7.0
2018-01-01 19:13:00,0.001,Off,0.0,0.0,41.92535934443657,51.0,45.44,2414.5495044027925,0,4.965801981616597,0.0,51.43078583947449,0.0,0.0,0.0,54.90047912591543,47.341570898790046,51.56805331196788,19.671958224504777,7.0
2018-01-01 19:14:00,0.001,Off,0.0,0.0,41.92248049863018,51.0,45.44,2414.684225107452,0,4.966386832968457,0.0,51.423552255335174,0.0,0.0,0.0,54.896640664840234,47.33842097887846,51.56470673735112,19.688859141165032,7.0
2018-01-01 19:15:00,0.001,Off,0.0,0.0,41.91959858343489,51.0,45.44,2414.8187731002104,0,4.966971028967671,0.0,51.41632383644138,0.0,0.0,0.0,54.89279811124652,47.33527127919889,51.56136031480611,19.705730971882232,7.0
2018-01-01 19:16:00,0.001,Off,0.0,0.0,41.91671360644763,51.0,45.44,2414.953148773617,0,4.967554571004604,0.0,51.40910057426665,0.0,0.0,0.0,54.88895147526351,47.332121799986204,51.55801404275416,19.722573776631148,7.0
2018-01-01 19:17:00,0.001,Off,0.0,0.0,41.913825575095025,51.0,45.44,2415.0873525191387,0,4.968137460466134,0.0,51.40188246030346,0.0,0.0,0.0,54.885100766793364,47.3289725414746,51.5546679196248,19.73938761524185,7.0
2018-01-01 19:18:00,0.001,Off,0.0,0.0,41.91093449703203,51.0,45.44,2415.221384727158,0,4.968719698735659,0.0,51.394669486063165,0.0,0.0,0.0,54.88124599604271,47.325823503897745,51.551321943855704,19.756172547400116,7.0
2018-01-01 19:19:00,0.001,Off,0.0,0.0,41.90804037968529,51.0,45.44,2415.35524578698,0,4.969301287193128,0.0,51.38746164307596,0.0,0.0,0.0,54.87738717291372,47.32267468748869,51.5479761138927,19.772928632647798,7.0
2018-01-01 19:20:00,0.001,Off,0.0,0.0,40.4321166241798,51.0,45.44,2415.488936086835,0,4.96988222721503,0.0,51.38025892289083,9.073103141788483,28072.57777777781,0.0,52.90948883223973,47.31952609247996,51.544630428189706,19.789655930383205,7.0
2018-01-01 19:21:00,0.001,Off,0.0,0.0,38.95629301950261,51.0,45.44,2494.328371783343,0,5.330647012773633,0.0,51.41632248580669,0.0,0.0,0.0,50.941724026003484,45.705823739148286,51.52851511991522,14.235840122940212,7.0
2018-01-01 19:22:00,0.001,Off,0.0,0.0,38.95354538939111,51.0,45.44,2494.4218061924894,0,5.331098689367202,0.0,51.40908195523227,0.0,0.0,0.0,50.93806051918815,45.70290095316544,51.525020569079935,14.251505557495374,7.0
2018-01-01 19:23:00,0.001,Off,0.0,0.0,38.9507958019677,51.0,45.44,2494.515137527343,0,5.331549931792303,0.0,51.40184660858504,0.0,0.0,0.0,50.934394402623596,45.699978377376624,51.52152532441064,14.267149890560825,7.0
2018-01-01 19:24:00,0.001,Off,0.0,0.0,38.94804426132496,51.0,45.44,2494.6083659893256,0,5.332000740839695,0.0,51.39461643726785,0.0,0.0,0.0,50.93072568176661,45.697056011931586,51.51802938779702,14.282773158108428,7.0
2018-01-01 19:25:00,0.001,Off,0.0,0.0,38.94529077145874,51.0,45.44,2494.7014917793754,0,5.3324511172984135,0.0,51.38739143270278,0.0,0.0,0.0,50.92705436194498,45.694133856979725,51.51453276112331,14.298375396035233,7.0
2018-01-01 19:26:00,0.001,Off,0.0,0.0,38.94253533645384,51.0,45.44,2494.794515097942,0,5.332901061955752,0.0,51.38017158633112,0.0,0.0,0.0,50.923380448605116,45.69121191267016,51.51103544626827,14.313956640163648,7.0
2018-01-01 19:27:00,0.001,Off,0.0,0.0,38.939777960315766,51.0,45.44,2494.8874361449944,0,5.333350575597281,0.0,51.37295688961331,0.0,0.0,0.0,50.91970394708769,45.68829017915172,51.507537445105214,14.32951692624162,7.0
2018-01-01 19:28:00,0.001,Off,0.0,0.0,38.93701864705588,51.0,45.44,2494.9802551200182,0,5.3337996590068535,0.0,51.36574733402887,0.0,0.0,0.0,50.916024862741175,45.68536865657288,51.50403875950206,14.345056289942812,7.0
2018-01-01 19:29:00,0.001,Off,0.0,0.0,38.93425740072414,51.0,45.44,2495.072972222019,0,5.334248312966595,0.0,51.358542911076384,0.0,0.0,0.0,50.91234320096552,45.682447345081826,51.50053939132132,14.360574766866774,7.0
2018-01-01 19:30:00,0.001,Off,0.0,0.0,38.93149422526997,51.0,45.44,2495.1655876495206,0,5.3346965382569245,0.0,51.351343612273446,0.0,0.0,0.0,50.908658967026625,45.679526244826455,51.49703934242013,14.376072392539118,7.0
2018-01-01 19:31:00,0.001,Off,0.0,0.0,37.62106263638543,51.0,45.44,2495.2581016005715,0,5.33514433565655,0.0,51.3441494291566,9.08049138049113,28072.577777777813,0.0,49.16141684851391,45.67660535595433,51.4935386146503,14.391549202411698,7.0
2018-01-01 19:32:00,0.001,Off,0.0,0.0,36.31056409045941,51.0,45.44,2569.5841606977906,0,5.718240427725791,0.0,51.38032838655322,0.0,0.0,0.0,47.41408545394588,44.06311804858873,51.47285920493879,11.184018772317634,7.0
2018-01-01 19:33:00,0.001,Off,0.0,0.0,36.30769840671293,51.0,45.44,2569.6389198077118,0,5.718542401244433,0.0,51.373095894808536,0.0,0.0,0.0,47.41026454228391,44.060397661185206,51.46948363894903,11.196900439713453,7.0
2018-01-01 19:34:00,0.001,Off,0.0,0.0,36.3048318869074,51.0,45.44,2569.693630542678,0,5.7188441414690665,0.0,51.36586856849515,0.0,0.0,0.0,47.406442515876535,44.057677493006835,51.46610792142302,11.209768907007797,7.0
2018-01-01 19:35:00,0.001,Off,0.0,0.0,36.30196453234319,51.0,45.44,2569.748292980587,0,5.719145648752371,0.0,51.35864639908381,0.0,0.0,0.0,47.402619376457594,44.05495754411756,51.46273205263226,11.222624191763597,7.0
2018-01-01 19:36:00,0.001,Off,0.0,0.0,36.29909634447542,51.0,45.44,2569.8029071991796,0,5.719446923446364,0.0,51.3514293780643,0.0,0.0,0.0,47.39879512596723,44.052237814581254,51.459356032848014,11.23546631151388,7.0
2018-01-01 19:37:00,0.001,Off,0.0,0.0,36.29622732454058,51.0,45.44,2569.8574732760394,0,5.719747965902421,0.0,51.344217496945404,0.0,0.0,0.0,47.3949697660541,44.04951830446167,51.45597986234124,11.248295283761834,7.0
2018-01-01 19:38:00,0.001,Off,0.0,0.0,36.29335747393186,51.0,45.44,2569.911991288595,0,5.720048776471261,0.0,51.337010747254844,0.0,0.0,0.0,47.39114329857581,44.04679901382245,51.45260354138264,11.261111125980872,7.0
2018-01-01 19:39:00,0.001,Off,0.0,0.0,36.290486794048334,51.0,45.44,2569.9664613141176,0,5.720349355502956,0.0,51.32980912053923,0.0,0.0,0.0,47.38731572539778,44.044079942727144,51.449227070242685,11.27391385561468,7.0
2018-01-01 19:40:00,0.001,Off,0.0,0.0,36.28761528618449,51.0,45.44,2570.020883429724,0,5.720649703346931,0.0,51.322612608364025,0.0,0.0,0.0,47.38348704824598,44.04136109123918,51.44585044919155,11.286703490077297,7.0
2018-01-01 19:41:00,0.001,Off,0.0,0.0,36.28474295172388,51.0,45.44,2570.0752577123744,0,5.720949820351963,0.0,51.31542120231347,0.0,0.0,0.0,47.37965726896517,44.038642459421936,51.44247367849919,11.299480046753159,7.0
2018-01-01 19:42:00,0.001,Off,0.0,0.0,36.28186979199008,51.0,45.44,2570.1295842388768,0,5.721249706866191,0.0,51.308234893990594,0.0,0.0,0.0,47.37582638932011,44.03592404733861,51.439096758435255,11.312243542997164,7.0
2018-01-01 19:43:00,0.001,Off,0.0,0.0,36.289865603740424,51.0,45.44,2570.183863085881,0,5.721549363237101,0.0,51.37830087710533,0.0,0.0,0.0,47.38648747165389,44.033205855052344,51.43571968926919,11.324993996134737,7.0
2018-01-01 19:44:00,0.001,Off,0.0,0.0,36.286967856981114,51.0,45.44,2570.2380943298867,0,5.721848789811547,0.0,51.37096963654839,0.0,0.0,0.0,47.38262380930815,44.03048705108552,51.432342471270154,11.337731423461879,7.0
2018-01-01 19:45:00,0.001,Off,0.0,0.0,36.28406934246145,51.0,45.44,2570.292278047236,0,5.722147986935734,0.0,51.363643832023584,0.0,0.0,0.0,47.37875912328193,44.027768468796694,51.42896510470705,11.350455842245236,7.0
2018-01-01 19:46:00,0.001,Off,0.0,0.0,36.281170061392764,51.0,45.44,2570.3464143141205,0,5.722446954955235,0.0,51.356323454269095,0.0,0.0,0.0,47.37489341519035,44.02505010824455,51.4255875898485,11.363167269722155,7.0
2018-01-01 19:47:00,0.001,Off,0.0,0.0,36.27827001495929,51.0,45.44,2570.4005032065784,0,5.72274569421498,0.0,51.34900849404418,0.0,0.0,0.0,47.37102668661238,44.02233196948776,51.42220992696279,11.375865723100741,7.0
2018-01-01 19:48:00,0.001,Off,0.0,0.0,36.27536920441879,51.0,45.44,2570.4545448004933,0,5.723044205059267,0.0,51.34169894212915,0.0,0.0,0.0,47.36715893922505,44.01961405258487,51.418832116317965,11.388551219559925,7.0
2018-01-01 19:49:00,0.001,Off,0.0,0.0,36.2724676308994,51.0,45.44,2570.5085391716,0,5.723342487831758,0.0,51.334394789325316,0.0,0.0,0.0,47.36329017453253,44.016896357594334,51.41545415818174,11.401223776249509,7.0
2018-01-01 19:50:00,0.001,Off,0.0,0.0,36.26956529559887,51.0,45.44,2570.5624863954777,0,5.72364054287548,0.0,51.327096026454925,0.0,0.0,0.0,47.35942039413183,44.01417888457452,51.41207605282157,11.413883410290238,7.0
2018-01-01 19:51:00,0.001,Off,0.0,0.0,36.26666219970535,51.0,45.44,2570.6163865475564,0,5.72393837053283,0.0,51.31980264436111,0.0,0.0,0.0,47.35554959960714,44.0114616335837,51.40869780050461,11.42653013877385,7.0
2018-01-01 19:52:00,0.001,Off,0.0,0.0,36.26375834450173,51.0,45.44,2570.6702397031145,0,5.7242359711455695,0.0,51.312514633907846,0.0,0.0,0.0,47.35167779266897,44.00874460468007,51.405319401497756,11.439163978763144,7.0
2018-01-01 19:53:00,0.001,Off,0.0,0.0,36.26085373108905,51.0,45.44,2570.724045937279,0,5.724533345054842,0.0,51.305231985979866,0.0,0.0,0.0,47.3478049747854,44.006027797921696,51.4019408560676,11.451784947292028,7.0
2018-01-01 19:54:00,0.001,Off,0.0,0.0,36.25794836068056,51.0,45.44,2570.7778053250263,0,5.724830492601149,0.0,51.29795469148264,0.0,0.0,0.0,47.34393114757408,44.00331121336661,51.39856216448046,11.46439306136558,7.0
2018-01-01 19:55:00,0.001,Off,0.0,0.0,36.25504223447407,51.0,45.44,2570.8315179411834,0,5.725127414124373,0.0,51.29068274134231,0.0,0.0,0.0,47.34005631263209,44.00059485107269,51.39518332700239,11.476988337960119,7.0
2018-01-01 19:56:00,0.001,Off,0.0,0.0,36.25213535366541,51.0,45.44,2570.885183860428,0,5.725424109963768,0.0,51.283416126505635,0.0,0.0,0.0,47.336180471553874,43.9978787110978,51.39180434389918,11.489570794023239,7.0
2018-01-01 19:57:00,0.001,Off,0.0,0.0,36.249227719463946,51.0,45.44,2570.938803157286,0,5.725720580457968,0.0,51.27615483793994,0.0,0.0,0.0,47.33230362595192,43.99516279349962,51.38842521543633,11.50214044647389,7.0
2018-01-01 19:58:00,0.001,Off,0.0,0.0,36.246319332992016,51.0,45.44,2570.992375906138,0,5.7260168259449795,0.0,51.26889886663305,0.0,0.0,0.0,47.328425777322686,43.99244709833581,51.38504594187908,11.514697312202424,7.0
2018-01-01 19:59:00,0.001,Off,0.0,0.0,36.24341019548418,51.0,45.44,2571.0459021812117,0,5.726312846762189,0.0,51.261648203593275,0.0,0.0,0.0,47.32454692731224,43.989731625663914,51.38166652349239,11.527241408070655,7.0
2018-01-01 20:00:00,0.001,Off,0.0,0.0,35.01761631288082,51.0,45.44,2571.099382056588,0,5.726608643246365,0.0,51.254402839849305,9.098906342129695,28072.57777777782,0.0,45.69015508384109,43.98701637554137,51.37828696054099,11.539772750911917,7.0
2018-01-01 20:01:00,0.001,Off,0.0,0.0,33.79176684218126,51.0,45.44,2634.272900365506,0,6.102262420769114,0.0,51.255309532053516,0.0,0.0,0.0,44.05568912290835,42.373728232130716,51.346478227919306,9.56836331608509,7.0
2018-01-01 20:02:00,0.001,Off,0.0,0.0,33.788773718299176,51.0,45.44,2634.2994389958008,0,6.102433146541493,0.0,51.24808833941421,0.0,0.0,0.0,44.05169829106557,42.37120053301776,51.34319985030941,9.578485274225462,7.0
2018-01-01 20:03:00,0.001,Off,0.0,0.0,33.78578054669935,51.0,45.44,2634.3259597793262,0,6.102603770286898,0.0,51.24087235865459,0.0,0.0,0.0,44.04770739559913,42.36867306287913,51.339921515541064,9.588599494805775,7.0
2018-01-01 20:04:00,0.001,Off,0.0,0.0,33.78278732727726,51.0,45.44,2634.352462739846,0,6.1027742921354315,0.0,51.23366158109026,0.0,0.0,0.0,44.043716436369685,42.3661458217185,51.33664322355959,9.598705985445196,7.0
2018-01-01 20:05:00,0.001,Off,0.0,0.0,33.779794059854936,51.0,45.44,2634.378947901082,0,6.10294471221699,0.0,51.22645599805629,0.0,0.0,0.0,44.03972541313992,42.3636188095395,51.33336497431079,9.608804753752576,7.0
2018-01-01 20:06:00,0.001,Off,0.0,0.0,33.77680074430657,51.0,45.44,2634.405415286718,0,6.103115030661267,0.0,51.219255600907196,0.0,0.0,0.0,44.0357343257421,42.36109202634583,51.330086767740916,9.618895807326469,7.0
2018-01-01 20:07:00,0.001,Off,0.0,0.0,33.7738073804735,51.0,45.44,2634.4318649203947,0,6.1032852475977455,0.0,51.2120603810169,0.0,0.0,0.0,44.031743173964664,42.35856547214115,51.3268086037967,9.62897915375515,7.0
2018-01-01 20:08:00,0.001,Off,0.0,0.0,33.77081396824347,51.0,45.44,2634.4582968257164,0,6.103455363155709,0.0,51.204870329778636,0.0,0.0,0.0,44.02775195765797,42.356039146929156,51.32353048242533,9.639054800616638,7.0
2018-01-01 20:09:00,0.001,Off,0.0,0.0,33.7678205074443,51.0,45.44,2634.4847110262444,0,6.103625377464229,0.0,51.19768543860495,0.0,0.0,0.0,44.023760676592396,42.35351305071356,51.320252403574464,9.649122755478704,7.0
2018-01-01 20:10:00,0.001,Off,0.0,0.0,33.7648269979947,51.0,45.44,2634.5111075455034,0,6.103795290652179,0.0,51.19050569892763,0.0,0.0,0.0,44.01976933065961,42.35098718349807,51.3169743671922,9.659183025898901,7.0
2018-01-01 20:11:00,0.001,Off,0.0,0.0,33.761833439687614,51.0,45.44,2634.5374864069754,0,6.103965102848225,0.0,51.183331102197634,0.0,0.0,0.0,44.015777919583485,42.34846154528642,51.31369637322709,9.66923561942458,7.0
2018-01-01 20:12:00,0.001,Off,0.0,0.0,33.758839832451464,51.0,45.44,2634.5638476341032,0,6.104134814180829,0.0,51.17616163988509,0.0,0.0,0.0,44.01178644326862,42.34593613608234,51.31041842162812,9.6792805435929,7.0
2018-01-01 20:13:00,0.001,Off,0.0,0.0,33.75584617612176,51.0,45.44,2634.590191250293,0,6.1043044247782525,0.0,51.168997303479195,0.0,0.0,0.0,44.00779490149568,42.34341095588955,51.30714051234475,9.689317805930864,7.0
2018-01-01 20:14:00,0.001,Off,0.0,0.0,33.75285247059014,51.0,45.44,2634.616517278908,0,6.104473934768549,0.0,51.16183808448822,0.0,0.0,0.0,44.00380329412019,42.34088600471184,51.303862645326866,9.699347413955318,7.0
2018-01-01 20:15:00,0.001,Off,0.0,0.0,33.74985871568827,51.0,45.44,2634.6428257432735,0,6.104643344279579,0.0,51.1546839744394,0.0,0.0,0.0,43.99981162091769,42.33836128255297,51.30058482052479,9.70936937517298,7.0
2018-01-01 20:16:00,0.001,Off,0.0,0.0,33.74686491128455,51.0,45.44,2634.669116666676,0,6.104812653438987,0.0,51.147534964878965,0.0,0.0,0.0,43.995819881712734,42.33583678941669,51.29730703788928,9.71938369708046,7.0
2018-01-01 20:17:00,0.001,Off,0.0,0.0,33.7585438134146,51.0,45.44,2634.6953900723615,0,6.104981862374229,0.0,51.244617401103646,0.0,0.0,0.0,44.01139175121946,42.333312525306816,51.264386678855935,9.729390387164278,7.0
2018-01-01 20:18:00,0.001,Off,0.0,0.0,33.755532138056935,51.0,45.44,2634.721687847332,0,6.105151240858534,0.0,51.23736302548386,0.0,0.0,0.0,44.00737618407591,42.330787367759534,51.2606225590721,9.739389452900875,7.0
2018-01-01 20:19:00,0.001,Off,0.0,0.0,33.75252044190743,51.0,45.44,2634.747968070206,0,6.105320518892879,0.0,51.23011391838035,0.0,0.0,0.0,44.003360589209905,42.328262440605776,51.25685849726328,9.749380901756638,7.0
2018-01-01 20:20:00,0.001,Off,0.0,0.0,33.74950872468935,51.0,45.44,2634.7742307643352,0,6.105489696605395,0.0,51.22287007100689,0.0,0.0,0.0,43.999344966252465,42.32573774384713,51.253094493094565,9.759364741187914,7.0
2018-01-01 20:21:00,0.001,Off,0.0,0.0,33.74649698630206,51.0,45.44,2634.80047595303,0,6.105658774124011,0.0,51.215631474596904,0.0,0.0,0.0,43.99532931506942,42.323213277485216,51.249330546233764,9.769340978641036,7.0
2018-01-01 20:22:00,0.001,Off,0.0,0.0,33.74348522651341,51.0,45.44,2634.8267036595626,0,6.1058277515764505,0.0,51.20839812040342,0.0,0.0,0.0,43.99131363535121,42.320689041521646,51.24556665635137,9.779309621552335,7.0
2018-01-01 20:23:00,0.001,Off,0.0,0.0,33.740473445182104,51.0,45.44,2634.8529139071657,0,6.105996629090234,0.0,51.20116999969903,0.0,0.0,0.0,43.98729792690948,42.31816503595805,51.24180282312059,9.789270677348153,7.0
2018-01-01 20:24:00,0.001,Off,0.0,0.0,33.73746164207402,51.0,45.44,2634.8791067190327,0,6.106165406792681,0.0,51.193947103775834,0.0,0.0,0.0,43.983282189432025,42.3156412607961,51.238039046217274,9.799224153444872,7.0
2018-01-01 20:25:00,0.001,Off,0.0,0.0,33.73444981710787,51.0,45.44,2634.9052821183177,0,6.106334084810907,0.0,51.18672942394538,0.0,0.0,0.0,43.9792664228105,42.313117716037446,51.23427532531999,9.809170057248929,7.0
2018-01-01 20:26:00,0.001,Off,0.0,0.0,33.73143796997988,51.0,45.44,2634.931440128135,0,6.106502663271821,0.0,51.179516951538645,0.0,0.0,0.0,43.975250626639834,42.310594401683765,51.23051166010994,9.819108396156834,7.0
2018-01-01 20:27:00,0.001,Off,0.0,0.0,33.72842610063777,51.0,45.44,2634.95758077156,0,6.106671142302142,0.0,51.172309677905936,0.0,0.0,0.0,43.97123480085036,42.30807131773674,51.226748050270984,9.829039177555176,7.0
2018-01-01 20:28:00,0.001,Off,0.0,0.0,33.7254142088126,51.0,45.44,2634.98370407163,0,6.106839522028376,0.0,51.165107594416895,0.0,0.0,0.0,43.96721894508347,42.30554846419807,51.22298449548963,9.838962408820665,7.0
2018-01-01 20:29:00,0.001,Off,0.0,0.0,33.72240229439018,51.0,45.44,2635.0098100513424,0,6.1070078025768355,0.0,51.157910692460426,0.0,0.0,0.0,43.96320305918691,42.3030258410695,51.21922099545501,9.848878097320128,7.0
2018-01-01 20:30:00,0.001,Off,0.0,0.0,33.71939035718284,51.0,45.44,2635.035898733657,0,6.1071759840736295,0.0,51.15071896344464,0.0,0.0,0.0,43.95918714291045,42.30050344835274,51.2154575498589,9.858786250410535,7.0
2018-01-01 20:31:00,0.001,Off,0.0,0.0,33.71637839698546,51.0,45.44,2635.0619701414926,0,6.107344066644669,0.0,51.1435323987968,0.0,0.0,0.0,43.95517119598062,42.29798128604955,51.21169415839567,9.868686875439021,7.0
2018-01-01 20:32:00,0.001,Off,0.0,0.0,33.71336641367806,51.0,45.44,2635.0880242977323,0,6.1075120504156635,0.0,51.13635098996331,0.0,0.0,0.0,43.95115521823741,42.29545935416166,51.20793082076234,9.878579979742897,7.0
2018-01-01 20:33:00,0.001,Off,0.0,0.0,33.71035440710196,51.0,45.44,2635.114061225218,0,6.107679935512122,0.0,51.129174728409616,0.0,0.0,0.0,43.947139209469285,42.292937652690846,51.20416753665849,9.888465570649672,7.0
2018-01-01 20:34:00,0.001,Off,0.0,0.0,33.70734237704431,51.0,45.44,2635.1400809467546,0,6.107847722059359,0.0,51.1220036056202,0.0,0.0,0.0,43.943123169392415,42.2904161816389,51.20040430578629,9.89834365547707,7.0
2018-01-01 20:35:00,0.001,Off,0.0,0.0,33.70433032337936,51.0,45.44,2635.1660834851073,0,6.108015410182489,0.0,51.114837613098516,0.0,0.0,0.0,43.93910709783915,42.287894941007615,51.196641127850526,9.908214241533045,7.0
2018-01-01 20:36:00,0.001,Off,0.0,0.0,33.701318245915516,51.0,45.44,2635.192068863005,0,6.108183000006425,0.0,51.107676742366934,0.0,0.0,0.0,43.93509099455402,42.285373930798805,51.192878002558516,9.9180773361158,7.0
2018-01-01 20:37:00,0.001,Off,0.0,0.0,33.698306144480554,51.0,45.44,2635.218037103137,0,6.108350491655889,0.0,51.10052098496671,0.0,0.0,0.0,43.93107485930741,42.28285315101427,51.18911492962017,9.927932946513808,7.0
2018-01-01 20:38:00,0.001,Off,0.0,0.0,33.69529401897969,51.0,45.44,2635.2439882281537,0,6.1085178852554005,0.0,51.09337033245791,0.0,0.0,0.0,43.92705869197292,42.280332601655864,51.18535190874795,9.937781080005825,7.0
2018-01-01 20:39:00,0.001,Off,0.0,0.0,33.69228186919811,51.0,45.44,2635.2699222606684,0,6.108685180929283,0.0,51.08622477641939,0.0,0.0,0.0,43.923042492264145,42.277812282725414,51.18158893965684,9.947621743860912,7.0
2018-01-01 20:40:00,0.001,Off,0.0,0.0,33.68926969497714,51.0,45.44,2635.2958392232576,0,6.108852378801668,0.0,51.07908430844875,0.0,0.0,0.0,43.91902625996953,42.27529219422477,51.1778260220644,9.957454945338446,7.0
2018-01-01 20:41:00,0.001,Off,0.0,0.0,33.686257496179415,51.0,45.44,2635.3217391384574,0,6.109019478996485,0.0,51.07194892016226,0.0,0.0,0.0,43.91500999490589,42.27277233615584,51.17406315569068,9.967280691688144,7.0
2018-01-01 20:42:00,0.001,Off,0.0,0.0,33.68324527266172,51.0,45.44,2635.347622028767,0,6.109186481637468,0.0,51.06481860319484,0.0,0.0,0.0,43.9109936968823,42.270252708520445,51.17030034025827,9.977098990150072,7.0
2018-01-01 20:43:00,0.001,Off,0.0,0.0,33.692012629882996,51.0,45.44,2635.3734879166486,0,6.109353386848161,0.0,51.141406201307355,0.0,0.0,0.0,43.92268350651066,42.26773331132055,51.16653757549228,9.986909847954676,7.0
2018-01-01 20:44:00,0.001,Off,0.0,0.0,33.6889754957531,51.0,45.44,2635.399336824526,0,6.109520194751914,0.0,51.13411791717968,0.0,0.0,0.0,43.91863399433747,42.265213243416746,51.1627748611203,9.996713272322785,7.0
2018-01-01 20:45:00,0.001,Off,0.0,0.0,33.68593839440061,51.0,45.44,2635.425168774785,0,6.109686905471873,0.0,51.126835073186086,0.0,0.0,0.0,43.914584525867475,42.26269340785408,51.15901219687239,10.006509270465639,7.0
2018-01-01 20:46:00,0.001,Off,0.0,0.0,33.68290132549657,51.0,45.44,2635.4509837897754,0,6.109853519131,0.0,51.11955766001757,0.0,0.0,0.0,43.910535100662095,42.26017380463003,51.155249582481055,10.0162978495849,7.0
2018-01-01 20:47:00,0.001,Off,0.0,0.0,33.679864288793325,51.0,45.44,2635.476781891807,0,6.110020035852058,0.0,51.11228566838635,0.0,0.0,0.0,43.9064857183911,42.25765443374212,51.151487017681234,10.026079016872666,7.0
2018-01-01 20:48:00,0.001,Off,0.0,0.0,33.676827283909624,51.0,45.44,2635.5025631031554,0,6.110186455757617,0.0,51.105019089025795,0.0,0.0,0.0,43.90243637854616,42.25513529518787,51.14772450221025,10.035852779511503,7.0
2018-01-01 20:49:00,0.001,Off,0.0,0.0,33.67379031062879,51.0,45.44,2635.5283274460567,0,6.1103527789700625,0.0,51.09775791269038,0.0,0.0,0.0,43.89838708083839,42.25261638896485,51.143962035807874,10.045619144674445,7.0
2018-01-01 20:50:00,0.001,Off,0.0,0.0,33.67075336861411,51.0,45.44,2635.5540749427105,0,6.110519005611575,0.0,51.09050213015564,0.0,0.0,0.0,43.89433782481881,42.250097715070666,51.14019961821625,10.055378119525018,7.0
2018-01-01 20:51:00,0.001,Off,0.0,0.0,33.667716457610155,51.0,45.44,2635.579805615279,0,6.11068513580415,0.0,51.083251732218066,0.0,0.0,0.0,43.89028861014687,42.2475792735029,51.13643724917993,10.065129711217262,7.0
2018-01-01 20:52:00,0.001,Off,0.0,0.0,33.66467957728024,51.0,45.44,2635.605519485888,0,6.110851169669599,0.0,51.076006709695115,0.0,0.0,0.0,43.88623943637366,42.24506106425919,51.132674928445844,10.074873926895739,7.0
2018-01-01 20:53:00,0.001,Off,0.0,0.0,33.66164272737474,51.0,45.44,2635.631216576626,0,6.1110171073295225,0.0,51.06876705342513,0.0,0.0,0.0,43.88219030316632,42.2425430873372,51.128912655763294,10.084610773695557,7.0
2018-01-01 20:54:00,0.001,Off,0.0,0.0,33.65860590760921,51.0,45.44,2635.656896909544,0,6.111182948905348,0.0,51.061532754267276,0.0,0.0,0.0,43.87814121014561,42.24002534273456,51.12522200973264,10.094340258742381,7.0
2018-01-01 20:55:00,0.001,Off,0.0,0.0,33.65556911767596,51.0,45.44,2635.682560506657,0,6.111348694518308,0.0,51.0543038031015,0.0,0.0,0.0,43.87409215690128,42.237507830449026,51.12200197090548,10.104062389152457,7.0
2018-01-01 20:56:00,0.001,Off,0.0,0.0,33.65253235728477,51.0,45.44,2635.708207389944,0,6.111514344289439,0.0,51.04708019082847,0.0,0.0,0.0,43.87004314304636,42.23499055047828,51.11878225545397,10.11377717203262,7.0
2018-01-01 20:57:00,0.001,Off,0.0,0.0,33.649495626203446,51.0,45.44,2635.733837581345,0,6.111679898339597,0.0,51.03986190836954,0.0,0.0,0.0,43.86599416827126,42.23247350282006,51.115562863032814,10.12348461448032,7.0
2018-01-01 20:58:00,0.001,Off,0.0,0.0,33.6464589241107,51.0,45.44,2635.7594511027664,0,6.111845356789441,0.0,51.032648946666654,0.0,0.0,0.0,43.861945232147605,42.22995668747213,51.11234379329469,10.133184723583636,7.0
2018-01-01 20:59:00,0.001,Off,0.0,0.0,33.643422250720235,51.0,45.44,2635.785047976075,0,6.112010719759446,0.0,51.02544129668235,0.0,0.0,0.0,43.85789633429364,42.22744010443227,51.10912504589023,10.142877506421286,7.0
2018-01-01 21:00:00,0.001,Off,0.0,0.0,33.64038560579399,51.0,45.44,2635.810628223103,0,6.112175987369895,0.0,51.01823894939967,0.0,0.0,0.0,43.85384747439198,42.22492375369829,51.10590662046809,10.15256297006265,7.0
2018-01-01 21:01:00,0.001,Off,0.0,0.0,33.63734898902237,51.0,45.44,2635.836191865647,0,6.112341159740888,0.0,51.0110418958221,0.0,0.0,0.0,43.84979865202983,42.22240763526802,51.1026885166749,10.162241121567789,7.0
2018-01-01 21:02:00,0.001,Off,0.0,0.0,33.63431240013837,51.0,45.44,2635.861738925465,0,6.112506236992328,0.0,51.00385012697357,0.0,0.0,0.0,43.84574986685116,42.21989174913928,51.09947073415536,10.171911967987455,7.0
2018-01-01 21:03:00,0.001,Off,0.0,0.0,33.63127583890201,51.0,45.44,2635.88726942428,0,6.112671219243943,0.0,50.99666363389833,0.0,0.0,0.0,43.841701118536015,42.21737609530996,51.096253272552175,10.181575516363111,7.0
2018-01-01 21:04:00,0.001,Off,0.0,0.0,32.44635562090116,51.0,45.44,2635.91278338378,0,6.112836106615263,0.0,50.98948240766095,9.15370321785239,28072.57777777781,0.0,42.26180749453488,42.21486067377795,51.09303613150614,10.191231773726948,7.0
2018-01-01 21:05:00,0.45049887382187903,Heat Pump On,2686.1095941460644,5.96252232854219,-1441.7320044986568,51.0,45.44,2686.109594146065,1,6.464781888428362,0.0,50.991785899696936,0.0,0.0,2686.1095941460644,40.828094553741266,40.60176923211756,51.0893307967618,8.797890920894119,7.0
2018-01-01 21:06:00,0.45198302368955084,Heat Pump On,2681.6848230143405,5.9331538630005785,-1437.6160482243777,51.0,45.44,2681.684823014341,1,6.431160672408787,0.0,50.98463620802367,0.0,0.0,2681.684823014341,41.11618577331183,40.75354249530239,51.086083367161876,8.890107195524823,7.0
2018-01-01 21:07:00,0.45346845431979377,Heat Pump On,2677.1874594622755,5.903800879551981,-1433.4516723231707,51.0,45.44,2677.1874594622755,1,6.397584888002974,0.0,50.977491681264446,0.0,0.0,2677.1874594622755,41.403828094489654,40.905045357587326,51.08283635384502,8.98253319869658,7.0
2018-01-01 21:08:00,0.4549551851084185,Heat Pump On,2672.618126825889,5.874464594109392,-1429.2392814622435,51.0,45.44,2672.6181268258883,1,6.3640555506795495,0.0,50.970352310781585,0.0,0.0,2672.618126825889,41.69101342838212,41.0562736797313,51.07958975333656,9.075165237111241,7.0
2018-01-01 21:09:00,0.45644323623613875,Heat Pump On,2667.977454679617,5.845146215069231,-1424.979283857127,51.0,45.44,2667.977454679617,1,6.330573669913457,0.0,50.96321808795686,0.0,0.0,2667.9774546796175,41.97773375409179,41.207223358721365,51.12985108522882,9.167999630862697,7.0
2018-01-01 21:10:00,0.45790465220825655,Heat Pump On,2663.3551841788994,5.816396866323159,-1420.7339416705747,51.0,45.44,2663.3551841789,1,6.29776752341648,0.0,51.065606708270714,0.0,0.0,2663.3551841788994,42.284545906733,41.3578903281266,51.065606708270714,9.261032713728607,7.0
2018-01-01 21:11:00,0.45939537426797866,Heat Pump On,2658.5750801884956,5.787117653121321,-1416.3808783538489,51.0,45.44,2658.5750801884956,1,6.264382793460362,0.0,51.0583938953556,0.0,0.0,2658.5750801884956,42.570303404922925,41.50827449097272,51.144995845844704,9.354263627928345,7.0
2018-01-01 21:12:00,0.46086024992183916,Heat Pump On,2653.8146330003083,5.758393425014176,-1412.0533918467981,51.0,45.44,2653.8146330003083,1,6.23165612072829,0.0,51.085399293720734,0.0,0.0,2653.8146330003083,42.8620013133218,41.65836799956179,51.08539929372074,9.44768599455898,7.0
2018-01-01 21:13:00,0.4623537362644265,Heat Pump On,2648.897589867439,5.729157963054716,-1407.608858101587,51.0,45.44,2648.897589867439,1,6.198372367168038,0.0,51.078181885362916,0.0,0.0,2648.897589867439,43.14678036853502,41.808171640873006,51.16475610565154,9.54129898371564,7.0
2018-01-01 21:14:00,0.4638212594126383,Heat Pump On,2644.004342135185,5.700481141126281,-1404.3578690733907,51.0,45.44,2644.004342135185,1,6.165749211586921,0.0,51.105176030300136,9.129691861790468,28072.577777777813,2644.004342135185,41.88395403132017,41.95767682716986,51.105176030300136,9.6350962440102,7.0
2018-01-01 21:15:00,0.44968483070336934,Heat Pump On,2688.5070667305104,5.97864745076082,-1444.010081451274,51.0,45.44,2688.5070667305104,1,6.483253950163521,0.0,51.09795403017945,0.0,0.0,2688.5070667305104,40.61679243551907,40.49630705104706,51.10197385918284,8.573062282571163,7.0
2018-01-01 21:16:00,0.45116708025661534,Heat Pump On,2684.1259916016957,5.949294860066066,-1439.923884126743,51.0,45.44,2684.1259916016957,1,6.449635540482011,0.0,51.090737275062175,0.0,0.0,2684.1259916016957,40.905329814680044,40.648229992914324,51.15348485771825,8.666279700446038,7.0
2018-01-01 21:17:00,0.45262813161042836,Heat Pump On,2679.7400638436056,5.9204010460181165,-1435.8441660358253,51.0,45.44,2679.7400638436056,1,6.416569816573849,0.0,51.116473083998265,0.0,0.0,2679.7400638436056,41.199612317429,40.79988501534532,51.11647308399827,8.759705909337885,7.0
2018-01-01 21:18:00,0.4541129145059869,Heat Pump On,2675.215075695564,5.891079047170094,-1431.6619845909875,51.0,45.44,2675.215075695564,1,6.383041378834317,0.0,51.10924846092747,0.0,0.0,2675.215075695564,41.487255725511204,40.95127151029303,51.19604187199043,8.853339351786998,7.0
2018-01-01 21:19:00,0.4555720090682595,Heat Pump On,2670.7026025738496,5.862306176439588,-1427.500530967172,51.0,45.44,2670.702602573849,1,6.350167260276207,0.0,51.13631600625217,0.0,0.0,2670.7026025738496,41.780880995356256,41.10238188007377,51.13631600625219,8.947174264120026,7.0
2018-01-01 21:20:00,0.4570593982573538,Heat Pump On,2666.0363775987985,5.833019488853501,-1423.2241057243768,51.0,45.44,2666.036377598798,1,6.316732641440111,0.0,51.12908677605146,0.0,0.0,2666.0363775987985,42.0676008546352,41.253216499528435,51.215868697412766,9.041209621343336,7.0
2018-01-01 21:21:00,0.4585209812276393,Heat Pump On,2661.3868089007365,5.804285775048215,-1418.971231197246,51.0,45.44,2661.3868089007365,1,6.283955050317239,0.0,51.15614846076399,0.0,0.0,2661.3868089007365,42.36028675599755,41.403766943329195,51.156148460763994,9.13543918914402,7.0
2018-01-01 21:22:00,0.460011059898114,Heat Pump On,2656.5818538652024,5.775039092437469,-1414.6021849920073,51.0,45.44,2656.581853865203,1,6.250618170976664,0.0,51.14891462586376,0.0,0.0,2656.5818538652024,42.64605203502833,41.554033824829254,51.23567507293101,9.229862060598807,7.0
2018-01-01 21:23:00,0.4614752152016944,Heat Pump On,2651.7976948264886,5.746349115775335,-1410.2595111637017,51.0,45.44,2651.7976948264886,1,6.217940926701602,0.0,51.17596713322729,0.0,0.0,2651.7976948264886,42.93776718488334,41.70400862579489,51.175967133227296,9.324471938901917,7.0
2018-01-01 21:24:00,0.4629680727967911,Heat Pump On,2646.8565611969384,5.717147070654943,-1405.7994917954256,51.0,45.44,2646.8565611969384,1,6.1847056578300545,0.0,51.16872869682747,0.0,0.0,2646.8565611969384,43.222547398228926,41.8536921980239,51.255457815529255,9.419268035534865,7.0
2018-01-01 21:25:00,0.46443489051069536,Heat Pump On,2641.9403593939137,5.688505349993883,-1401.3686637336564,51.0,45.44,2641.9403593939137,1,6.152132529921004,0.0,51.195768754089784,0.0,0.0,2641.9403593939137,43.513260972356875,42.00307593297769,51.195768754089784,9.514243993030178,7.0
2018-01-01 21:26:00,0.4659306228515138,Heat Pump On,2636.865640942104,5.659352512192442,-1396.8193422971995,51.0,45.44,2636.865640942104,1,6.1190026911842175,0.0,51.1885257201494,0.0,0.0,2636.865640942104,43.797026190120505,42.152160920694925,51.33345887853692,9.609399141538665,7.0
2018-01-01 21:27:00,0.4673138999972391,Heat Pump On,2632.1179034927427,5.63244085722315,-1392.5500456252828,51.0,45.44,2632.1179034927427,1,6.08844153174245,0.0,51.25498201869688,0.0,0.0,2632.1179034927427,44.094128908999664,42.30093846493123,51.25498201869689,9.704727064765006,7.0
2018-01-01 21:28:00,0.46881250279766035,Heat Pump On,2626.916068574519,5.603340467453995,-1387.9156934728544,51.0,45.44,2626.916068574519,1,6.055418070326503,0.0,51.247725236620056,0.0,0.0,2626.916068574519,44.37687991983012,42.44942656101061,51.4131433196103,9.80023655489015,7.0
2018-01-01 21:29:00,0.47019166210667424,Heat Pump On,2622.076088683563,5.576611199219186,-1383.588608109079,51.0,45.44,2622.0760886835633,1,6.025106446181957,0.0,51.31698226323065,0.0,0.0,2622.076088683563,44.67348457555681,42.59759997848065,51.31698226323065,9.895911954904681,7.0
2018-01-01 21:30:00,0.47169322932358654,Heat Pump On,2616.74995066034,5.547567333991181,-1378.8710386261916,51.0,45.44,2616.7499506603403,1,5.992192630770896,0.0,51.30971108593636,0.0,0.0,2616.7499506603403,44.955196608088045,42.74547868395182,51.47488062246351,9.991763140845997,7.0
2018-01-01 21:31:00,0.4730748272110429,Heat Pump On,2611.7980598045515,5.52089840671105,-1374.469293051511,51.0,45.44,2611.798059804552,1,5.9619907321137084,0.0,51.37880259340197,0.0,0.0,2611.7980598045515,45.25072061360697,42.89303563852331,51.37880259340197,10.087773445006807,7.0
2018-01-01 21:32:00,0.47457946665923095,Heat Pump On,2606.350170300778,5.4919151657529515,-1370.851542503846,51.0,45.44,2606.3501703007773,1,5.929189982664186,0.0,51.371517062662726,9.074890680388723,28072.577777777813,2606.350170300778,43.95616253276603,43.04029152219672,51.536421242537195,10.18395312262217,7.0
2018-01-01 21:33:00,0.45944242279051745,Heat Pump On,2658.4231546947276,5.786194358257671,-1416.1731366351976,51.0,45.44,2658.423154694728,1,6.263330458856575,0.0,51.41010448162846,0.0,0.0,2658.4231546947276,42.67219522877531,41.57664244144072,51.410104481628466,8.891467054986963,7.0
2018-01-01 21:34:00,0.4609336122341376,Heat Pump On,2653.574593189097,5.7569561489067045,-1411.7748313795755,51.0,45.44,2653.5745931890974,1,6.230019225931425,0.0,51.40281168321645,0.0,0.0,2653.5745931890974,42.95762140093075,41.72672138723841,51.48920521395002,8.98595114786008,7.0
2018-01-01 21:35:00,0.4623989670908937,Heat Pump On,2648.7476827297037,5.728273355353408,-1407.4034187674567,51.0,45.44,2648.7476827297037,1,6.197365662248787,0.0,51.42972645341792,0.0,0.0,2648.7476827297037,43.248978072210775,41.876505770032864,51.42972645341792,9.080621368443902,7.0
2018-01-01 21:36:00,0.4638929638447652,Heat Pump On,2643.7637026374696,5.699081272381974,-1402.914630042102,51.0,45.44,2643.7637026374696,1,6.164157320133518,0.0,51.422429099176284,0.0,0.0,2643.76370263747,43.53341008144389,42.02599649179184,51.50878862029338,9.175476945413472,7.0
2018-01-01 21:37:00,0.465361010360454,Heat Pump On,2638.8054965130586,5.6704481848815025,-1398.4555438715684,51.0,45.44,2638.8054965130586,1,6.1316091211489985,0.0,51.44933054059797,0.0,0.0,2638.8054965130586,43.82375598553426,42.1751849379342,51.44933054059797,9.270511508840883,7.0
2018-01-01 21:38:00,0.46685791234041113,Heat Pump On,2633.6887062705578,5.641306780188389,-1393.8779509477336,51.0,45.44,2633.6887062705578,1,6.098507474362442,0.0,51.44202863467915,0.0,0.0,2633.6887062705578,44.107164061550975,42.32407224793338,51.52834446518968,9.365724405824754,7.0
2018-01-01 21:39:00,0.46832874895021925,Heat Pump On,2628.6018060525544,5.6127278368980935,-1389.3328658578052,51.0,45.44,2628.601806052555,1,6.06606834284731,0.0,51.468913532865706,0.0,0.0,2628.6018060525544,44.39646910631518,42.47264972106992,51.46891353286571,9.461109208631031,7.0
2018-01-01 21:40:00,0.46982866061765605,Heat Pump On,2623.3548532425275,5.583641597755568,-1384.6681690975452,51.0,45.44,2623.3548532425275,1,6.033077142422399,0.0,51.461607080167525,0.0,0.0,2623.3548532425275,44.678824046493446,42.62091873394755,51.5569213114195,9.556665382957972,7.0
2018-01-01 21:41:00,0.471231195858636,Heat Pump On,2618.395034775528,5.556497655051294,-1380.2482885051204,51.0,45.44,2618.3950347755285,1,6.002310379526454,0.0,51.52071327419184,0.0,0.0,2618.395034775528,44.97312690670469,42.768870502297304,51.52071327419185,9.652386445097886,7.0
2018-01-01 21:42:00,0.47273413705833167,Heat Pump On,2613.023676170464,5.527469821473963,-1375.5002764826793,51.0,45.44,2613.023676170464,1,5.969430882705539,0.0,51.51339479462913,0.0,0.0,2613.023676170464,45.25442577510421,42.9165208149649,51.67789843722141,9.748279918192344,7.0
2018-01-01 21:43:00,0.47411729045769097,Heat Pump On,2608.0296291660934,5.500811047511939,-1371.070020778595,51.0,45.44,2608.029629166094,1,5.939255150822575,0.0,51.582252927061305,0.0,0.0,2608.0296291660934,45.549497025267556,43.06384680590319,51.58225292706131,9.844331455305639,7.0
2018-01-01 21:44:00,0.47562334413676,Heat Pump On,2602.537392619394,5.471845368193417,-1366.240981058195,51.0,45.44,2602.537392619394,1,5.906490037921419,0.0,51.57492015922131,0.0,0.0,2602.537392619394,45.82972125379092,43.21086933320747,51.7391540263163,9.9405513982935,7.0
2018-01-01 21:45:00,0.47700907396064396,Heat Pump On,2597.4346486536056,5.445252072642772,-1361.738123152143,51.0,45.44,2597.4346486536056,1,5.87642833976046,0.0,51.64360387960878,0.0,0.0,2597.4346486536056,46.12367486028188,43.35756066505728,51.64360387960878,10.036922685289785,7.0
2018-01-01 21:46:00,0.47851835652897384,Heat Pump On,2591.8241272148234,5.416352563807844,-1356.8297096019332,51.0,45.44,2591.824127214823,1,5.843780959820331,0.0,51.63625686730393,0.0,0.0,2591.8241272148234,46.402798734302905,43.50394236090007,51.800204518198505,10.1334560312726,7.0
2018-01-01 21:47:00,0.4799067700006391,Heat Pump On,2586.6151395493152,5.389828402599677,-1352.2558179102678,51.0,45.44,2586.6151395493157,1,5.813836322485271,0.0,51.7047594681873,0.0,0.0,2586.6151395493152,46.695607989145174,43.64998613781504,51.704759468187305,10.230134066417545,7.0
2018-01-01 21:48:00,0.48141940423976215,Heat Pump On,2580.8889523844673,5.360999015941415,-1347.2696970169977,51.0,45.44,2580.8889523844673,1,5.781309969667734,0.0,51.6973982567772,0.0,0.0,2580.8889523844673,46.97360634467668,43.795714248638475,51.86104353727908,10.326967874818632,7.0
2018-01-01 21:49:00,0.48281061432481615,Heat Pump On,2575.576196105022,5.3345475838529826,-1342.6263501375424,51.0,45.44,2575.576196105022,1,5.751485368403633,0.0,51.76571315837968,0.0,0.0,2575.576196105022,47.26524511652451,43.94109786877941,51.76571315837968,10.423939784254385,7.0
2018-01-01 21:50:00,0.48432672950502015,Heat Pump On,2569.736986347695,5.3057922055509,-1337.5641995074234,51.0,45.44,2569.736986347695,1,5.7190832808422645,0.0,51.7583377947411,0.0,0.0,2569.736986347695,47.54209334498955,44.08615993625186,51.92166484094285,10.521061243795351,7.0
2018-01-01 21:51:00,0.48572085501286205,Heat Pump On,2564.3229563814443,5.27941703535365,-1332.8529848396972,51.0,45.44,2564.322956381444,1,5.689381638016876,0.0,51.82645854644071,0.0,0.0,2564.3229563814443,47.8325360847557,44.230871094349084,51.82645854644072,10.61831428445252,7.0
2018-01-01 21:52:00,0.4872405870128941,Heat Pump On,2558.3733889920686,5.2507394851413824,-1327.7164917025875,51.0,45.44,2558.3733889920686,1,5.657106996721471,0.0,51.81906907893725,0.0,0.0,2558.3733889920686,48.10821013822351,44.37525495781339,51.98206232073756,10.715710716005605,7.0
2018-01-01 21:53:00,0.48863775270034804,Heat Pump On,2552.8605981344976,5.224444046794749,-1322.9390040738338,51.0,45.44,2552.860598134497,1,5.62753118085566,0.0,51.88698936062983,0.0,0.0,2552.8605981344976,48.39743188360626,44.51928164749184,51.88698936062984,10.813232278390755,7.0
2018-01-01 21:54:00,0.49016124412990525,Heat Pump On,2546.8033577704146,5.195848077077768,-1317.7298637935041,51.0,45.44,2546.803357770415,1,5.5953871086694384,0.0,51.87958583908126,0.0,0.0,2546.8033577704146,48.67190827897639,44.66297544617703,52.04223000345362,10.910891137706471,7.0
2018-01-01 21:55:00,0.4915615808072167,Heat Pump On,2541.194334724479,5.169635776969109,-1312.8877040910693,51.0,45.44,2541.194334724479,1,5.5659399335168755,0.0,51.947299462434685,0.0,0.0,2541.194334724479,48.95988465909841,44.80630596204554,51.94729946243469,11.008668748564695,7.0
2018-01-01 21:56:00,0.49308898113242483,Heat Pump On,2535.0321236233763,5.141125071992967,-1307.607618682632,51.0,45.44,2535.0321236233767,1,5.533929494127141,0.0,51.93988193808599,0.0,0.0,2535.0321236233763,49.23314048186148,44.9492981370433,52.10216205209596,11.106577628874344,7.0
2018-01-01 21:57:00,0.001,Off,0.0,0.0,37.78665670410413,51.0,45.44,2529.329411053054,0,5.504613717803649,0.0,52.00738284768596,0.0,0.0,0.0,49.38220893880551,45.0919210765494,52.007382847685975,11.204598953726595,7.0
2018-01-01 21:58:00,0.001,Off,0.0,0.0,37.784446794839525,51.0,45.44,2529.423554236623,0,5.5050953276146375,0.0,51.99995137317621,0.0,0.0,0.0,49.37926239311936,45.08908776788448,52.00408779801837,11.22342235345638,7.0
2018-01-01 21:59:00,0.001,Off,0.0,0.0,37.782233652182875,51.0,45.44,2529.5175572510743,0,5.505576298263461,0.0,51.99252529580144,0.0,0.0,0.0,49.37631153624383,45.086254628277906,52.00079308756285,11.242215759002356,7.0
2018-01-01 22:00:00,0.001,Off,0.0,0.0,37.7800172839633,51.0,45.44,2529.611420433645,0,5.506056631167784,0.0,51.98510460656096,0.0,0.0,0.0,49.373356378617736,45.083421657977,51.99749871627959,11.26097923250651,7.0
2018-01-01 22:01:00,0.001,Off,0.0,0.0,37.77779769793252,51.0,45.44,2529.705144120617,0,5.506536327741702,0.0,51.977689296474196,0.0,0.0,0.0,49.370396930576696,45.08058885722852,51.99420468412551,11.279712835960346,7.0
2018-01-01 22:02:00,0.001,Off,0.0,0.0,37.77557490185774,51.0,45.44,2529.798728647322,0,5.507015389395757,0.0,51.97027935658069,0.0,0.0,0.0,49.36743320247698,45.077756226278645,51.99091099105434,11.298416631205283,7.0
2018-01-01 22:03:00,0.001,Off,0.0,0.0,37.77334890352935,51.0,45.44,2529.892174348148,0,5.5074938175369414,0.0,51.96287477794004,0.0,0.0,0.0,49.36446520470581,45.07492376537294,51.98761763701657,11.317090679933052,7.0
2018-01-01 22:04:00,0.001,Off,0.0,0.0,37.77111971065653,51.0,45.44,2529.9854815565345,0,5.507971613568713,0.0,51.955475551631814,0.0,0.0,0.0,49.36149294754204,45.07209147475635,51.98432462195953,11.335735043686082,7.0
2018-01-01 22:05:00,0.001,Off,0.0,0.0,37.768887330975474,51.0,45.44,2530.0786506049844,0,5.508448778890995,0.0,51.94808166875554,0.0,0.0,0.0,49.35851644130063,45.06925935467331,51.981031945827375,11.354349783857899,7.0
2018-01-01 22:06:00,0.001,Off,0.0,0.0,37.76665177212571,51.0,45.44,2530.17168182506,0,5.508925314900201,0.0,51.94069312043064,0.0,0.0,0.0,49.355535696167614,45.066427405367556,51.9777396085611,11.372934961693515,7.0
2018-01-01 22:07:00,0.001,Off,0.0,0.0,37.764413041841486,51.0,45.44,2530.2645755473905,0,5.509401222989227,0.0,51.93330989779638,0.0,0.0,0.0,49.35255072245531,45.06359562708234,51.974447610098615,11.39149063828982,7.0
2018-01-01 22:08:00,0.001,Off,0.0,0.0,37.76217114776813,51.0,45.44,2530.3573321016725,0,5.509876504547475,0.0,51.92593199201182,0.0,0.0,0.0,49.349561530357505,45.06076402006025,51.97115595037468,11.41001687459597,7.0
2018-01-01 22:09:00,0.001,Off,0.0,0.0,37.75992609754124,51.0,45.44,2530.4499518166726,0,5.510351160960857,0.0,51.918559394255766,0.0,0.0,0.0,49.34656813005499,45.05793258454334,51.967864629320985,11.428513731413771,7.0
2018-01-01 22:10:00,0.001,Off,0.0,0.0,37.75767789876742,51.0,45.44,2530.5424350202325,0,5.510825193611801,0.0,51.911192095726705,0.0,0.0,0.0,49.34357053168989,45.055101320773026,51.96457364686616,11.446981269398075,7.0
2018-01-01 22:11:00,0.001,Off,0.0,0.0,37.75542655903775,51.0,45.44,2530.6347820392707,0,5.5112986038792675,0.0,51.90383008764279,0.0,0.0,0.0,49.34056874538367,45.05227022899019,51.961283002935765,11.465419549057154,7.0
2018-01-01 22:12:00,0.001,Off,0.0,0.0,37.75317208600335,51.0,45.44,2530.7269931997853,0,5.511771393138753,0.0,51.89647336124175,0.0,0.0,0.0,49.3375627813378,45.0494393094351,51.957992697452354,11.483828630753099,7.0
2018-01-01 22:13:00,0.001,Off,0.0,0.0,37.75091448715275,51.0,45.44,2530.8190688268564,0,5.512243562762302,0.0,51.88912190778086,0.0,0.0,0.0,49.334552649536995,45.04660856234749,51.95470273033545,11.502208574702193,7.0
2018-01-01 22:14:00,0.001,Off,0.0,0.0,37.74865377003256,51.0,45.44,2530.9110092446513,0,5.5127151141185164,0.0,51.8817757185369,0.0,0.0,0.0,49.33153836004341,45.043777987966436,51.951413101501586,11.5205594409753,7.0
2018-01-01 22:15:00,0.001,Off,0.0,0.0,37.7463899422281,51.0,45.44,2531.0028147764233,0,5.513186048572563,0.0,51.87443478480609,0.0,0.0,0.0,49.3285199229708,45.040947586530535,51.94812381086433,11.538881289498237,7.0
2018-01-01 22:16:00,0.001,Off,0.0,0.0,37.74412301118727,51.0,45.44,2531.0944857445193,0,5.513656367486185,0.0,51.86709909790404,0.0,0.0,0.0,49.32549734824969,45.03811735827773,51.94483485833429,11.557174180052169,7.0
2018-01-01 22:17:00,0.001,Off,0.0,0.0,37.741852984470206,51.0,45.44,2531.18602247038,0,5.51412607221771,0.0,51.859768649165716,0.0,0.0,0.0,49.32247064596027,45.0352873034454,51.94154624381913,11.57543817227398,7.0
2018-01-01 22:18:00,0.001,Off,0.0,0.0,37.73957986944937,51.0,45.44,2531.2774252745407,0,5.514595164122059,0.0,51.85244342994537,0.0,0.0,0.0,49.31943982593249,45.032457422270404,51.9382579672236,11.593673325656653,7.0
2018-01-01 22:19:00,0.001,Off,0.0,0.0,37.737303673681055,51.0,45.44,2531.3686944766405,0,5.515063644550758,0.0,51.84512343161652,0.0,0.0,0.0,49.31640489824141,45.02962771498897,51.93497002844955,11.611879699549645,7.0
2018-01-01 22:20:00,0.001,Off,0.0,0.0,37.73502440454541,51.0,45.44,2531.459830395417,0,5.5155315148519435,0.0,51.837808645571876,0.0,0.0,0.0,49.31336587272722,45.02679818183679,51.931682427395934,11.630057353159268,7.0
2018-01-01 22:21:00,0.001,Off,0.0,0.0,37.73274206945557,51.0,45.44,2531.5508333487187,0,5.515998776370373,0.0,51.830499063223286,0.0,0.0,0.0,49.310322759274094,45.02396882304897,51.928395163958875,11.64820634554906,7.0
2018-01-01 22:22:00,0.001,Off,0.0,0.0,37.74243326704684,51.0,45.44,2531.641703653496,0,5.516465430447436,0.0,51.90830742443827,0.0,0.0,0.0,49.32324435606245,45.02113963886006,51.92510823803161,11.666326735640164,7.0
2018-01-01 22:23:00,0.001,Off,0.0,0.0,37.74011954588212,51.0,45.44,2531.7324416258148,0,5.5169314784211565,0.0,51.90083732820226,0.0,0.0,0.0,49.3201593945095,45.01830971329337,51.921821615945866,11.6844185822117,7.0
2018-01-01 22:24:00,0.001,Off,0.0,0.0,37.737802839817576,51.0,45.44,2531.823047580854,0,5.517396921626218,0.0,51.89337281039657,0.0,0.0,0.0,49.317070453090096,45.01547996472663,51.9185352643224,11.702481943901136,7.0
2018-01-01 22:25:00,0.001,Off,0.0,0.0,37.73548315610758,51.0,45.44,2531.9135218329093,0,5.517861761393951,0.0,51.88591386147418,0.0,0.0,0.0,49.313977541476774,45.012650393388185,51.91524918348234,11.720516879204656,7.0
2018-01-01 22:26:00,0.001,Off,0.0,0.0,37.733160501894346,51.0,45.44,2532.0038646953944,0,5.518325999052362,0.0,51.878460471909825,0.0,0.0,0.0,49.310880669192464,45.009820999505806,51.91196337374199,11.73852344647754,7.0
2018-01-01 22:27:00,0.001,Off,0.0,0.0,37.73083488432587,51.0,45.44,2532.094076480848,0,5.518789635926121,0.0,51.87101263219995,0.0,0.0,0.0,49.30777984576783,45.00699178330676,51.9086778354129,11.756501703934525,7.0
2018-01-01 22:28:00,0.001,Off,0.0,0.0,37.728506310565585,51.0,45.44,2532.1841575009316,0,5.519252673336596,0.0,51.86357033286264,0.0,0.0,0.0,49.304675080754116,45.004162745017744,51.90539256880186,11.774451709650174,7.0
2018-01-01 22:29:00,0.001,Off,0.0,0.0,37.72617478774796,51.0,45.44,2532.274108066435,0,5.5197151126018404,0.0,51.856133564437606,0.0,0.0,0.0,49.301566383663946,45.00133388486489,51.90210757421092,11.792373521559245,7.0
2018-01-01 22:30:00,0.001,Off,0.0,0.0,37.72384032294356,51.0,45.44,2532.3639284872797,0,5.520176955036615,0.0,51.84870231748605,0.0,0.0,0.0,49.29845376392475,44.998505203073805,51.89882285193746,11.810267197457064,7.0
2018-01-01 22:31:00,0.001,Off,0.0,0.0,37.72150292321718,51.0,45.44,2532.453619072519,0,5.52063820195239,0.0,51.841276582590716,0.0,0.0,0.0,49.29533723095624,44.99567669986957,51.89553840985169,11.82813279499987,7.0
2018-01-01 22:32:00,0.001,Off,0.0,0.0,37.71916259576131,51.0,45.44,2532.543180130342,0,5.521098854657355,0.0,51.83385635035574,0.0,0.0,0.0,49.29221679434841,44.99284837547669,51.892254612658746,11.845970371705207,7.0
2018-01-01 22:33:00,0.001,Off,0.0,0.0,37.716819347513024,51.0,45.44,2532.6326119680784,0,5.5215589144564285,0.0,51.826441611406636,0.0,0.0,0.0,49.2890924633507,44.99002023011913,51.88897113757194,11.863779984952265,7.0
2018-01-01 22:34:00,0.001,Off,0.0,0.0,37.71447318551579,51.0,45.44,2532.7219148921968,0,5.5220183826512725,0.0,51.819032356390245,0.0,0.0,0.0,49.28596424735439,44.98719226402035,51.885687984052275,11.881561691982249,7.0
2018-01-01 22:35:00,0.001,Off,0.0,0.0,37.71212411689055,51.0,45.44,2532.8110892083123,0,5.522477260540288,0.0,51.81162857597469,0.0,0.0,0.0,49.28283215585407,44.98436447740323,51.88240515156072,11.899315549898745,7.0
2018-01-01 22:36:00,0.001,Off,0.0,0.0,37.7097721485337,51.0,45.44,2532.9001352211844,0,5.522935549418638,0.0,51.80423026084927,0.0,0.0,0.0,49.27969619804493,44.98153687049016,51.87912263955824,11.917041615668076,7.0
2018-01-01 22:37:00,0.001,Off,0.0,0.0,37.707417287471344,51.0,45.44,2532.9890532347235,0,5.523393250578246,0.0,51.79683740172447,0.0,0.0,0.0,49.27655638329512,44.97870944350294,51.87584044750582,11.934739946119661,7.0
2018-01-01 22:38:00,0.001,Off,0.0,0.0,37.70505954069277,51.0,45.44,2533.0778435519924,0,5.523850365307806,0.0,51.78944998933185,0.0,0.0,0.0,49.2734127209237,44.97588219666288,51.872558574864435,11.952410597946374,7.0
2018-01-01 22:39:00,0.001,Off,0.0,0.0,37.70269891511185,51.0,45.44,2533.1665064752065,0,5.5243068948928045,0.0,51.78206801442404,0.0,0.0,0.0,49.270265220149135,44.97305513019072,51.86927702109509,11.9700536277049,7.0
2018-01-01 22:40:00,0.001,Off,0.0,0.0,37.700335417688876,51.0,45.44,2533.2550423057405,0,5.524762840615504,0.0,51.774691467774666,0.0,0.0,0.0,49.267113890251835,44.9702282443067,51.8659957856588,11.987669091816093,7.0
2018-01-01 22:41:00,0.001,Off,0.0,0.0,37.69796905537831,51.0,45.44,2533.343451344128,0,5.525218203754977,0.0,51.76732034017827,0.0,0.0,0.0,49.263958740504414,44.967401539230536,51.86271486801661,12.005257046565333,7.0
2018-01-01 22:42:00,0.001,Off,0.0,0.0,37.69559983498566,51.0,45.44,2533.431733890067,0,5.525672985587099,0.0,51.7599546224503,0.0,0.0,0.0,49.26079977998088,44.964575015181346,51.85943426762961,12.022817548102873,7.0
2018-01-01 22:43:00,0.001,Off,0.0,0.0,37.69322776348862,51.0,45.44,2533.519890242417,0,5.52612718738456,0.0,51.75259430542703,0.0,0.0,0.0,49.25763701798483,44.961748672377816,51.856153983958926,12.040350652444205,7.0
2018-01-01 22:44:00,0.001,Off,0.0,0.0,37.69085284770622,51.0,45.44,2533.6079206992104,0,5.5265808104168785,0.0,51.74523937996551,0.0,0.0,0.0,49.25447046360829,44.958922511038026,51.85287401646574,12.057856415470399,7.0
2018-01-01 22:45:00,0.001,Off,0.0,0.0,37.688475094523284,51.0,45.44,2533.6958255576446,0,5.527033855950402,0.0,51.73788983694352,0.0,0.0,0.0,49.25130012603104,44.956096531379586,51.849594364611285,12.07533489292846,7.0
2018-01-01 22:46:00,0.001,Off,0.0,0.0,37.68609451072982,51.0,45.44,2533.7836051140944,0,5.5274863252483275,0.0,51.73054566725951,0.0,0.0,0.0,49.24812601430643,44.95327073361955,51.84631502785683,12.092786140431683,7.0
2018-01-01 22:47:00,0.001,Off,0.0,0.0,37.68371110318744,51.0,45.44,2533.871259664108,0,5.527938219570694,0.0,51.72320686183256,0.0,0.0,0.0,49.24494813758326,44.95044511797445,51.843036005663755,12.110210213459993,7.0
2018-01-01 22:48:00,0.001,Off,0.0,0.0,37.68132487867454,51.0,45.44,2533.958789502412,0,5.528389540174399,0.0,51.715873411602296,0.0,0.0,0.0,49.24176650489938,44.947619684660324,51.839757297493485,12.127607167360305,7.0
2018-01-01 22:49:00,0.001,Off,0.0,0.0,37.67893584400434,51.0,45.44,2534.0461949229148,0,5.528840288313213,0.0,51.70854530752887,0.0,0.0,0.0,49.238581125339124,44.94479443389264,51.83647890280753,12.144977057346855,7.0
2018-01-01 22:50:00,0.001,Off,0.0,0.0,37.67654400590879,51.0,45.44,2534.133476218706,0,5.52929046523778,0.0,51.701222540592894,0.0,0.0,0.0,49.23539200787838,44.9419693658864,51.83320082106748,12.162319938501568,7.0
2018-01-01 22:51:00,0.001,Off,0.0,0.0,37.67414937117596,51.0,45.44,2534.2206336820623,0,5.529740072195627,0.0,51.693905101795394,0.0,0.0,0.0,49.23219916156795,44.93914448085607,51.82992305173503,12.179635865774385,7.0
2018-01-01 22:52:00,0.001,Off,0.0,0.0,37.67175194652042,51.0,45.44,2534.307667604449,0,5.53018911043117,0.0,51.68659298215774,0.0,0.0,0.0,49.22900259536056,44.93631977901559,51.826645594271966,12.196924893983615,7.0
2018-01-01 22:53:00,0.001,Off,0.0,0.0,36.42847757291929,51.0,45.44,2534.3945782765213,0,5.53063758118573,0.0,51.67928617272162,9.01237913940779,28072.577777777813,0.0,47.571303430559055,44.93349526057837,51.82336844814019,12.214187077816286,7.0
2018-01-01 22:54:00,0.001,Off,0.0,0.0,35.184982059450725,51.0,45.44,2603.7549764076857,0,5.913716651944149,0.0,51.69817222825015,0.0,0.0,0.0,45.91330941260097,43.32009918611267,51.82008015421481,9.973722287190249,7.0
2018-01-01 22:55:00,0.001,Off,0.0,0.0,35.18225007913463,51.0,45.44,2603.8006093197587,0,5.913987899807085,0.0,51.690877872662846,0.0,0.0,0.0,45.90966677217951,43.31746490586905,51.81680288130312,9.986792948049859,7.0
2018-01-01 22:56:00,0.001,Off,0.0,0.0,35.1795170925604,51.0,45.44,2603.8461938505598,0,5.9142588895403385,0.0,51.68358876126299,0.0,0.0,0.0,45.906022790080534,43.31483083462227,51.813525900539766,9.999849218108707,7.0
2018-01-01 22:57:00,0.001,Off,0.0,0.0,35.17678310159921,51.0,45.44,2603.8917300882226,0,5.914529621584262,0.0,51.67630488531134,0.0,0.0,0.0,45.902377468798946,43.31219697244928,51.81024921179088,10.012891118657318,7.0
2018-01-01 22:58:00,0.001,Off,0.0,0.0,35.17404810819963,51.0,45.44,2603.937218120691,0,5.914800096378366,0.0,51.66902623608828,0.0,0.0,0.0,45.89873081093283,43.30956331942691,51.806972814919156,10.025918670947652,7.0
2018-01-01 22:59:00,0.001,Off,0.0,0.0,35.1713121141941,51.0,45.44,2603.9826580357244,0,5.915070314361309,0.0,51.66175280489374,0.0,0.0,0.0,45.89508281892547,43.30692987563188,51.80369670978386,10.038931896193176,7.0
2018-01-01 23:00:00,0.001,Off,0.0,0.0,35.168575121419,51.0,45.44,2604.028049920895,0,5.915340275970907,0.0,51.654484583047164,0.0,0.0,0.0,45.891433495225336,43.30429664114072,51.80042089624091,10.051930815568953,7.0
2018-01-01 23:01:00,0.001,Off,0.0,0.0,35.181819771981786,51.0,45.44,2604.0733938635863,0,5.9156099816441285,0.0,51.76074779703701,0.0,0.0,0.0,45.90909302930905,43.30166361602984,51.79672250826151,10.064915450211712,7.0
2018-01-01 23:02:00,0.001,Off,0.0,0.0,35.17906276098705,51.0,45.44,2604.118689977567,0,5.915879431975169,0.0,51.753373586249715,0.0,0.0,0.0,45.9054170146494,43.299029577701596,51.793353208384964,10.077885821219924,7.0
2018-01-01 23:03:00,0.001,Off,0.0,0.0,35.17630478283526,51.0,45.44,2604.163938376283,0,5.916148627556636,0.0,51.746004730971286,0.0,0.0,0.0,45.90173971044701,43.29639575028503,51.7899842557781,10.09084194965388,7.0
2018-01-01 23:04:00,0.001,Off,0.0,0.0,35.17354583936273,51.0,45.44,2604.209139146359,0,5.916417568821867,0.0,51.7386412222325,0.0,0.0,0.0,45.89806111915031,43.29376213385411,51.78661564877947,10.103783856535772,7.0
2018-01-01 23:05:00,0.001,Off,0.0,0.0,35.17078593241936,51.0,45.44,2604.254292374232,0,5.916686256203361,0.0,51.731283051084404,0.0,0.0,0.0,45.89438124322582,43.2911287284827,51.783247385735166,10.116711562849762,7.0
2018-01-01 23:06:00,0.001,Off,0.0,0.0,35.16802506369446,51.0,45.44,2604.2993981461586,0,5.916954690132792,0.0,51.723930208598254,0.0,0.0,0.0,45.89070008492594,43.28849553424451,51.77987946499884,10.129625089542062,7.0
2018-01-01 23:07:00,0.001,Off,0.0,0.0,35.165263234977886,51.0,45.44,2604.34445654821,0,5.917222871041001,0.0,51.7165826858655,0.0,0.0,0.0,45.88701764663718,43.28586255121309,51.77651188493165,10.142524457521013,7.0
2018-01-01 23:08:00,0.001,Off,0.0,0.0,35.1625004481447,51.0,45.44,2604.3894676662762,0,5.917490799358001,0.0,51.70924047399767,0.0,0.0,0.0,45.88333393085959,43.28322977946191,51.77314464390223,10.155409687657155,7.0
2018-01-01 23:09:00,0.001,Off,0.0,0.0,35.1597367049035,51.0,45.44,2604.4344315860644,0,5.917758475512981,0.0,51.70190356412638,0.0,0.0,0.0,45.87964893987134,43.280597219064255,51.76977774028662,10.16828080078331,7.0
2018-01-01 23:10:00,0.001,Off,0.0,0.0,35.15697200705969,51.0,45.44,2604.4793483930994,0,5.918025899934302,0.0,51.694571947403276,0.0,0.0,0.0,45.87596267607959,43.277964870093285,51.76641117246835,10.181137817694648,7.0
2018-01-01 23:11:00,0.001,Off,0.0,0.0,35.15420635638384,51.0,45.44,2604.524218172725,0,5.918293073049506,0.0,51.68724561499993,0.0,0.0,0.0,45.872275141845115,43.275332732622026,51.763044938838284,10.193980759148774,7.0
2018-01-01 23:12:00,0.001,Off,0.0,0.0,35.15143975464258,51.0,45.44,2604.569041010104,0,5.918559995285314,0.0,51.67992455810786,0.0,0.0,0.0,45.86858633952344,43.272700806723385,51.75967903779465,10.206809645865794,7.0
2018-01-01 23:13:00,0.001,Off,0.0,0.0,35.14867220367423,51.0,45.44,2604.6138169902174,0,5.918826667067624,0.0,51.6726087679384,0.0,0.0,0.0,45.86489627156564,43.2700690924701,51.75631346774301,10.219624498528397,7.0
2018-01-01 23:14:00,0.001,Off,0.0,0.0,35.145903705142885,51.0,45.44,2604.658546197868,0,5.919093088821519,0.0,51.66529823572273,0.0,0.0,0.0,45.86120494019051,43.2674375899348,51.752948227096226,10.232425337781923,7.0
2018-01-01 23:15:00,0.001,Off,0.0,0.0,35.14313426090426,51.0,45.44,2604.703228717677,0,5.9193592609712615,0.0,51.65799295271178,0.0,0.0,0.0,45.85751234787235,43.26480629918996,51.749583314274425,10.245212184234441,7.0
2018-01-01 23:16:00,0.001,Off,0.0,0.0,35.14036387265147,51.0,45.44,2604.7478646340887,0,5.919625183940308,0.0,51.650692910176176,0.0,0.0,0.0,45.85381849686863,43.262175220307945,51.74621872770498,10.257985058456832,7.0
2018-01-01 23:17:00,0.001,Off,0.0,0.0,35.13759254218798,51.0,45.44,2604.792454031365,0,5.919890858151296,0.0,51.6433980994062,0.0,0.0,0.0,45.85012338958398,43.25954435336095,51.74285446582246,10.270743980982848,7.0
2018-01-01 23:18:00,0.001,Off,0.0,0.0,35.134820271286266,51.0,45.44,2604.8369969935925,0,5.920156284026053,0.0,51.63610851171175,0.0,0.0,0.0,45.84642702838169,43.25691369842108,51.73949052706865,10.283488972309197,7.0
2018-01-01 23:19:00,0.001,Off,0.0,0.0,35.13204706162595,51.0,45.44,2604.8814936046774,0,5.920421461985599,0.0,51.62882413842226,0.0,0.0,0.0,45.84272941550126,43.25428325556025,51.73612690989244,10.296220052895615,7.0
2018-01-01 23:20:00,0.001,Off,0.0,0.0,35.12927291506269,51.0,45.44,2604.9259439483485,0,5.9206863924501425,0.0,51.6215449708867,0.0,0.0,0.0,45.839030553416926,43.2516530248503,51.73276361274989,10.30893724316494,7.0
2018-01-01 23:21:00,0.001,Off,0.0,0.0,35.126497833268374,51.0,45.44,2604.9703481081606,0,5.920951075839092,0.0,51.61427100047347,0.0,0.0,0.0,45.83533044435784,43.2490230063629,51.729400634104124,10.321640563503188,7.0
2018-01-01 23:22:00,0.001,Off,0.0,0.0,35.123721818029026,51.0,45.44,2605.0147061674875,0,5.921215512571045,0.0,51.60700221857039,0.0,0.0,0.0,45.83162909070536,43.24639320016958,51.726037972425345,10.334330034259619,7.0
2018-01-01 23:23:00,0.001,Off,0.0,0.0,35.12094487112292,51.0,45.44,2605.0590182095275,0,5.9214797030638024,0.0,51.59973861658463,0.0,0.0,0.0,45.827926494830564,43.243763606341766,51.72267562619081,10.347005675746821,7.0
2018-01-01 23:24:00,0.001,Off,0.0,0.0,35.11816699421033,51.0,45.44,2605.1032843173048,0,5.921743647734358,0.0,51.592480185942655,0.0,0.0,0.0,45.8242226589471,43.24113422495072,51.719313593884756,10.359667508240777,7.0
2018-01-01 23:25:00,0.001,Off,0.0,0.0,35.115388189067595,51.0,45.44,2605.1475045736665,0,5.922007346998909,0.0,51.58522691809021,0.0,0.0,0.0,45.82051758542346,43.23850505606758,51.71595187399843,10.37231555198094,7.0
2018-01-01 23:26:00,0.001,Off,0.0,0.0,35.1242265559168,51.0,45.44,2605.191679061285,0,5.922270801272859,0.0,51.66054389096074,0.0,0.0,0.0,45.832302074555734,43.23587609976337,51.71259046503002,10.384949827170303,7.0
2018-01-01 23:27:00,0.001,Off,0.0,0.0,35.12142137974532,51.0,45.44,2605.235807862658,0,5.922534010970809,0.0,51.65313514289152,0.0,0.0,0.0,45.82856183966043,43.23324646732304,51.70922936547499,10.397570353975482,7.0
2018-01-01 23:28:00,0.001,Off,0.0,0.0,35.118615337730894,51.0,45.44,2605.2798910601077,0,5.922796976506568,0.0,51.645731920463696,0.0,0.0,0.0,45.82482045030786,43.23061704947903,51.70586857379729,10.410177152526776,7.0
2018-01-01 23:29:00,0.001,Off,0.0,0.0,35.11580843145249,51.0,45.44,2605.3239287357856,0,5.9230596982931525,0.0,51.63833421419549,0.0,0.0,0.0,45.82107790860332,43.22798784629756,51.702508088458536,10.422770242918249,7.0
2018-01-01 23:30:00,0.001,Off,0.0,0.0,35.11300066247748,51.0,45.44,2605.367920971665,0,5.923322176742789,0.0,51.630942014626896,0.0,0.0,0.0,45.817334216636645,43.22535885784477,51.69914790792765,10.435349645207797,7.0
2018-01-01 23:31:00,0.001,Off,0.0,0.0,35.110192032379054,51.0,45.44,2605.4118678495497,0,5.92358441226691,0.0,51.62355531231966,0.0,0.0,0.0,45.813589376505405,43.22273008418663,51.69578803068089,10.447915379417225,7.0
2018-01-01 23:32:00,0.001,Off,0.0,0.0,35.107382542736175,51.0,45.44,2605.4557694510704,0,5.9238464052761675,0.0,51.616174097857176,0.0,0.0,0.0,45.809843390314896,43.22010152538902,51.69242845520173,10.460467465532314,7.0
2018-01-01 23:33:00,0.001,Off,0.0,0.0,35.10457219517618,51.0,45.44,2605.4996258576844,0,5.924108156180423,0.0,51.60879836184445,0.0,0.0,0.0,45.80609626023491,43.21747318151772,51.68906917998092,10.473005923502901,7.0
2018-01-01 23:34:00,0.001,Off,0.0,0.0,35.10176099119682,51.0,45.44,2605.5434371506776,0,5.924369665388753,0.0,51.601428094908016,0.0,0.0,0.0,45.802347988262426,43.21484505263834,51.68571020351639,10.48553077324294,7.0
2018-01-01 23:35:00,0.001,Off,0.0,0.0,35.098948932400276,51.0,45.44,2605.587203411164,0,5.924630933309453,0.0,51.59406328769595,0.0,0.0,0.0,45.7985985765337,43.212217138816385,51.68235152431327,10.498042034630583,7.0
2018-01-01 23:36:00,0.001,Off,0.0,0.0,35.09613602033457,51.0,45.44,2605.6309247200875,0,5.924891960350036,0.0,51.58670393087773,0.0,0.0,0.0,45.794848027112764,43.209589440117284,51.67899314088381,10.510539727508249,7.0
2018-01-01 23:37:00,0.001,Off,0.0,0.0,35.09332225659999,51.0,45.44,2605.6746011582213,0,5.925152746917232,0.0,51.57935001514423,0.0,0.0,0.0,45.79109634213332,43.20696195660629,51.675635051747406,10.523023871682694,7.0
2018-01-01 23:38:00,0.001,Off,0.0,0.0,35.09050764272904,51.0,45.44,2605.7182328061676,0,5.925413293417,0.0,51.57200153120766,0.0,0.0,0.0,45.78734352363872,43.20433468834855,51.67227725543053,10.535494486925085,7.0
2018-01-01 23:39:00,0.001,Off,0.0,0.0,35.0876921803046,51.0,45.44,2605.7618197443594,0,5.925673600254519,0.0,51.56465846980151,0.0,0.0,0.0,45.78358957373947,43.20170763540911,51.66891975046671,10.547951592971064,7.0
2018-01-01 23:40:00,0.001,Off,0.0,0.0,35.08487587083597,51.0,45.44,2605.805362053059,0,5.925933667834191,0.0,51.55732082168046,0.0,0.0,0.0,45.77983449444796,43.199080797852886,51.6655625353965,10.56039520952083,7.0
2018-01-01 23:41:00,0.001,Off,0.0,0.0,35.08205871597568,51.0,45.44,2605.848859812361,0,5.926193496559647,0.0,51.5499885776204,0.0,0.0,0.0,45.77607828796757,43.19645417574467,51.66220560876746,10.572825356239205,7.0
2018-01-01 23:42:00,0.001,Off,0.0,0.0,35.07924071722144,51.0,45.44,2605.8923131021907,0,5.926453086833747,0.0,51.54266172841827,0.0,0.0,0.0,45.772320956295246,43.19382776914913,51.65884896913412,10.5852420527557,7.0
2018-01-01 23:43:00,0.001,Off,0.0,0.0,35.076421876086414,51.0,45.44,2605.935722002306,0,5.926712439058577,0.0,51.5353402648921,0.0,0.0,0.0,45.76856250144856,43.19120157813084,51.65549261505796,10.597645318664593,7.0
2018-01-01 23:44:00,0.001,Off,0.0,0.0,35.07360219420381,51.0,45.44,2605.9790865922964,0,5.926971553635458,0.0,51.52802417788093,0.0,0.0,0.0,45.764802925605075,43.18857560275424,51.65213654510737,10.610035173524995,7.0
2018-01-01 23:45:00,0.001,Off,0.0,0.0,35.07078167304031,51.0,45.44,2606.022406951582,0,5.927230430964944,0.0,51.52071345824472,0.0,0.0,0.0,45.76104223072041,43.18594984308364,51.64878075785762,10.62241163686092,7.0
2018-01-01 23:46:00,0.001,Off,0.0,0.0,35.06796031417498,51.0,45.44,2606.0656831594206,0,5.92748907144682,0.0,51.51340809686433,0.0,0.0,0.0,45.75728041889998,43.183324299183234,51.64542525189085,10.634774728161357,7.0
2018-01-01 23:47:00,0.001,Off,0.0,0.0,35.0651381192022,51.0,45.44,2606.108915294897,0,5.927747475480109,0.0,51.50610808464147,0.0,0.0,0.0,45.75351749226961,43.18069897111712,51.642070025796016,10.647124466880342,7.0
2018-01-01 23:48:00,0.001,Off,0.0,0.0,35.06231508958299,51.0,45.44,2606.152103436935,0,5.928005643463075,0.0,51.49881341249859,0.0,0.0,0.0,45.74975345277732,43.17807385894927,51.63871507816887,10.659460872437027,7.0
2018-01-01 23:49:00,0.001,Off,0.0,0.0,35.05949122693305,51.0,45.44,2606.1952476642896,0,5.928263575793215,0.0,51.491524071378926,0.0,0.0,0.0,45.7459883025774,43.1754489627435,51.635360407611955,10.671783964215741,7.0
2018-01-01 23:50:00,0.001,Off,0.0,0.0,35.05666653270946,51.0,45.44,2606.2383480555513,0,5.928521272867272,0.0,51.48424005224634,0.0,0.0,0.0,45.742222043612614,43.172824282563596,51.63200601273455,10.684093761566077,7.0
2018-01-01 23:51:00,0.001,Off,0.0,0.0,35.05384100851829,51.0,45.44,2606.2814046891467,0,5.92877873508123,0.0,51.476961346085346,0.0,0.0,0.0,45.73845467802438,43.1701998184731,51.62865189215265,10.696390283802943,7.0
2018-01-01 23:52:00,0.001,Off,0.0,0.0,35.051014655849535,51.0,45.44,2606.3244176433345,0,5.929035962830313,0.0,51.46968794390101,0.0,0.0,0.0,45.73468620779938,43.167575570535575,51.62529804448893,10.708673550206644,7.0
2018-01-01 23:53:00,0.001,Off,0.0,0.0,35.048187476243434,51.0,45.44,2606.3673869962104,0,5.929292956508996,0.0,51.46241983671891,0.0,0.0,0.0,45.730916634991246,43.16495153881435,51.621944468372746,10.720943580022944,7.0
2018-01-01 23:54:00,0.001,Off,0.0,0.0,35.045359471244176,51.0,45.44,2606.410312825708,0,5.929549716510999,0.0,51.455157015585094,0.0,0.0,0.0,45.7271459616589,43.16232772337272,51.618591162440076,10.733200392463138,7.0
2018-01-01 23:55:00,0.001,Off,0.0,0.0,35.0425306423301,51.0,45.44,2606.4531952095954,0,5.929806243229288,0.0,51.44789947156603,0.0,0.0,0.0,45.723374189773466,43.15970412427379,51.615238125333505,10.74544400670412,7.0
2018-01-01 23:56:00,0.001,Off,0.0,0.0,35.03970099107052,51.0,45.44,2606.496034225477,0,5.930062537056085,0.0,51.44064719574853,0.0,0.0,0.0,45.71960132142736,43.157080741580614,51.611885355702185,10.757674441888458,7.0
2018-01-01 23:57:00,0.001,Off,0.0,0.0,35.03687051904829,51.0,45.44,2606.5388299507963,0,5.930318598382853,0.0,51.4334001792397,0.0,0.0,0.0,45.71582735873106,43.15445757535609,51.60853285220184,10.76989171712445,7.0
2018-01-01 23:58:00,0.001,Off,0.0,0.0,35.03403922766824,51.0,45.44,2606.5815824628326,0,5.930574427600323,0.0,51.426158413166895,0.0,0.0,0.0,45.71205230355765,43.151834625663035,51.6051806134947,10.782095851486199,7.0
2018-01-01 23:59:00,0.001,Off,0.0,0.0,35.03120711848419,51.0,45.44,2606.6242918387043,0,5.9308300250984685,0.0,51.41892188867769,0.0,0.0,0.0,45.70827615797892,43.1492118925641,51.601828638249515,10.794286864013687,7.0
